===RUN_START 1===
[INFO] Scanning for projects...
[WARNING] 
[WARNING] Some problems were encountered while building the effective model for org.javadelight:delight-nashorn-sandbox:bundle:0.1.19-SNAPSHOT
[WARNING] 'build.plugins.plugin.version' for org.apache.maven.plugins:maven-compiler-plugin is missing. @ line 91, column 12
[WARNING] Reporting configuration should be done in <reporting> section, not in maven-site-plugin <configuration> as reportPlugins parameter. @ line 159, column 20
[WARNING] 
[WARNING] It is highly recommended to fix these problems because they threaten the stability of your build.
[WARNING] 
[WARNING] For this reason, future Maven versions might no longer support building such malformed projects.
[WARNING] 
[INFO] 
[INFO] --------------< org.javadelight:delight-nashorn-sandbox >---------------
[INFO] Building delight-nashorn-sandbox 0.1.19-SNAPSHOT
[INFO] -------------------------------[ bundle ]-------------------------------
[INFO] 
[INFO] --- maven-resources-plugin:3.2.0:resources (default-resources) @ delight-nashorn-sandbox ---
[WARNING] Using platform encoding (ANSI_X3.4-1968 actually) to copy filtered resources, i.e. build is platform dependent!
[INFO] Using 'null' encoding to copy filtered properties files.
[INFO] Copying 18 resources
[INFO] Copying 0 resource
[INFO] 
[INFO] --- maven-compiler-plugin:3.8.1:compile (default-compile) @ delight-nashorn-sandbox ---
[INFO] Nothing to compile - all classes are up to date
[INFO] 
[INFO] --- maven-resources-plugin:3.2.0:testResources (default-testResources) @ delight-nashorn-sandbox ---
[WARNING] Using platform encoding (ANSI_X3.4-1968 actually) to copy filtered resources, i.e. build is platform dependent!
[INFO] Using 'null' encoding to copy filtered properties files.
[INFO] Copying 1 resource
[INFO] 
[INFO] --- maven-compiler-plugin:3.8.1:testCompile (default-testCompile) @ delight-nashorn-sandbox ---
[INFO] Changes detected - recompiling the module!
[WARNING] File encoding has not been set, using platform encoding ANSI_X3.4-1968, i.e. build is platform dependent!
[INFO] Compiling 35 source files to /home/throttling/javadelight/delight-nashorn-sandbox/target/test-classes
[INFO] 
[INFO] --- maven-surefire-plugin:3.0.0-M5:test (default-test) @ delight-nashorn-sandbox ---
[INFO] 
[INFO] -------------------------------------------------------
[INFO]  T E S T S
[INFO] -------------------------------------------------------
[INFO] Running delight.nashornsandbox.internal.ThreadMonitorTest
[INFO] Tests run: 1, Failures: 0, Errors: 0, Skipped: 0, Time elapsed: 0.065 s - in delight.nashornsandbox.internal.ThreadMonitorTest
[INFO] Running delight.nashornsandbox.internal.JsSanitizerTest
t1test
[INFO] Tests run: 7, Failures: 0, Errors: 0, Skipped: 0, Time elapsed: 10.538 s - in delight.nashornsandbox.internal.JsSanitizerTest
[INFO] Running delight.nashornsandbox.TestSwitch
[INFO] Tests run: 1, Failures: 0, Errors: 0, Skipped: 0, Time elapsed: 0.331 s - in delight.nashornsandbox.TestSwitch
[INFO] Running delight.nashornsandbox.TestSimpleEval
[INFO] Tests run: 1, Failures: 0, Errors: 0, Skipped: 0, Time elapsed: 0.219 s - in delight.nashornsandbox.TestSimpleEval
[INFO] Running delight.nashornsandbox.TestSetWriter
[INFO] Tests run: 1, Failures: 0, Errors: 0, Skipped: 0, Time elapsed: 0.215 s - in delight.nashornsandbox.TestSetWriter
[INFO] Running delight.nashornsandbox.TestScriptInterruptionAndCatch
[INFO] Tests run: 1, Failures: 0, Errors: 0, Skipped: 0, Time elapsed: 0.286 s - in delight.nashornsandbox.TestScriptInterruptionAndCatch
[INFO] Running delight.nashornsandbox.TestRemoveComments
[INFO] Tests run: 1, Failures: 0, Errors: 0, Skipped: 0, Time elapsed: 0.004 s - in delight.nashornsandbox.TestRemoveComments
[INFO] Running delight.nashornsandbox.TestMemoryLimit
0    [main] ERROR delight.nashornsandbox.NashornSandbox  - ThreadMonitor: Thread hard shutdown!
[INFO] Tests run: 4, Failures: 0, Errors: 0, Skipped: 0, Time elapsed: 1.999 s - in delight.nashornsandbox.TestMemoryLimit
[INFO] Running delight.nashornsandbox.TestManyEvalsAndInjections
[INFO] Tests run: 1, Failures: 0, Errors: 0, Skipped: 0, Time elapsed: 0.534 s - in delight.nashornsandbox.TestManyEvalsAndInjections
[INFO] Running delight.nashornsandbox.TestLimitCPU
2888 [main] ERROR delight.nashornsandbox.NashornSandbox  - ThreadMonitor: Thread hard shutdown!
3365 [main] ERROR delight.nashornsandbox.NashornSandbox  - ThreadMonitor: Thread hard shutdown!
3780 [main] ERROR delight.nashornsandbox.NashornSandbox  - ThreadMonitor: Thread hard shutdown!
[INFO] Tests run: 12, Failures: 0, Errors: 0, Skipped: 0, Time elapsed: 10.27 s - in delight.nashornsandbox.TestLimitCPU
[INFO] Running delight.nashornsandbox.TestKeepVariables
[INFO] Tests run: 1, Failures: 0, Errors: 0, Skipped: 0, Time elapsed: 0.154 s - in delight.nashornsandbox.TestKeepVariables
[INFO] Running delight.nashornsandbox.TestIssue57
[INFO] Tests run: 1, Failures: 0, Errors: 0, Skipped: 0, Time elapsed: 0.043 s - in delight.nashornsandbox.TestIssue57
[INFO] Running delight.nashornsandbox.TestIssue54
[INFO] Tests run: 1, Failures: 0, Errors: 0, Skipped: 0, Time elapsed: 0.263 s - in delight.nashornsandbox.TestIssue54
[INFO] Running delight.nashornsandbox.TestIssue47
[INFO] Tests run: 2, Failures: 0, Errors: 0, Skipped: 0, Time elapsed: 0.347 s - in delight.nashornsandbox.TestIssue47
[INFO] Running delight.nashornsandbox.TestIssue40_ScriptEngineParameters
[INFO] Tests run: 1, Failures: 0, Errors: 0, Skipped: 0, Time elapsed: 0.138 s - in delight.nashornsandbox.TestIssue40_ScriptEngineParameters
[INFO] Running delight.nashornsandbox.TestIssue36
[INFO] Tests run: 1, Failures: 0, Errors: 0, Skipped: 0, Time elapsed: 0.151 s - in delight.nashornsandbox.TestIssue36
[INFO] Running delight.nashornsandbox.TestIssue34
[INFO] Tests run: 6, Failures: 0, Errors: 0, Skipped: 0, Time elapsed: 1.022 s - in delight.nashornsandbox.TestIssue34
[INFO] Running delight.nashornsandbox.TestInvocable
[INFO] Tests run: 2, Failures: 0, Errors: 0, Skipped: 0, Time elapsed: 0.296 s - in delight.nashornsandbox.TestInvocable
[INFO] Running delight.nashornsandbox.TestInaccessible
[INFO] Tests run: 2, Failures: 0, Errors: 0, Skipped: 0, Time elapsed: 0.256 s - in delight.nashornsandbox.TestInaccessible
[INFO] Running delight.nashornsandbox.TestIfElse
[INFO] Tests run: 1, Failures: 0, Errors: 0, Skipped: 0, Time elapsed: 0.355 s - in delight.nashornsandbox.TestIfElse
[INFO] Running delight.nashornsandbox.TestGlobalVariable
[INFO] Tests run: 1, Failures: 0, Errors: 0, Skipped: 0, Time elapsed: 0.247 s - in delight.nashornsandbox.TestGlobalVariable
[INFO] Running delight.nashornsandbox.TestGetFunction
[INFO] Tests run: 1, Failures: 0, Errors: 0, Skipped: 0, Time elapsed: 0.865 s - in delight.nashornsandbox.TestGetFunction
[INFO] Running delight.nashornsandbox.TestExit
[WARNING] Tests run: 4, Failures: 0, Errors: 0, Skipped: 1, Time elapsed: 0.495 s - in delight.nashornsandbox.TestExit
[INFO] Running delight.nashornsandbox.TestExceptions
[INFO] Tests run: 4, Failures: 0, Errors: 0, Skipped: 0, Time elapsed: 0.407 s - in delight.nashornsandbox.TestExceptions
[INFO] Running delight.nashornsandbox.TestEvalWithScriptContextWithVariables
[INFO] Tests run: 2, Failures: 0, Errors: 0, Skipped: 0, Time elapsed: 0.35 s - in delight.nashornsandbox.TestEvalWithScriptContextWithVariables
[INFO] Running delight.nashornsandbox.TestEvalWithScriptContextWithNewBindings
[INFO] Tests run: 4, Failures: 0, Errors: 0, Skipped: 0, Time elapsed: 0.483 s - in delight.nashornsandbox.TestEvalWithScriptContextWithNewBindings
[INFO] Running delight.nashornsandbox.TestEvalWithScriptContext
[INFO] Tests run: 2, Failures: 0, Errors: 0, Skipped: 0, Time elapsed: 0.269 s - in delight.nashornsandbox.TestEvalWithScriptContext
[INFO] Running delight.nashornsandbox.TestEvalWithScriptBindings
[INFO] Tests run: 2, Failures: 0, Errors: 0, Skipped: 0, Time elapsed: 0.365 s - in delight.nashornsandbox.TestEvalWithScriptBindings
[INFO] Running delight.nashornsandbox.TestCustomCache
[INFO] Tests run: 1, Failures: 0, Errors: 0, Skipped: 0, Time elapsed: 0.098 s - in delight.nashornsandbox.TestCustomCache
[INFO] Running delight.nashornsandbox.TestClassForName
[INFO] Tests run: 2, Failures: 0, Errors: 0, Skipped: 0, Time elapsed: 0.728 s - in delight.nashornsandbox.TestClassForName
[INFO] Running delight.nashornsandbox.TestBuiltInObjectsAccess
[INFO] Tests run: 1, Failures: 0, Errors: 0, Skipped: 0, Time elapsed: 0.357 s - in delight.nashornsandbox.TestBuiltInObjectsAccess
[INFO] Running delight.nashornsandbox.TestBindingsInsert
[WARNING] Tests run: 4, Failures: 0, Errors: 0, Skipped: 1, Time elapsed: 1.299 s - in delight.nashornsandbox.TestBindingsInsert
[INFO] Running delight.nashornsandbox.TestAllowAndDisallowClasses
[INFO] Tests run: 1, Failures: 0, Errors: 0, Skipped: 0, Time elapsed: 0.122 s - in delight.nashornsandbox.TestAllowAndDisallowClasses
[INFO] Running delight.nashornsandbox.TestAllowAccess
[INFO] Tests run: 1, Failures: 0, Errors: 0, Skipped: 0, Time elapsed: 0.099 s - in delight.nashornsandbox.TestAllowAccess
[INFO] Running delight.nashornsandbox.TestAccessFunction
[INFO] Tests run: 1, Failures: 0, Errors: 0, Skipped: 0, Time elapsed: 0.104 s - in delight.nashornsandbox.TestAccessFunction
[INFO] 
[INFO] Results:
[INFO] 
[WARNING] Tests run: 79, Failures: 0, Errors: 0, Skipped: 2
[INFO] 
[INFO] ------------------------------------------------------------------------
[INFO] BUILD SUCCESS
[INFO] ------------------------------------------------------------------------
[INFO] Total time: 55.162 s
[INFO] Finished at: 2026-09-16T05:53:15Z
[INFO] ------------------------------------------------------------------------
===MVN_EXIT 0===
<?xml version="1.0" encoding="UTF-8"?>
<testsuite xmlns:xsi="http://www.w3.org/2001/XMLSchema-instance" xsi:noNamespaceSchemaLocation="https://maven.apache.org/surefire/maven-surefire-plugin/xsd/surefire-test-report-3.0.xsd" version="3.0" name="delight.nashornsandbox.TestEvalWithScriptContextWithNewBindings" time="0.483" tests="4" errors="0" skipped="0" failures="0">
  <properties>
    <property name="warbucks.skip" value="true"/>
    <property name="awt.toolkit" value="sun.awt.X11.XToolkit"/>
    <property name="file.encoding.pkg" value="sun.io"/>
    <property name="java.specification.version" value="1.8"/>
    <property name="sun.cpu.isalist" value=""/>
    <property name="sun.jnu.encoding" value="ANSI_X3.4-1968"/>
    <property name="java.class.path" value="/home/throttling/javadelight/delight-nashorn-sandbox/target/test-classes:/home/throttling/javadelight/delight-nashorn-sandbox/target/classes:/home/throttling/deps/org/slf4j/slf4j-api/1.7.25/slf4j-api-1.7.25.jar:/home/throttling/deps/org/webjars/bower/js-beautify/1.6.12/js-beautify-1.6.12.jar:/home/throttling/deps/junit/junit/4.7/junit-4.7.jar:/home/throttling/deps/org/slf4j/slf4j-log4j12/1.7.25/slf4j-log4j12-1.7.25.jar:/home/throttling/deps/log4j/log4j/1.2.17/log4j-1.2.17.jar:"/>
    <property name="java.vm.vendor" value="Private Build"/>
    <property name="maven.javadoc.skip" value="true"/>
    <property name="sun.arch.data.model" value="64"/>
    <property name="java.vendor.url" value="http://java.oracle.com/"/>
    <property name="user.timezone" value="GMT"/>
    <property name="os.name" value="Linux"/>
    <property name="java.vm.specification.version" value="1.8"/>
    <property name="rat.skip" value="true"/>
    <property name="gpg.skip" value="true"/>
    <property name="sun.java.launcher" value="SUN_STANDARD"/>
    <property name="user.country" value="US"/>
    <property name="sun.boot.library.path" value="/usr/lib/jvm/java-8-openjdk-amd64/jre/lib/amd64"/>
    <property name="dependency-check.skip" value="true"/>
    <property name="sun.java.command" value="/home/throttling/javadelight/delight-nashorn-sandbox/target/surefire/surefirebooter70253542056563330.jar /home/throttling/javadelight/delight-nashorn-sandbox/target/surefire 2026-09-16T05-52-38_912-jvmRun1 surefire1362003314166811997tmp surefire_01127640919597696183tmp"/>
    <property name="surefire.test.class.path" value="/home/throttling/javadelight/delight-nashorn-sandbox/target/test-classes:/home/throttling/javadelight/delight-nashorn-sandbox/target/classes:/home/throttling/deps/org/slf4j/slf4j-api/1.7.25/slf4j-api-1.7.25.jar:/home/throttling/deps/org/webjars/bower/js-beautify/1.6.12/js-beautify-1.6.12.jar:/home/throttling/deps/junit/junit/4.7/junit-4.7.jar:/home/throttling/deps/org/slf4j/slf4j-log4j12/1.7.25/slf4j-log4j12-1.7.25.jar:/home/throttling/deps/log4j/log4j/1.2.17/log4j-1.2.17.jar:"/>
    <property name="sun.cpu.endian" value="little"/>
    <property name="user.home" value="/root"/>
    <property name="user.language" value="en"/>
    <property name="skip.installnodenpm" value="true"/>
    <property name="java.specification.vendor" value="Oracle Corporation"/>
    <property name="java.home" value="/usr/lib/jvm/java-8-openjdk-amd64/jre"/>
    <property name="modernizer.skip" value="true"/>
    <property name="file.separator" value="/"/>
    <property name="basedir" value="/home/throttling/javadelight/delight-nashorn-sandbox"/>
    <property name="checkstyle.skip" value="true"/>
    <property name="line.separator" value="&#10;"/>
    <property name="skip.npm" value="true"/>
    <property name="java.vm.specification.vendor" value="Oracle Corporation"/>
    <property name="java.specification.name" value="Java Platform API Specification"/>
    <property name="java.awt.graphicsenv" value="sun.awt.X11GraphicsEnvironment"/>
    <property name="mdep.analyze.skip" value="true"/>
    <property name="surefire.real.class.path" value="/home/throttling/javadelight/delight-nashorn-sandbox/target/surefire/surefirebooter70253542056563330.jar"/>
    <property name="cobertura.skip" value="true"/>
    <property name="sun.boot.class.path" value="/usr/lib/jvm/java-8-openjdk-amd64/jre/lib/resources.jar:/usr/lib/jvm/java-8-openjdk-amd64/jre/lib/rt.jar:/usr/lib/jvm/java-8-openjdk-amd64/jre/lib/sunrsasign.jar:/usr/lib/jvm/java-8-openjdk-amd64/jre/lib/jsse.jar:/usr/lib/jvm/java-8-openjdk-amd64/jre/lib/jce.jar:/usr/lib/jvm/java-8-openjdk-amd64/jre/lib/charsets.jar:/usr/lib/jvm/java-8-openjdk-amd64/jre/lib/jfr.jar:/usr/lib/jvm/java-8-openjdk-amd64/jre/classes"/>
    <property name="sun.management.compiler" value="HotSpot 64-Bit Tiered Compilers"/>
    <property name="java.runtime.version" value="1.8.0_292-8u292-b10-0ubuntu1~18.04-b10"/>
    <property name="user.name" value="root"/>
    <property name="findbugs.skip" value="true"/>
    <property name="path.separator" value=":"/>
    <property name="os.version" value="6.4.16-linuxkit"/>
    <property name="java.endorsed.dirs" value="/usr/lib/jvm/java-8-openjdk-amd64/jre/lib/endorsed"/>
    <property name="java.runtime.name" value="OpenJDK Runtime Environment"/>
    <property name="file.encoding" value="ANSI_X3.4-1968"/>
    <property name="java.vm.name" value="OpenJDK 64-Bit Server VM"/>
    <property name="localRepository" value="/home/throttling/deps"/>
    <property name="java.vendor.url.bug" value="http://bugreport.sun.com/bugreport/"/>
    <property name="java.io.tmpdir" value="/tmp"/>
    <property name="java.version" value="1.8.0_292"/>
    <property name="surefire.runOrder" value="reversealphabetical"/>
    <property name="user.dir" value="/home/throttling/javadelight/delight-nashorn-sandbox"/>
    <property name="os.arch" value="amd64"/>
    <property name="license.skip" value="true"/>
    <property name="animal.sniffer.skip" value="true"/>
    <property name="java.vm.specification.name" value="Java Virtual Machine Specification"/>
    <property name="java.awt.printerjob" value="sun.print.PSPrinterJob"/>
    <property name="xml.skip" value="true"/>
    <property name="failIfNoTests" value="false"/>
    <property name="sun.os.patch.level" value="unknown"/>
    <property name="java.library.path" value="/usr/java/packages/lib/amd64:/usr/lib/x86_64-linux-gnu/jni:/lib/x86_64-linux-gnu:/usr/lib/x86_64-linux-gnu:/usr/lib/jni:/lib:/usr/lib"/>
    <property name="java.vendor" value="Private Build"/>
    <property name="java.vm.info" value="mixed mode"/>
    <property name="java.vm.version" value="25.292-b10"/>
    <property name="impsort.skip" value="true"/>
    <property name="sun.io.unicode.encoding" value="UnicodeLittle"/>
    <property name="java.ext.dirs" value="/usr/lib/jvm/java-8-openjdk-amd64/jre/lib/ext:/usr/java/packages/lib/ext"/>
    <property name="maven.repo.local" value="/home/throttling/deps"/>
    <property name="enforcer.skip" value="true"/>
    <property name="skip.yarn" value="true"/>
    <property name="java.class.version" value="52.0"/>
    <property name="pgpverify.skip" value="true"/>
  </properties>
  <testcase name="testWithNewBindings" classname="delight.nashornsandbox.TestEvalWithScriptContextWithNewBindings" time="0.135"/>
  <testcase name="testWithNewSimpleBindings" classname="delight.nashornsandbox.TestEvalWithScriptContextWithNewBindings" time="0.107"/>
  <testcase name="testWithNewBindingsScriptContext" classname="delight.nashornsandbox.TestEvalWithScriptContextWithNewBindings" time="0.12"/>
  <testcase name="testWithExistingBindings" classname="delight.nashornsandbox.TestEvalWithScriptContextWithNewBindings" time="0.117"/>
</testsuite><?xml version="1.0" encoding="UTF-8"?>
<testsuite xmlns:xsi="http://www.w3.org/2001/XMLSchema-instance" xsi:noNamespaceSchemaLocation="https://maven.apache.org/surefire/maven-surefire-plugin/xsd/surefire-test-report-3.0.xsd" version="3.0" name="delight.nashornsandbox.TestRemoveComments" time="0.004" tests="1" errors="0" skipped="0" failures="0">
  <properties>
    <property name="warbucks.skip" value="true"/>
    <property name="awt.toolkit" value="sun.awt.X11.XToolkit"/>
    <property name="file.encoding.pkg" value="sun.io"/>
    <property name="java.specification.version" value="1.8"/>
    <property name="sun.cpu.isalist" value=""/>
    <property name="sun.jnu.encoding" value="ANSI_X3.4-1968"/>
    <property name="java.class.path" value="/home/throttling/javadelight/delight-nashorn-sandbox/target/test-classes:/home/throttling/javadelight/delight-nashorn-sandbox/target/classes:/home/throttling/deps/org/slf4j/slf4j-api/1.7.25/slf4j-api-1.7.25.jar:/home/throttling/deps/org/webjars/bower/js-beautify/1.6.12/js-beautify-1.6.12.jar:/home/throttling/deps/junit/junit/4.7/junit-4.7.jar:/home/throttling/deps/org/slf4j/slf4j-log4j12/1.7.25/slf4j-log4j12-1.7.25.jar:/home/throttling/deps/log4j/log4j/1.2.17/log4j-1.2.17.jar:"/>
    <property name="java.vm.vendor" value="Private Build"/>
    <property name="maven.javadoc.skip" value="true"/>
    <property name="sun.arch.data.model" value="64"/>
    <property name="java.vendor.url" value="http://java.oracle.com/"/>
    <property name="user.timezone" value="GMT"/>
    <property name="os.name" value="Linux"/>
    <property name="java.vm.specification.version" value="1.8"/>
    <property name="rat.skip" value="true"/>
    <property name="gpg.skip" value="true"/>
    <property name="sun.java.launcher" value="SUN_STANDARD"/>
    <property name="user.country" value="US"/>
    <property name="sun.boot.library.path" value="/usr/lib/jvm/java-8-openjdk-amd64/jre/lib/amd64"/>
    <property name="dependency-check.skip" value="true"/>
    <property name="sun.java.command" value="/home/throttling/javadelight/delight-nashorn-sandbox/target/surefire/surefirebooter70253542056563330.jar /home/throttling/javadelight/delight-nashorn-sandbox/target/surefire 2026-09-16T05-52-38_912-jvmRun1 surefire1362003314166811997tmp surefire_01127640919597696183tmp"/>
    <property name="surefire.test.class.path" value="/home/throttling/javadelight/delight-nashorn-sandbox/target/test-classes:/home/throttling/javadelight/delight-nashorn-sandbox/target/classes:/home/throttling/deps/org/slf4j/slf4j-api/1.7.25/slf4j-api-1.7.25.jar:/home/throttling/deps/org/webjars/bower/js-beautify/1.6.12/js-beautify-1.6.12.jar:/home/throttling/deps/junit/junit/4.7/junit-4.7.jar:/home/throttling/deps/org/slf4j/slf4j-log4j12/1.7.25/slf4j-log4j12-1.7.25.jar:/home/throttling/deps/log4j/log4j/1.2.17/log4j-1.2.17.jar:"/>
    <property name="sun.cpu.endian" value="little"/>
    <property name="user.home" value="/root"/>
    <property name="user.language" value="en"/>
    <property name="skip.installnodenpm" value="true"/>
    <property name="java.specification.vendor" value="Oracle Corporation"/>
    <property name="java.home" value="/usr/lib/jvm/java-8-openjdk-amd64/jre"/>
    <property name="modernizer.skip" value="true"/>
    <property name="file.separator" value="/"/>
    <property name="basedir" value="/home/throttling/javadelight/delight-nashorn-sandbox"/>
    <property name="checkstyle.skip" value="true"/>
    <property name="line.separator" value="&#10;"/>
    <property name="skip.npm" value="true"/>
    <property name="java.vm.specification.vendor" value="Oracle Corporation"/>
    <property name="java.specification.name" value="Java Platform API Specification"/>
    <property name="java.awt.graphicsenv" value="sun.awt.X11GraphicsEnvironment"/>
    <property name="mdep.analyze.skip" value="true"/>
    <property name="surefire.real.class.path" value="/home/throttling/javadelight/delight-nashorn-sandbox/target/surefire/surefirebooter70253542056563330.jar"/>
    <property name="cobertura.skip" value="true"/>
    <property name="sun.boot.class.path" value="/usr/lib/jvm/java-8-openjdk-amd64/jre/lib/resources.jar:/usr/lib/jvm/java-8-openjdk-amd64/jre/lib/rt.jar:/usr/lib/jvm/java-8-openjdk-amd64/jre/lib/sunrsasign.jar:/usr/lib/jvm/java-8-openjdk-amd64/jre/lib/jsse.jar:/usr/lib/jvm/java-8-openjdk-amd64/jre/lib/jce.jar:/usr/lib/jvm/java-8-openjdk-amd64/jre/lib/charsets.jar:/usr/lib/jvm/java-8-openjdk-amd64/jre/lib/jfr.jar:/usr/lib/jvm/java-8-openjdk-amd64/jre/classes"/>
    <property name="sun.management.compiler" value="HotSpot 64-Bit Tiered Compilers"/>
    <property name="java.runtime.version" value="1.8.0_292-8u292-b10-0ubuntu1~18.04-b10"/>
    <property name="user.name" value="root"/>
    <property name="findbugs.skip" value="true"/>
    <property name="path.separator" value=":"/>
    <property name="os.version" value="6.4.16-linuxkit"/>
    <property name="java.endorsed.dirs" value="/usr/lib/jvm/java-8-openjdk-amd64/jre/lib/endorsed"/>
    <property name="java.runtime.name" value="OpenJDK Runtime Environment"/>
    <property name="file.encoding" value="ANSI_X3.4-1968"/>
    <property name="java.vm.name" value="OpenJDK 64-Bit Server VM"/>
    <property name="localRepository" value="/home/throttling/deps"/>
    <property name="java.vendor.url.bug" value="http://bugreport.sun.com/bugreport/"/>
    <property name="java.io.tmpdir" value="/tmp"/>
    <property name="java.version" value="1.8.0_292"/>
    <property name="surefire.runOrder" value="reversealphabetical"/>
    <property name="user.dir" value="/home/throttling/javadelight/delight-nashorn-sandbox"/>
    <property name="os.arch" value="amd64"/>
    <property name="license.skip" value="true"/>
    <property name="animal.sniffer.skip" value="true"/>
    <property name="java.vm.specification.name" value="Java Virtual Machine Specification"/>
    <property name="java.awt.printerjob" value="sun.print.PSPrinterJob"/>
    <property name="xml.skip" value="true"/>
    <property name="failIfNoTests" value="false"/>
    <property name="sun.os.patch.level" value="unknown"/>
    <property name="java.library.path" value="/usr/java/packages/lib/amd64:/usr/lib/x86_64-linux-gnu/jni:/lib/x86_64-linux-gnu:/usr/lib/x86_64-linux-gnu:/usr/lib/jni:/lib:/usr/lib"/>
    <property name="java.vendor" value="Private Build"/>
    <property name="java.vm.info" value="mixed mode"/>
    <property name="java.vm.version" value="25.292-b10"/>
    <property name="impsort.skip" value="true"/>
    <property name="sun.io.unicode.encoding" value="UnicodeLittle"/>
    <property name="java.ext.dirs" value="/usr/lib/jvm/java-8-openjdk-amd64/jre/lib/ext:/usr/java/packages/lib/ext"/>
    <property name="maven.repo.local" value="/home/throttling/deps"/>
    <property name="enforcer.skip" value="true"/>
    <property name="skip.yarn" value="true"/>
    <property name="java.class.version" value="52.0"/>
    <property name="pgpverify.skip" value="true"/>
  </properties>
  <testcase name="test" classname="delight.nashornsandbox.TestRemoveComments" time="0"/>
</testsuite><?xml version="1.0" encoding="UTF-8"?>
<testsuite xmlns:xsi="http://www.w3.org/2001/XMLSchema-instance" xsi:noNamespaceSchemaLocation="https://maven.apache.org/surefire/maven-surefire-plugin/xsd/surefire-test-report-3.0.xsd" version="3.0" name="delight.nashornsandbox.TestIssue34" time="1.022" tests="6" errors="0" skipped="0" failures="0">
  <properties>
    <property name="warbucks.skip" value="true"/>
    <property name="awt.toolkit" value="sun.awt.X11.XToolkit"/>
    <property name="file.encoding.pkg" value="sun.io"/>
    <property name="java.specification.version" value="1.8"/>
    <property name="sun.cpu.isalist" value=""/>
    <property name="sun.jnu.encoding" value="ANSI_X3.4-1968"/>
    <property name="java.class.path" value="/home/throttling/javadelight/delight-nashorn-sandbox/target/test-classes:/home/throttling/javadelight/delight-nashorn-sandbox/target/classes:/home/throttling/deps/org/slf4j/slf4j-api/1.7.25/slf4j-api-1.7.25.jar:/home/throttling/deps/org/webjars/bower/js-beautify/1.6.12/js-beautify-1.6.12.jar:/home/throttling/deps/junit/junit/4.7/junit-4.7.jar:/home/throttling/deps/org/slf4j/slf4j-log4j12/1.7.25/slf4j-log4j12-1.7.25.jar:/home/throttling/deps/log4j/log4j/1.2.17/log4j-1.2.17.jar:"/>
    <property name="java.vm.vendor" value="Private Build"/>
    <property name="maven.javadoc.skip" value="true"/>
    <property name="sun.arch.data.model" value="64"/>
    <property name="java.vendor.url" value="http://java.oracle.com/"/>
    <property name="user.timezone" value="GMT"/>
    <property name="os.name" value="Linux"/>
    <property name="java.vm.specification.version" value="1.8"/>
    <property name="rat.skip" value="true"/>
    <property name="gpg.skip" value="true"/>
    <property name="sun.java.launcher" value="SUN_STANDARD"/>
    <property name="user.country" value="US"/>
    <property name="sun.boot.library.path" value="/usr/lib/jvm/java-8-openjdk-amd64/jre/lib/amd64"/>
    <property name="dependency-check.skip" value="true"/>
    <property name="sun.java.command" value="/home/throttling/javadelight/delight-nashorn-sandbox/target/surefire/surefirebooter70253542056563330.jar /home/throttling/javadelight/delight-nashorn-sandbox/target/surefire 2026-09-16T05-52-38_912-jvmRun1 surefire1362003314166811997tmp surefire_01127640919597696183tmp"/>
    <property name="surefire.test.class.path" value="/home/throttling/javadelight/delight-nashorn-sandbox/target/test-classes:/home/throttling/javadelight/delight-nashorn-sandbox/target/classes:/home/throttling/deps/org/slf4j/slf4j-api/1.7.25/slf4j-api-1.7.25.jar:/home/throttling/deps/org/webjars/bower/js-beautify/1.6.12/js-beautify-1.6.12.jar:/home/throttling/deps/junit/junit/4.7/junit-4.7.jar:/home/throttling/deps/org/slf4j/slf4j-log4j12/1.7.25/slf4j-log4j12-1.7.25.jar:/home/throttling/deps/log4j/log4j/1.2.17/log4j-1.2.17.jar:"/>
    <property name="sun.cpu.endian" value="little"/>
    <property name="user.home" value="/root"/>
    <property name="user.language" value="en"/>
    <property name="skip.installnodenpm" value="true"/>
    <property name="java.specification.vendor" value="Oracle Corporation"/>
    <property name="java.home" value="/usr/lib/jvm/java-8-openjdk-amd64/jre"/>
    <property name="modernizer.skip" value="true"/>
    <property name="file.separator" value="/"/>
    <property name="basedir" value="/home/throttling/javadelight/delight-nashorn-sandbox"/>
    <property name="checkstyle.skip" value="true"/>
    <property name="line.separator" value="&#10;"/>
    <property name="skip.npm" value="true"/>
    <property name="java.vm.specification.vendor" value="Oracle Corporation"/>
    <property name="java.specification.name" value="Java Platform API Specification"/>
    <property name="java.awt.graphicsenv" value="sun.awt.X11GraphicsEnvironment"/>
    <property name="mdep.analyze.skip" value="true"/>
    <property name="surefire.real.class.path" value="/home/throttling/javadelight/delight-nashorn-sandbox/target/surefire/surefirebooter70253542056563330.jar"/>
    <property name="cobertura.skip" value="true"/>
    <property name="sun.boot.class.path" value="/usr/lib/jvm/java-8-openjdk-amd64/jre/lib/resources.jar:/usr/lib/jvm/java-8-openjdk-amd64/jre/lib/rt.jar:/usr/lib/jvm/java-8-openjdk-amd64/jre/lib/sunrsasign.jar:/usr/lib/jvm/java-8-openjdk-amd64/jre/lib/jsse.jar:/usr/lib/jvm/java-8-openjdk-amd64/jre/lib/jce.jar:/usr/lib/jvm/java-8-openjdk-amd64/jre/lib/charsets.jar:/usr/lib/jvm/java-8-openjdk-amd64/jre/lib/jfr.jar:/usr/lib/jvm/java-8-openjdk-amd64/jre/classes"/>
    <property name="sun.management.compiler" value="HotSpot 64-Bit Tiered Compilers"/>
    <property name="java.runtime.version" value="1.8.0_292-8u292-b10-0ubuntu1~18.04-b10"/>
    <property name="user.name" value="root"/>
    <property name="findbugs.skip" value="true"/>
    <property name="path.separator" value=":"/>
    <property name="os.version" value="6.4.16-linuxkit"/>
    <property name="java.endorsed.dirs" value="/usr/lib/jvm/java-8-openjdk-amd64/jre/lib/endorsed"/>
    <property name="java.runtime.name" value="OpenJDK Runtime Environment"/>
    <property name="file.encoding" value="ANSI_X3.4-1968"/>
    <property name="java.vm.name" value="OpenJDK 64-Bit Server VM"/>
    <property name="localRepository" value="/home/throttling/deps"/>
    <property name="java.vendor.url.bug" value="http://bugreport.sun.com/bugreport/"/>
    <property name="java.io.tmpdir" value="/tmp"/>
    <property name="java.version" value="1.8.0_292"/>
    <property name="surefire.runOrder" value="reversealphabetical"/>
    <property name="user.dir" value="/home/throttling/javadelight/delight-nashorn-sandbox"/>
    <property name="os.arch" value="amd64"/>
    <property name="license.skip" value="true"/>
    <property name="animal.sniffer.skip" value="true"/>
    <property name="java.vm.specification.name" value="Java Virtual Machine Specification"/>
    <property name="java.awt.printerjob" value="sun.print.PSPrinterJob"/>
    <property name="xml.skip" value="true"/>
    <property name="failIfNoTests" value="false"/>
    <property name="sun.os.patch.level" value="unknown"/>
    <property name="java.library.path" value="/usr/java/packages/lib/amd64:/usr/lib/x86_64-linux-gnu/jni:/lib/x86_64-linux-gnu:/usr/lib/x86_64-linux-gnu:/usr/lib/jni:/lib:/usr/lib"/>
    <property name="java.vendor" value="Private Build"/>
    <property name="java.vm.info" value="mixed mode"/>
    <property name="java.vm.version" value="25.292-b10"/>
    <property name="impsort.skip" value="true"/>
    <property name="sun.io.unicode.encoding" value="UnicodeLittle"/>
    <property name="java.ext.dirs" value="/usr/lib/jvm/java-8-openjdk-amd64/jre/lib/ext:/usr/java/packages/lib/ext"/>
    <property name="maven.repo.local" value="/home/throttling/deps"/>
    <property name="enforcer.skip" value="true"/>
    <property name="skip.yarn" value="true"/>
    <property name="java.class.version" value="52.0"/>
    <property name="pgpverify.skip" value="true"/>
  </properties>
  <testcase name="testIssue34_Scenario1" classname="delight.nashornsandbox.TestIssue34" time="0.19"/>
  <testcase name="testIssue34_Scenario2" classname="delight.nashornsandbox.TestIssue34" time="0.175"/>
  <testcase name="testIssue34_Scenario3" classname="delight.nashornsandbox.TestIssue34" time="0.162"/>
  <testcase name="testIssue34_Scenario3_2" classname="delight.nashornsandbox.TestIssue34" time="0.208"/>
  <testcase name="testIssue34_Scenario4" classname="delight.nashornsandbox.TestIssue34" time="0.035"/>
  <testcase name="testIssue34_Scenario5" classname="delight.nashornsandbox.TestIssue34" time="0.239"/>
</testsuite><?xml version="1.0" encoding="UTF-8"?>
<testsuite xmlns:xsi="http://www.w3.org/2001/XMLSchema-instance" xsi:noNamespaceSchemaLocation="https://maven.apache.org/surefire/maven-surefire-plugin/xsd/surefire-test-report-3.0.xsd" version="3.0" name="delight.nashornsandbox.TestGlobalVariable" time="0.247" tests="1" errors="0" skipped="0" failures="0">
  <properties>
    <property name="warbucks.skip" value="true"/>
    <property name="awt.toolkit" value="sun.awt.X11.XToolkit"/>
    <property name="file.encoding.pkg" value="sun.io"/>
    <property name="java.specification.version" value="1.8"/>
    <property name="sun.cpu.isalist" value=""/>
    <property name="sun.jnu.encoding" value="ANSI_X3.4-1968"/>
    <property name="java.class.path" value="/home/throttling/javadelight/delight-nashorn-sandbox/target/test-classes:/home/throttling/javadelight/delight-nashorn-sandbox/target/classes:/home/throttling/deps/org/slf4j/slf4j-api/1.7.25/slf4j-api-1.7.25.jar:/home/throttling/deps/org/webjars/bower/js-beautify/1.6.12/js-beautify-1.6.12.jar:/home/throttling/deps/junit/junit/4.7/junit-4.7.jar:/home/throttling/deps/org/slf4j/slf4j-log4j12/1.7.25/slf4j-log4j12-1.7.25.jar:/home/throttling/deps/log4j/log4j/1.2.17/log4j-1.2.17.jar:"/>
    <property name="java.vm.vendor" value="Private Build"/>
    <property name="maven.javadoc.skip" value="true"/>
    <property name="sun.arch.data.model" value="64"/>
    <property name="java.vendor.url" value="http://java.oracle.com/"/>
    <property name="user.timezone" value="GMT"/>
    <property name="os.name" value="Linux"/>
    <property name="java.vm.specification.version" value="1.8"/>
    <property name="rat.skip" value="true"/>
    <property name="gpg.skip" value="true"/>
    <property name="sun.java.launcher" value="SUN_STANDARD"/>
    <property name="user.country" value="US"/>
    <property name="sun.boot.library.path" value="/usr/lib/jvm/java-8-openjdk-amd64/jre/lib/amd64"/>
    <property name="dependency-check.skip" value="true"/>
    <property name="sun.java.command" value="/home/throttling/javadelight/delight-nashorn-sandbox/target/surefire/surefirebooter70253542056563330.jar /home/throttling/javadelight/delight-nashorn-sandbox/target/surefire 2026-09-16T05-52-38_912-jvmRun1 surefire1362003314166811997tmp surefire_01127640919597696183tmp"/>
    <property name="surefire.test.class.path" value="/home/throttling/javadelight/delight-nashorn-sandbox/target/test-classes:/home/throttling/javadelight/delight-nashorn-sandbox/target/classes:/home/throttling/deps/org/slf4j/slf4j-api/1.7.25/slf4j-api-1.7.25.jar:/home/throttling/deps/org/webjars/bower/js-beautify/1.6.12/js-beautify-1.6.12.jar:/home/throttling/deps/junit/junit/4.7/junit-4.7.jar:/home/throttling/deps/org/slf4j/slf4j-log4j12/1.7.25/slf4j-log4j12-1.7.25.jar:/home/throttling/deps/log4j/log4j/1.2.17/log4j-1.2.17.jar:"/>
    <property name="sun.cpu.endian" value="little"/>
    <property name="user.home" value="/root"/>
    <property name="user.language" value="en"/>
    <property name="skip.installnodenpm" value="true"/>
    <property name="java.specification.vendor" value="Oracle Corporation"/>
    <property name="java.home" value="/usr/lib/jvm/java-8-openjdk-amd64/jre"/>
    <property name="modernizer.skip" value="true"/>
    <property name="file.separator" value="/"/>
    <property name="basedir" value="/home/throttling/javadelight/delight-nashorn-sandbox"/>
    <property name="checkstyle.skip" value="true"/>
    <property name="line.separator" value="&#10;"/>
    <property name="skip.npm" value="true"/>
    <property name="java.vm.specification.vendor" value="Oracle Corporation"/>
    <property name="java.specification.name" value="Java Platform API Specification"/>
    <property name="java.awt.graphicsenv" value="sun.awt.X11GraphicsEnvironment"/>
    <property name="mdep.analyze.skip" value="true"/>
    <property name="surefire.real.class.path" value="/home/throttling/javadelight/delight-nashorn-sandbox/target/surefire/surefirebooter70253542056563330.jar"/>
    <property name="cobertura.skip" value="true"/>
    <property name="sun.boot.class.path" value="/usr/lib/jvm/java-8-openjdk-amd64/jre/lib/resources.jar:/usr/lib/jvm/java-8-openjdk-amd64/jre/lib/rt.jar:/usr/lib/jvm/java-8-openjdk-amd64/jre/lib/sunrsasign.jar:/usr/lib/jvm/java-8-openjdk-amd64/jre/lib/jsse.jar:/usr/lib/jvm/java-8-openjdk-amd64/jre/lib/jce.jar:/usr/lib/jvm/java-8-openjdk-amd64/jre/lib/charsets.jar:/usr/lib/jvm/java-8-openjdk-amd64/jre/lib/jfr.jar:/usr/lib/jvm/java-8-openjdk-amd64/jre/classes"/>
    <property name="sun.management.compiler" value="HotSpot 64-Bit Tiered Compilers"/>
    <property name="java.runtime.version" value="1.8.0_292-8u292-b10-0ubuntu1~18.04-b10"/>
    <property name="user.name" value="root"/>
    <property name="findbugs.skip" value="true"/>
    <property name="path.separator" value=":"/>
    <property name="os.version" value="6.4.16-linuxkit"/>
    <property name="java.endorsed.dirs" value="/usr/lib/jvm/java-8-openjdk-amd64/jre/lib/endorsed"/>
    <property name="java.runtime.name" value="OpenJDK Runtime Environment"/>
    <property name="file.encoding" value="ANSI_X3.4-1968"/>
    <property name="java.vm.name" value="OpenJDK 64-Bit Server VM"/>
    <property name="localRepository" value="/home/throttling/deps"/>
    <property name="java.vendor.url.bug" value="http://bugreport.sun.com/bugreport/"/>
    <property name="java.io.tmpdir" value="/tmp"/>
    <property name="java.version" value="1.8.0_292"/>
    <property name="surefire.runOrder" value="reversealphabetical"/>
    <property name="user.dir" value="/home/throttling/javadelight/delight-nashorn-sandbox"/>
    <property name="os.arch" value="amd64"/>
    <property name="license.skip" value="true"/>
    <property name="animal.sniffer.skip" value="true"/>
    <property name="java.vm.specification.name" value="Java Virtual Machine Specification"/>
    <property name="java.awt.printerjob" value="sun.print.PSPrinterJob"/>
    <property name="xml.skip" value="true"/>
    <property name="failIfNoTests" value="false"/>
    <property name="sun.os.patch.level" value="unknown"/>
    <property name="java.library.path" value="/usr/java/packages/lib/amd64:/usr/lib/x86_64-linux-gnu/jni:/lib/x86_64-linux-gnu:/usr/lib/x86_64-linux-gnu:/usr/lib/jni:/lib:/usr/lib"/>
    <property name="java.vendor" value="Private Build"/>
    <property name="java.vm.info" value="mixed mode"/>
    <property name="java.vm.version" value="25.292-b10"/>
    <property name="impsort.skip" value="true"/>
    <property name="sun.io.unicode.encoding" value="UnicodeLittle"/>
    <property name="java.ext.dirs" value="/usr/lib/jvm/java-8-openjdk-amd64/jre/lib/ext:/usr/java/packages/lib/ext"/>
    <property name="maven.repo.local" value="/home/throttling/deps"/>
    <property name="enforcer.skip" value="true"/>
    <property name="skip.yarn" value="true"/>
    <property name="java.class.version" value="52.0"/>
    <property name="pgpverify.skip" value="true"/>
  </properties>
  <testcase name="test_java_variable" classname="delight.nashornsandbox.TestGlobalVariable" time="0.24"/>
</testsuite><?xml version="1.0" encoding="UTF-8"?>
<testsuite xmlns:xsi="http://www.w3.org/2001/XMLSchema-instance" xsi:noNamespaceSchemaLocation="https://maven.apache.org/surefire/maven-surefire-plugin/xsd/surefire-test-report-3.0.xsd" version="3.0" name="delight.nashornsandbox.TestIfElse" time="0.355" tests="1" errors="0" skipped="0" failures="0">
  <properties>
    <property name="warbucks.skip" value="true"/>
    <property name="awt.toolkit" value="sun.awt.X11.XToolkit"/>
    <property name="file.encoding.pkg" value="sun.io"/>
    <property name="java.specification.version" value="1.8"/>
    <property name="sun.cpu.isalist" value=""/>
    <property name="sun.jnu.encoding" value="ANSI_X3.4-1968"/>
    <property name="java.class.path" value="/home/throttling/javadelight/delight-nashorn-sandbox/target/test-classes:/home/throttling/javadelight/delight-nashorn-sandbox/target/classes:/home/throttling/deps/org/slf4j/slf4j-api/1.7.25/slf4j-api-1.7.25.jar:/home/throttling/deps/org/webjars/bower/js-beautify/1.6.12/js-beautify-1.6.12.jar:/home/throttling/deps/junit/junit/4.7/junit-4.7.jar:/home/throttling/deps/org/slf4j/slf4j-log4j12/1.7.25/slf4j-log4j12-1.7.25.jar:/home/throttling/deps/log4j/log4j/1.2.17/log4j-1.2.17.jar:"/>
    <property name="java.vm.vendor" value="Private Build"/>
    <property name="maven.javadoc.skip" value="true"/>
    <property name="sun.arch.data.model" value="64"/>
    <property name="java.vendor.url" value="http://java.oracle.com/"/>
    <property name="user.timezone" value="GMT"/>
    <property name="os.name" value="Linux"/>
    <property name="java.vm.specification.version" value="1.8"/>
    <property name="rat.skip" value="true"/>
    <property name="gpg.skip" value="true"/>
    <property name="sun.java.launcher" value="SUN_STANDARD"/>
    <property name="user.country" value="US"/>
    <property name="sun.boot.library.path" value="/usr/lib/jvm/java-8-openjdk-amd64/jre/lib/amd64"/>
    <property name="dependency-check.skip" value="true"/>
    <property name="sun.java.command" value="/home/throttling/javadelight/delight-nashorn-sandbox/target/surefire/surefirebooter70253542056563330.jar /home/throttling/javadelight/delight-nashorn-sandbox/target/surefire 2026-09-16T05-52-38_912-jvmRun1 surefire1362003314166811997tmp surefire_01127640919597696183tmp"/>
    <property name="surefire.test.class.path" value="/home/throttling/javadelight/delight-nashorn-sandbox/target/test-classes:/home/throttling/javadelight/delight-nashorn-sandbox/target/classes:/home/throttling/deps/org/slf4j/slf4j-api/1.7.25/slf4j-api-1.7.25.jar:/home/throttling/deps/org/webjars/bower/js-beautify/1.6.12/js-beautify-1.6.12.jar:/home/throttling/deps/junit/junit/4.7/junit-4.7.jar:/home/throttling/deps/org/slf4j/slf4j-log4j12/1.7.25/slf4j-log4j12-1.7.25.jar:/home/throttling/deps/log4j/log4j/1.2.17/log4j-1.2.17.jar:"/>
    <property name="sun.cpu.endian" value="little"/>
    <property name="user.home" value="/root"/>
    <property name="user.language" value="en"/>
    <property name="skip.installnodenpm" value="true"/>
    <property name="java.specification.vendor" value="Oracle Corporation"/>
    <property name="java.home" value="/usr/lib/jvm/java-8-openjdk-amd64/jre"/>
    <property name="modernizer.skip" value="true"/>
    <property name="file.separator" value="/"/>
    <property name="basedir" value="/home/throttling/javadelight/delight-nashorn-sandbox"/>
    <property name="checkstyle.skip" value="true"/>
    <property name="line.separator" value="&#10;"/>
    <property name="skip.npm" value="true"/>
    <property name="java.vm.specification.vendor" value="Oracle Corporation"/>
    <property name="java.specification.name" value="Java Platform API Specification"/>
    <property name="java.awt.graphicsenv" value="sun.awt.X11GraphicsEnvironment"/>
    <property name="mdep.analyze.skip" value="true"/>
    <property name="surefire.real.class.path" value="/home/throttling/javadelight/delight-nashorn-sandbox/target/surefire/surefirebooter70253542056563330.jar"/>
    <property name="cobertura.skip" value="true"/>
    <property name="sun.boot.class.path" value="/usr/lib/jvm/java-8-openjdk-amd64/jre/lib/resources.jar:/usr/lib/jvm/java-8-openjdk-amd64/jre/lib/rt.jar:/usr/lib/jvm/java-8-openjdk-amd64/jre/lib/sunrsasign.jar:/usr/lib/jvm/java-8-openjdk-amd64/jre/lib/jsse.jar:/usr/lib/jvm/java-8-openjdk-amd64/jre/lib/jce.jar:/usr/lib/jvm/java-8-openjdk-amd64/jre/lib/charsets.jar:/usr/lib/jvm/java-8-openjdk-amd64/jre/lib/jfr.jar:/usr/lib/jvm/java-8-openjdk-amd64/jre/classes"/>
    <property name="sun.management.compiler" value="HotSpot 64-Bit Tiered Compilers"/>
    <property name="java.runtime.version" value="1.8.0_292-8u292-b10-0ubuntu1~18.04-b10"/>
    <property name="user.name" value="root"/>
    <property name="findbugs.skip" value="true"/>
    <property name="path.separator" value=":"/>
    <property name="os.version" value="6.4.16-linuxkit"/>
    <property name="java.endorsed.dirs" value="/usr/lib/jvm/java-8-openjdk-amd64/jre/lib/endorsed"/>
    <property name="java.runtime.name" value="OpenJDK Runtime Environment"/>
    <property name="file.encoding" value="ANSI_X3.4-1968"/>
    <property name="java.vm.name" value="OpenJDK 64-Bit Server VM"/>
    <property name="localRepository" value="/home/throttling/deps"/>
    <property name="java.vendor.url.bug" value="http://bugreport.sun.com/bugreport/"/>
    <property name="java.io.tmpdir" value="/tmp"/>
    <property name="java.version" value="1.8.0_292"/>
    <property name="surefire.runOrder" value="reversealphabetical"/>
    <property name="user.dir" value="/home/throttling/javadelight/delight-nashorn-sandbox"/>
    <property name="os.arch" value="amd64"/>
    <property name="license.skip" value="true"/>
    <property name="animal.sniffer.skip" value="true"/>
    <property name="java.vm.specification.name" value="Java Virtual Machine Specification"/>
    <property name="java.awt.printerjob" value="sun.print.PSPrinterJob"/>
    <property name="xml.skip" value="true"/>
    <property name="failIfNoTests" value="false"/>
    <property name="sun.os.patch.level" value="unknown"/>
    <property name="java.library.path" value="/usr/java/packages/lib/amd64:/usr/lib/x86_64-linux-gnu/jni:/lib/x86_64-linux-gnu:/usr/lib/x86_64-linux-gnu:/usr/lib/jni:/lib:/usr/lib"/>
    <property name="java.vendor" value="Private Build"/>
    <property name="java.vm.info" value="mixed mode"/>
    <property name="java.vm.version" value="25.292-b10"/>
    <property name="impsort.skip" value="true"/>
    <property name="sun.io.unicode.encoding" value="UnicodeLittle"/>
    <property name="java.ext.dirs" value="/usr/lib/jvm/java-8-openjdk-amd64/jre/lib/ext:/usr/java/packages/lib/ext"/>
    <property name="maven.repo.local" value="/home/throttling/deps"/>
    <property name="enforcer.skip" value="true"/>
    <property name="skip.yarn" value="true"/>
    <property name="java.class.version" value="52.0"/>
    <property name="pgpverify.skip" value="true"/>
  </properties>
  <testcase name="testIfElse" classname="delight.nashornsandbox.TestIfElse" time="0.353"/>
</testsuite><?xml version="1.0" encoding="UTF-8"?>
<testsuite xmlns:xsi="http://www.w3.org/2001/XMLSchema-instance" xsi:noNamespaceSchemaLocation="https://maven.apache.org/surefire/maven-surefire-plugin/xsd/surefire-test-report-3.0.xsd" version="3.0" name="delight.nashornsandbox.TestIssue36" time="0.151" tests="1" errors="0" skipped="0" failures="0">
  <properties>
    <property name="warbucks.skip" value="true"/>
    <property name="awt.toolkit" value="sun.awt.X11.XToolkit"/>
    <property name="file.encoding.pkg" value="sun.io"/>
    <property name="java.specification.version" value="1.8"/>
    <property name="sun.cpu.isalist" value=""/>
    <property name="sun.jnu.encoding" value="ANSI_X3.4-1968"/>
    <property name="java.class.path" value="/home/throttling/javadelight/delight-nashorn-sandbox/target/test-classes:/home/throttling/javadelight/delight-nashorn-sandbox/target/classes:/home/throttling/deps/org/slf4j/slf4j-api/1.7.25/slf4j-api-1.7.25.jar:/home/throttling/deps/org/webjars/bower/js-beautify/1.6.12/js-beautify-1.6.12.jar:/home/throttling/deps/junit/junit/4.7/junit-4.7.jar:/home/throttling/deps/org/slf4j/slf4j-log4j12/1.7.25/slf4j-log4j12-1.7.25.jar:/home/throttling/deps/log4j/log4j/1.2.17/log4j-1.2.17.jar:"/>
    <property name="java.vm.vendor" value="Private Build"/>
    <property name="maven.javadoc.skip" value="true"/>
    <property name="sun.arch.data.model" value="64"/>
    <property name="java.vendor.url" value="http://java.oracle.com/"/>
    <property name="user.timezone" value="GMT"/>
    <property name="os.name" value="Linux"/>
    <property name="java.vm.specification.version" value="1.8"/>
    <property name="rat.skip" value="true"/>
    <property name="gpg.skip" value="true"/>
    <property name="sun.java.launcher" value="SUN_STANDARD"/>
    <property name="user.country" value="US"/>
    <property name="sun.boot.library.path" value="/usr/lib/jvm/java-8-openjdk-amd64/jre/lib/amd64"/>
    <property name="dependency-check.skip" value="true"/>
    <property name="sun.java.command" value="/home/throttling/javadelight/delight-nashorn-sandbox/target/surefire/surefirebooter70253542056563330.jar /home/throttling/javadelight/delight-nashorn-sandbox/target/surefire 2026-09-16T05-52-38_912-jvmRun1 surefire1362003314166811997tmp surefire_01127640919597696183tmp"/>
    <property name="surefire.test.class.path" value="/home/throttling/javadelight/delight-nashorn-sandbox/target/test-classes:/home/throttling/javadelight/delight-nashorn-sandbox/target/classes:/home/throttling/deps/org/slf4j/slf4j-api/1.7.25/slf4j-api-1.7.25.jar:/home/throttling/deps/org/webjars/bower/js-beautify/1.6.12/js-beautify-1.6.12.jar:/home/throttling/deps/junit/junit/4.7/junit-4.7.jar:/home/throttling/deps/org/slf4j/slf4j-log4j12/1.7.25/slf4j-log4j12-1.7.25.jar:/home/throttling/deps/log4j/log4j/1.2.17/log4j-1.2.17.jar:"/>
    <property name="sun.cpu.endian" value="little"/>
    <property name="user.home" value="/root"/>
    <property name="user.language" value="en"/>
    <property name="skip.installnodenpm" value="true"/>
    <property name="java.specification.vendor" value="Oracle Corporation"/>
    <property name="java.home" value="/usr/lib/jvm/java-8-openjdk-amd64/jre"/>
    <property name="modernizer.skip" value="true"/>
    <property name="file.separator" value="/"/>
    <property name="basedir" value="/home/throttling/javadelight/delight-nashorn-sandbox"/>
    <property name="checkstyle.skip" value="true"/>
    <property name="line.separator" value="&#10;"/>
    <property name="skip.npm" value="true"/>
    <property name="java.vm.specification.vendor" value="Oracle Corporation"/>
    <property name="java.specification.name" value="Java Platform API Specification"/>
    <property name="java.awt.graphicsenv" value="sun.awt.X11GraphicsEnvironment"/>
    <property name="mdep.analyze.skip" value="true"/>
    <property name="surefire.real.class.path" value="/home/throttling/javadelight/delight-nashorn-sandbox/target/surefire/surefirebooter70253542056563330.jar"/>
    <property name="cobertura.skip" value="true"/>
    <property name="sun.boot.class.path" value="/usr/lib/jvm/java-8-openjdk-amd64/jre/lib/resources.jar:/usr/lib/jvm/java-8-openjdk-amd64/jre/lib/rt.jar:/usr/lib/jvm/java-8-openjdk-amd64/jre/lib/sunrsasign.jar:/usr/lib/jvm/java-8-openjdk-amd64/jre/lib/jsse.jar:/usr/lib/jvm/java-8-openjdk-amd64/jre/lib/jce.jar:/usr/lib/jvm/java-8-openjdk-amd64/jre/lib/charsets.jar:/usr/lib/jvm/java-8-openjdk-amd64/jre/lib/jfr.jar:/usr/lib/jvm/java-8-openjdk-amd64/jre/classes"/>
    <property name="sun.management.compiler" value="HotSpot 64-Bit Tiered Compilers"/>
    <property name="java.runtime.version" value="1.8.0_292-8u292-b10-0ubuntu1~18.04-b10"/>
    <property name="user.name" value="root"/>
    <property name="findbugs.skip" value="true"/>
    <property name="path.separator" value=":"/>
    <property name="os.version" value="6.4.16-linuxkit"/>
    <property name="java.endorsed.dirs" value="/usr/lib/jvm/java-8-openjdk-amd64/jre/lib/endorsed"/>
    <property name="java.runtime.name" value="OpenJDK Runtime Environment"/>
    <property name="file.encoding" value="ANSI_X3.4-1968"/>
    <property name="java.vm.name" value="OpenJDK 64-Bit Server VM"/>
    <property name="localRepository" value="/home/throttling/deps"/>
    <property name="java.vendor.url.bug" value="http://bugreport.sun.com/bugreport/"/>
    <property name="java.io.tmpdir" value="/tmp"/>
    <property name="java.version" value="1.8.0_292"/>
    <property name="surefire.runOrder" value="reversealphabetical"/>
    <property name="user.dir" value="/home/throttling/javadelight/delight-nashorn-sandbox"/>
    <property name="os.arch" value="amd64"/>
    <property name="license.skip" value="true"/>
    <property name="animal.sniffer.skip" value="true"/>
    <property name="java.vm.specification.name" value="Java Virtual Machine Specification"/>
    <property name="java.awt.printerjob" value="sun.print.PSPrinterJob"/>
    <property name="xml.skip" value="true"/>
    <property name="failIfNoTests" value="false"/>
    <property name="sun.os.patch.level" value="unknown"/>
    <property name="java.library.path" value="/usr/java/packages/lib/amd64:/usr/lib/x86_64-linux-gnu/jni:/lib/x86_64-linux-gnu:/usr/lib/x86_64-linux-gnu:/usr/lib/jni:/lib:/usr/lib"/>
    <property name="java.vendor" value="Private Build"/>
    <property name="java.vm.info" value="mixed mode"/>
    <property name="java.vm.version" value="25.292-b10"/>
    <property name="impsort.skip" value="true"/>
    <property name="sun.io.unicode.encoding" value="UnicodeLittle"/>
    <property name="java.ext.dirs" value="/usr/lib/jvm/java-8-openjdk-amd64/jre/lib/ext:/usr/java/packages/lib/ext"/>
    <property name="maven.repo.local" value="/home/throttling/deps"/>
    <property name="enforcer.skip" value="true"/>
    <property name="skip.yarn" value="true"/>
    <property name="java.class.version" value="52.0"/>
    <property name="pgpverify.skip" value="true"/>
  </properties>
  <testcase name="test" classname="delight.nashornsandbox.TestIssue36" time="0.148"/>
</testsuite><?xml version="1.0" encoding="UTF-8"?>
<testsuite xmlns:xsi="http://www.w3.org/2001/XMLSchema-instance" xsi:noNamespaceSchemaLocation="https://maven.apache.org/surefire/maven-surefire-plugin/xsd/surefire-test-report-3.0.xsd" version="3.0" name="delight.nashornsandbox.TestKeepVariables" time="0.154" tests="1" errors="0" skipped="0" failures="0">
  <properties>
    <property name="warbucks.skip" value="true"/>
    <property name="awt.toolkit" value="sun.awt.X11.XToolkit"/>
    <property name="file.encoding.pkg" value="sun.io"/>
    <property name="java.specification.version" value="1.8"/>
    <property name="sun.cpu.isalist" value=""/>
    <property name="sun.jnu.encoding" value="ANSI_X3.4-1968"/>
    <property name="java.class.path" value="/home/throttling/javadelight/delight-nashorn-sandbox/target/test-classes:/home/throttling/javadelight/delight-nashorn-sandbox/target/classes:/home/throttling/deps/org/slf4j/slf4j-api/1.7.25/slf4j-api-1.7.25.jar:/home/throttling/deps/org/webjars/bower/js-beautify/1.6.12/js-beautify-1.6.12.jar:/home/throttling/deps/junit/junit/4.7/junit-4.7.jar:/home/throttling/deps/org/slf4j/slf4j-log4j12/1.7.25/slf4j-log4j12-1.7.25.jar:/home/throttling/deps/log4j/log4j/1.2.17/log4j-1.2.17.jar:"/>
    <property name="java.vm.vendor" value="Private Build"/>
    <property name="maven.javadoc.skip" value="true"/>
    <property name="sun.arch.data.model" value="64"/>
    <property name="java.vendor.url" value="http://java.oracle.com/"/>
    <property name="user.timezone" value="GMT"/>
    <property name="os.name" value="Linux"/>
    <property name="java.vm.specification.version" value="1.8"/>
    <property name="rat.skip" value="true"/>
    <property name="gpg.skip" value="true"/>
    <property name="sun.java.launcher" value="SUN_STANDARD"/>
    <property name="user.country" value="US"/>
    <property name="sun.boot.library.path" value="/usr/lib/jvm/java-8-openjdk-amd64/jre/lib/amd64"/>
    <property name="dependency-check.skip" value="true"/>
    <property name="sun.java.command" value="/home/throttling/javadelight/delight-nashorn-sandbox/target/surefire/surefirebooter70253542056563330.jar /home/throttling/javadelight/delight-nashorn-sandbox/target/surefire 2026-09-16T05-52-38_912-jvmRun1 surefire1362003314166811997tmp surefire_01127640919597696183tmp"/>
    <property name="surefire.test.class.path" value="/home/throttling/javadelight/delight-nashorn-sandbox/target/test-classes:/home/throttling/javadelight/delight-nashorn-sandbox/target/classes:/home/throttling/deps/org/slf4j/slf4j-api/1.7.25/slf4j-api-1.7.25.jar:/home/throttling/deps/org/webjars/bower/js-beautify/1.6.12/js-beautify-1.6.12.jar:/home/throttling/deps/junit/junit/4.7/junit-4.7.jar:/home/throttling/deps/org/slf4j/slf4j-log4j12/1.7.25/slf4j-log4j12-1.7.25.jar:/home/throttling/deps/log4j/log4j/1.2.17/log4j-1.2.17.jar:"/>
    <property name="sun.cpu.endian" value="little"/>
    <property name="user.home" value="/root"/>
    <property name="user.language" value="en"/>
    <property name="skip.installnodenpm" value="true"/>
    <property name="java.specification.vendor" value="Oracle Corporation"/>
    <property name="java.home" value="/usr/lib/jvm/java-8-openjdk-amd64/jre"/>
    <property name="modernizer.skip" value="true"/>
    <property name="file.separator" value="/"/>
    <property name="basedir" value="/home/throttling/javadelight/delight-nashorn-sandbox"/>
    <property name="checkstyle.skip" value="true"/>
    <property name="line.separator" value="&#10;"/>
    <property name="skip.npm" value="true"/>
    <property name="java.vm.specification.vendor" value="Oracle Corporation"/>
    <property name="java.specification.name" value="Java Platform API Specification"/>
    <property name="java.awt.graphicsenv" value="sun.awt.X11GraphicsEnvironment"/>
    <property name="mdep.analyze.skip" value="true"/>
    <property name="surefire.real.class.path" value="/home/throttling/javadelight/delight-nashorn-sandbox/target/surefire/surefirebooter70253542056563330.jar"/>
    <property name="cobertura.skip" value="true"/>
    <property name="sun.boot.class.path" value="/usr/lib/jvm/java-8-openjdk-amd64/jre/lib/resources.jar:/usr/lib/jvm/java-8-openjdk-amd64/jre/lib/rt.jar:/usr/lib/jvm/java-8-openjdk-amd64/jre/lib/sunrsasign.jar:/usr/lib/jvm/java-8-openjdk-amd64/jre/lib/jsse.jar:/usr/lib/jvm/java-8-openjdk-amd64/jre/lib/jce.jar:/usr/lib/jvm/java-8-openjdk-amd64/jre/lib/charsets.jar:/usr/lib/jvm/java-8-openjdk-amd64/jre/lib/jfr.jar:/usr/lib/jvm/java-8-openjdk-amd64/jre/classes"/>
    <property name="sun.management.compiler" value="HotSpot 64-Bit Tiered Compilers"/>
    <property name="java.runtime.version" value="1.8.0_292-8u292-b10-0ubuntu1~18.04-b10"/>
    <property name="user.name" value="root"/>
    <property name="findbugs.skip" value="true"/>
    <property name="path.separator" value=":"/>
    <property name="os.version" value="6.4.16-linuxkit"/>
    <property name="java.endorsed.dirs" value="/usr/lib/jvm/java-8-openjdk-amd64/jre/lib/endorsed"/>
    <property name="java.runtime.name" value="OpenJDK Runtime Environment"/>
    <property name="file.encoding" value="ANSI_X3.4-1968"/>
    <property name="java.vm.name" value="OpenJDK 64-Bit Server VM"/>
    <property name="localRepository" value="/home/throttling/deps"/>
    <property name="java.vendor.url.bug" value="http://bugreport.sun.com/bugreport/"/>
    <property name="java.io.tmpdir" value="/tmp"/>
    <property name="java.version" value="1.8.0_292"/>
    <property name="surefire.runOrder" value="reversealphabetical"/>
    <property name="user.dir" value="/home/throttling/javadelight/delight-nashorn-sandbox"/>
    <property name="os.arch" value="amd64"/>
    <property name="license.skip" value="true"/>
    <property name="animal.sniffer.skip" value="true"/>
    <property name="java.vm.specification.name" value="Java Virtual Machine Specification"/>
    <property name="java.awt.printerjob" value="sun.print.PSPrinterJob"/>
    <property name="xml.skip" value="true"/>
    <property name="failIfNoTests" value="false"/>
    <property name="sun.os.patch.level" value="unknown"/>
    <property name="java.library.path" value="/usr/java/packages/lib/amd64:/usr/lib/x86_64-linux-gnu/jni:/lib/x86_64-linux-gnu:/usr/lib/x86_64-linux-gnu:/usr/lib/jni:/lib:/usr/lib"/>
    <property name="java.vendor" value="Private Build"/>
    <property name="java.vm.info" value="mixed mode"/>
    <property name="java.vm.version" value="25.292-b10"/>
    <property name="impsort.skip" value="true"/>
    <property name="sun.io.unicode.encoding" value="UnicodeLittle"/>
    <property name="java.ext.dirs" value="/usr/lib/jvm/java-8-openjdk-amd64/jre/lib/ext:/usr/java/packages/lib/ext"/>
    <property name="maven.repo.local" value="/home/throttling/deps"/>
    <property name="enforcer.skip" value="true"/>
    <property name="skip.yarn" value="true"/>
    <property name="java.class.version" value="52.0"/>
    <property name="pgpverify.skip" value="true"/>
  </properties>
  <testcase name="test" classname="delight.nashornsandbox.TestKeepVariables" time="0.147"/>
</testsuite><?xml version="1.0" encoding="UTF-8"?>
<testsuite xmlns:xsi="http://www.w3.org/2001/XMLSchema-instance" xsi:noNamespaceSchemaLocation="https://maven.apache.org/surefire/maven-surefire-plugin/xsd/surefire-test-report-3.0.xsd" version="3.0" name="delight.nashornsandbox.TestInaccessible" time="0.256" tests="2" errors="0" skipped="0" failures="0">
  <properties>
    <property name="warbucks.skip" value="true"/>
    <property name="awt.toolkit" value="sun.awt.X11.XToolkit"/>
    <property name="file.encoding.pkg" value="sun.io"/>
    <property name="java.specification.version" value="1.8"/>
    <property name="sun.cpu.isalist" value=""/>
    <property name="sun.jnu.encoding" value="ANSI_X3.4-1968"/>
    <property name="java.class.path" value="/home/throttling/javadelight/delight-nashorn-sandbox/target/test-classes:/home/throttling/javadelight/delight-nashorn-sandbox/target/classes:/home/throttling/deps/org/slf4j/slf4j-api/1.7.25/slf4j-api-1.7.25.jar:/home/throttling/deps/org/webjars/bower/js-beautify/1.6.12/js-beautify-1.6.12.jar:/home/throttling/deps/junit/junit/4.7/junit-4.7.jar:/home/throttling/deps/org/slf4j/slf4j-log4j12/1.7.25/slf4j-log4j12-1.7.25.jar:/home/throttling/deps/log4j/log4j/1.2.17/log4j-1.2.17.jar:"/>
    <property name="java.vm.vendor" value="Private Build"/>
    <property name="maven.javadoc.skip" value="true"/>
    <property name="sun.arch.data.model" value="64"/>
    <property name="java.vendor.url" value="http://java.oracle.com/"/>
    <property name="user.timezone" value="GMT"/>
    <property name="os.name" value="Linux"/>
    <property name="java.vm.specification.version" value="1.8"/>
    <property name="rat.skip" value="true"/>
    <property name="gpg.skip" value="true"/>
    <property name="sun.java.launcher" value="SUN_STANDARD"/>
    <property name="user.country" value="US"/>
    <property name="sun.boot.library.path" value="/usr/lib/jvm/java-8-openjdk-amd64/jre/lib/amd64"/>
    <property name="dependency-check.skip" value="true"/>
    <property name="sun.java.command" value="/home/throttling/javadelight/delight-nashorn-sandbox/target/surefire/surefirebooter70253542056563330.jar /home/throttling/javadelight/delight-nashorn-sandbox/target/surefire 2026-09-16T05-52-38_912-jvmRun1 surefire1362003314166811997tmp surefire_01127640919597696183tmp"/>
    <property name="surefire.test.class.path" value="/home/throttling/javadelight/delight-nashorn-sandbox/target/test-classes:/home/throttling/javadelight/delight-nashorn-sandbox/target/classes:/home/throttling/deps/org/slf4j/slf4j-api/1.7.25/slf4j-api-1.7.25.jar:/home/throttling/deps/org/webjars/bower/js-beautify/1.6.12/js-beautify-1.6.12.jar:/home/throttling/deps/junit/junit/4.7/junit-4.7.jar:/home/throttling/deps/org/slf4j/slf4j-log4j12/1.7.25/slf4j-log4j12-1.7.25.jar:/home/throttling/deps/log4j/log4j/1.2.17/log4j-1.2.17.jar:"/>
    <property name="sun.cpu.endian" value="little"/>
    <property name="user.home" value="/root"/>
    <property name="user.language" value="en"/>
    <property name="skip.installnodenpm" value="true"/>
    <property name="java.specification.vendor" value="Oracle Corporation"/>
    <property name="java.home" value="/usr/lib/jvm/java-8-openjdk-amd64/jre"/>
    <property name="modernizer.skip" value="true"/>
    <property name="file.separator" value="/"/>
    <property name="basedir" value="/home/throttling/javadelight/delight-nashorn-sandbox"/>
    <property name="checkstyle.skip" value="true"/>
    <property name="line.separator" value="&#10;"/>
    <property name="skip.npm" value="true"/>
    <property name="java.vm.specification.vendor" value="Oracle Corporation"/>
    <property name="java.specification.name" value="Java Platform API Specification"/>
    <property name="java.awt.graphicsenv" value="sun.awt.X11GraphicsEnvironment"/>
    <property name="mdep.analyze.skip" value="true"/>
    <property name="surefire.real.class.path" value="/home/throttling/javadelight/delight-nashorn-sandbox/target/surefire/surefirebooter70253542056563330.jar"/>
    <property name="cobertura.skip" value="true"/>
    <property name="sun.boot.class.path" value="/usr/lib/jvm/java-8-openjdk-amd64/jre/lib/resources.jar:/usr/lib/jvm/java-8-openjdk-amd64/jre/lib/rt.jar:/usr/lib/jvm/java-8-openjdk-amd64/jre/lib/sunrsasign.jar:/usr/lib/jvm/java-8-openjdk-amd64/jre/lib/jsse.jar:/usr/lib/jvm/java-8-openjdk-amd64/jre/lib/jce.jar:/usr/lib/jvm/java-8-openjdk-amd64/jre/lib/charsets.jar:/usr/lib/jvm/java-8-openjdk-amd64/jre/lib/jfr.jar:/usr/lib/jvm/java-8-openjdk-amd64/jre/classes"/>
    <property name="sun.management.compiler" value="HotSpot 64-Bit Tiered Compilers"/>
    <property name="java.runtime.version" value="1.8.0_292-8u292-b10-0ubuntu1~18.04-b10"/>
    <property name="user.name" value="root"/>
    <property name="findbugs.skip" value="true"/>
    <property name="path.separator" value=":"/>
    <property name="os.version" value="6.4.16-linuxkit"/>
    <property name="java.endorsed.dirs" value="/usr/lib/jvm/java-8-openjdk-amd64/jre/lib/endorsed"/>
    <property name="java.runtime.name" value="OpenJDK Runtime Environment"/>
    <property name="file.encoding" value="ANSI_X3.4-1968"/>
    <property name="java.vm.name" value="OpenJDK 64-Bit Server VM"/>
    <property name="localRepository" value="/home/throttling/deps"/>
    <property name="java.vendor.url.bug" value="http://bugreport.sun.com/bugreport/"/>
    <property name="java.io.tmpdir" value="/tmp"/>
    <property name="java.version" value="1.8.0_292"/>
    <property name="surefire.runOrder" value="reversealphabetical"/>
    <property name="user.dir" value="/home/throttling/javadelight/delight-nashorn-sandbox"/>
    <property name="os.arch" value="amd64"/>
    <property name="license.skip" value="true"/>
    <property name="animal.sniffer.skip" value="true"/>
    <property name="java.vm.specification.name" value="Java Virtual Machine Specification"/>
    <property name="java.awt.printerjob" value="sun.print.PSPrinterJob"/>
    <property name="xml.skip" value="true"/>
    <property name="failIfNoTests" value="false"/>
    <property name="sun.os.patch.level" value="unknown"/>
    <property name="java.library.path" value="/usr/java/packages/lib/amd64:/usr/lib/x86_64-linux-gnu/jni:/lib/x86_64-linux-gnu:/usr/lib/x86_64-linux-gnu:/usr/lib/jni:/lib:/usr/lib"/>
    <property name="java.vendor" value="Private Build"/>
    <property name="java.vm.info" value="mixed mode"/>
    <property name="java.vm.version" value="25.292-b10"/>
    <property name="impsort.skip" value="true"/>
    <property name="sun.io.unicode.encoding" value="UnicodeLittle"/>
    <property name="java.ext.dirs" value="/usr/lib/jvm/java-8-openjdk-amd64/jre/lib/ext:/usr/java/packages/lib/ext"/>
    <property name="maven.repo.local" value="/home/throttling/deps"/>
    <property name="enforcer.skip" value="true"/>
    <property name="skip.yarn" value="true"/>
    <property name="java.class.version" value="52.0"/>
    <property name="pgpverify.skip" value="true"/>
  </properties>
  <testcase name="test_file" classname="delight.nashornsandbox.TestInaccessible" time="0.124"/>
  <testcase name="test_system_exit" classname="delight.nashornsandbox.TestInaccessible" time="0.126"/>
</testsuite><?xml version="1.0" encoding="UTF-8"?>
<testsuite xmlns:xsi="http://www.w3.org/2001/XMLSchema-instance" xsi:noNamespaceSchemaLocation="https://maven.apache.org/surefire/maven-surefire-plugin/xsd/surefire-test-report-3.0.xsd" version="3.0" name="delight.nashornsandbox.TestSetWriter" time="0.215" tests="1" errors="0" skipped="0" failures="0">
  <properties>
    <property name="warbucks.skip" value="true"/>
    <property name="awt.toolkit" value="sun.awt.X11.XToolkit"/>
    <property name="file.encoding.pkg" value="sun.io"/>
    <property name="java.specification.version" value="1.8"/>
    <property name="sun.cpu.isalist" value=""/>
    <property name="sun.jnu.encoding" value="ANSI_X3.4-1968"/>
    <property name="java.class.path" value="/home/throttling/javadelight/delight-nashorn-sandbox/target/test-classes:/home/throttling/javadelight/delight-nashorn-sandbox/target/classes:/home/throttling/deps/org/slf4j/slf4j-api/1.7.25/slf4j-api-1.7.25.jar:/home/throttling/deps/org/webjars/bower/js-beautify/1.6.12/js-beautify-1.6.12.jar:/home/throttling/deps/junit/junit/4.7/junit-4.7.jar:/home/throttling/deps/org/slf4j/slf4j-log4j12/1.7.25/slf4j-log4j12-1.7.25.jar:/home/throttling/deps/log4j/log4j/1.2.17/log4j-1.2.17.jar:"/>
    <property name="java.vm.vendor" value="Private Build"/>
    <property name="maven.javadoc.skip" value="true"/>
    <property name="sun.arch.data.model" value="64"/>
    <property name="java.vendor.url" value="http://java.oracle.com/"/>
    <property name="user.timezone" value="GMT"/>
    <property name="os.name" value="Linux"/>
    <property name="java.vm.specification.version" value="1.8"/>
    <property name="rat.skip" value="true"/>
    <property name="gpg.skip" value="true"/>
    <property name="sun.java.launcher" value="SUN_STANDARD"/>
    <property name="user.country" value="US"/>
    <property name="sun.boot.library.path" value="/usr/lib/jvm/java-8-openjdk-amd64/jre/lib/amd64"/>
    <property name="dependency-check.skip" value="true"/>
    <property name="sun.java.command" value="/home/throttling/javadelight/delight-nashorn-sandbox/target/surefire/surefirebooter70253542056563330.jar /home/throttling/javadelight/delight-nashorn-sandbox/target/surefire 2026-09-16T05-52-38_912-jvmRun1 surefire1362003314166811997tmp surefire_01127640919597696183tmp"/>
    <property name="surefire.test.class.path" value="/home/throttling/javadelight/delight-nashorn-sandbox/target/test-classes:/home/throttling/javadelight/delight-nashorn-sandbox/target/classes:/home/throttling/deps/org/slf4j/slf4j-api/1.7.25/slf4j-api-1.7.25.jar:/home/throttling/deps/org/webjars/bower/js-beautify/1.6.12/js-beautify-1.6.12.jar:/home/throttling/deps/junit/junit/4.7/junit-4.7.jar:/home/throttling/deps/org/slf4j/slf4j-log4j12/1.7.25/slf4j-log4j12-1.7.25.jar:/home/throttling/deps/log4j/log4j/1.2.17/log4j-1.2.17.jar:"/>
    <property name="sun.cpu.endian" value="little"/>
    <property name="user.home" value="/root"/>
    <property name="user.language" value="en"/>
    <property name="skip.installnodenpm" value="true"/>
    <property name="java.specification.vendor" value="Oracle Corporation"/>
    <property name="java.home" value="/usr/lib/jvm/java-8-openjdk-amd64/jre"/>
    <property name="modernizer.skip" value="true"/>
    <property name="file.separator" value="/"/>
    <property name="basedir" value="/home/throttling/javadelight/delight-nashorn-sandbox"/>
    <property name="checkstyle.skip" value="true"/>
    <property name="line.separator" value="&#10;"/>
    <property name="skip.npm" value="true"/>
    <property name="java.vm.specification.vendor" value="Oracle Corporation"/>
    <property name="java.specification.name" value="Java Platform API Specification"/>
    <property name="java.awt.graphicsenv" value="sun.awt.X11GraphicsEnvironment"/>
    <property name="mdep.analyze.skip" value="true"/>
    <property name="surefire.real.class.path" value="/home/throttling/javadelight/delight-nashorn-sandbox/target/surefire/surefirebooter70253542056563330.jar"/>
    <property name="cobertura.skip" value="true"/>
    <property name="sun.boot.class.path" value="/usr/lib/jvm/java-8-openjdk-amd64/jre/lib/resources.jar:/usr/lib/jvm/java-8-openjdk-amd64/jre/lib/rt.jar:/usr/lib/jvm/java-8-openjdk-amd64/jre/lib/sunrsasign.jar:/usr/lib/jvm/java-8-openjdk-amd64/jre/lib/jsse.jar:/usr/lib/jvm/java-8-openjdk-amd64/jre/lib/jce.jar:/usr/lib/jvm/java-8-openjdk-amd64/jre/lib/charsets.jar:/usr/lib/jvm/java-8-openjdk-amd64/jre/lib/jfr.jar:/usr/lib/jvm/java-8-openjdk-amd64/jre/classes"/>
    <property name="sun.management.compiler" value="HotSpot 64-Bit Tiered Compilers"/>
    <property name="java.runtime.version" value="1.8.0_292-8u292-b10-0ubuntu1~18.04-b10"/>
    <property name="user.name" value="root"/>
    <property name="findbugs.skip" value="true"/>
    <property name="path.separator" value=":"/>
    <property name="os.version" value="6.4.16-linuxkit"/>
    <property name="java.endorsed.dirs" value="/usr/lib/jvm/java-8-openjdk-amd64/jre/lib/endorsed"/>
    <property name="java.runtime.name" value="OpenJDK Runtime Environment"/>
    <property name="file.encoding" value="ANSI_X3.4-1968"/>
    <property name="java.vm.name" value="OpenJDK 64-Bit Server VM"/>
    <property name="localRepository" value="/home/throttling/deps"/>
    <property name="java.vendor.url.bug" value="http://bugreport.sun.com/bugreport/"/>
    <property name="java.io.tmpdir" value="/tmp"/>
    <property name="java.version" value="1.8.0_292"/>
    <property name="surefire.runOrder" value="reversealphabetical"/>
    <property name="user.dir" value="/home/throttling/javadelight/delight-nashorn-sandbox"/>
    <property name="os.arch" value="amd64"/>
    <property name="license.skip" value="true"/>
    <property name="animal.sniffer.skip" value="true"/>
    <property name="java.vm.specification.name" value="Java Virtual Machine Specification"/>
    <property name="java.awt.printerjob" value="sun.print.PSPrinterJob"/>
    <property name="xml.skip" value="true"/>
    <property name="failIfNoTests" value="false"/>
    <property name="sun.os.patch.level" value="unknown"/>
    <property name="java.library.path" value="/usr/java/packages/lib/amd64:/usr/lib/x86_64-linux-gnu/jni:/lib/x86_64-linux-gnu:/usr/lib/x86_64-linux-gnu:/usr/lib/jni:/lib:/usr/lib"/>
    <property name="java.vendor" value="Private Build"/>
    <property name="java.vm.info" value="mixed mode"/>
    <property name="java.vm.version" value="25.292-b10"/>
    <property name="impsort.skip" value="true"/>
    <property name="sun.io.unicode.encoding" value="UnicodeLittle"/>
    <property name="java.ext.dirs" value="/usr/lib/jvm/java-8-openjdk-amd64/jre/lib/ext:/usr/java/packages/lib/ext"/>
    <property name="maven.repo.local" value="/home/throttling/deps"/>
    <property name="enforcer.skip" value="true"/>
    <property name="skip.yarn" value="true"/>
    <property name="java.class.version" value="52.0"/>
    <property name="pgpverify.skip" value="true"/>
  </properties>
  <testcase name="test" classname="delight.nashornsandbox.TestSetWriter" time="0.207"/>
</testsuite><?xml version="1.0" encoding="UTF-8"?>
<testsuite xmlns:xsi="http://www.w3.org/2001/XMLSchema-instance" xsi:noNamespaceSchemaLocation="https://maven.apache.org/surefire/maven-surefire-plugin/xsd/surefire-test-report-3.0.xsd" version="3.0" name="delight.nashornsandbox.TestManyEvalsAndInjections" time="0.534" tests="1" errors="0" skipped="0" failures="0">
  <properties>
    <property name="warbucks.skip" value="true"/>
    <property name="awt.toolkit" value="sun.awt.X11.XToolkit"/>
    <property name="file.encoding.pkg" value="sun.io"/>
    <property name="java.specification.version" value="1.8"/>
    <property name="sun.cpu.isalist" value=""/>
    <property name="sun.jnu.encoding" value="ANSI_X3.4-1968"/>
    <property name="java.class.path" value="/home/throttling/javadelight/delight-nashorn-sandbox/target/test-classes:/home/throttling/javadelight/delight-nashorn-sandbox/target/classes:/home/throttling/deps/org/slf4j/slf4j-api/1.7.25/slf4j-api-1.7.25.jar:/home/throttling/deps/org/webjars/bower/js-beautify/1.6.12/js-beautify-1.6.12.jar:/home/throttling/deps/junit/junit/4.7/junit-4.7.jar:/home/throttling/deps/org/slf4j/slf4j-log4j12/1.7.25/slf4j-log4j12-1.7.25.jar:/home/throttling/deps/log4j/log4j/1.2.17/log4j-1.2.17.jar:"/>
    <property name="java.vm.vendor" value="Private Build"/>
    <property name="maven.javadoc.skip" value="true"/>
    <property name="sun.arch.data.model" value="64"/>
    <property name="java.vendor.url" value="http://java.oracle.com/"/>
    <property name="user.timezone" value="GMT"/>
    <property name="os.name" value="Linux"/>
    <property name="java.vm.specification.version" value="1.8"/>
    <property name="rat.skip" value="true"/>
    <property name="gpg.skip" value="true"/>
    <property name="sun.java.launcher" value="SUN_STANDARD"/>
    <property name="user.country" value="US"/>
    <property name="sun.boot.library.path" value="/usr/lib/jvm/java-8-openjdk-amd64/jre/lib/amd64"/>
    <property name="dependency-check.skip" value="true"/>
    <property name="sun.java.command" value="/home/throttling/javadelight/delight-nashorn-sandbox/target/surefire/surefirebooter70253542056563330.jar /home/throttling/javadelight/delight-nashorn-sandbox/target/surefire 2026-09-16T05-52-38_912-jvmRun1 surefire1362003314166811997tmp surefire_01127640919597696183tmp"/>
    <property name="surefire.test.class.path" value="/home/throttling/javadelight/delight-nashorn-sandbox/target/test-classes:/home/throttling/javadelight/delight-nashorn-sandbox/target/classes:/home/throttling/deps/org/slf4j/slf4j-api/1.7.25/slf4j-api-1.7.25.jar:/home/throttling/deps/org/webjars/bower/js-beautify/1.6.12/js-beautify-1.6.12.jar:/home/throttling/deps/junit/junit/4.7/junit-4.7.jar:/home/throttling/deps/org/slf4j/slf4j-log4j12/1.7.25/slf4j-log4j12-1.7.25.jar:/home/throttling/deps/log4j/log4j/1.2.17/log4j-1.2.17.jar:"/>
    <property name="sun.cpu.endian" value="little"/>
    <property name="user.home" value="/root"/>
    <property name="user.language" value="en"/>
    <property name="skip.installnodenpm" value="true"/>
    <property name="java.specification.vendor" value="Oracle Corporation"/>
    <property name="java.home" value="/usr/lib/jvm/java-8-openjdk-amd64/jre"/>
    <property name="modernizer.skip" value="true"/>
    <property name="file.separator" value="/"/>
    <property name="basedir" value="/home/throttling/javadelight/delight-nashorn-sandbox"/>
    <property name="checkstyle.skip" value="true"/>
    <property name="line.separator" value="&#10;"/>
    <property name="skip.npm" value="true"/>
    <property name="java.vm.specification.vendor" value="Oracle Corporation"/>
    <property name="java.specification.name" value="Java Platform API Specification"/>
    <property name="java.awt.graphicsenv" value="sun.awt.X11GraphicsEnvironment"/>
    <property name="mdep.analyze.skip" value="true"/>
    <property name="surefire.real.class.path" value="/home/throttling/javadelight/delight-nashorn-sandbox/target/surefire/surefirebooter70253542056563330.jar"/>
    <property name="cobertura.skip" value="true"/>
    <property name="sun.boot.class.path" value="/usr/lib/jvm/java-8-openjdk-amd64/jre/lib/resources.jar:/usr/lib/jvm/java-8-openjdk-amd64/jre/lib/rt.jar:/usr/lib/jvm/java-8-openjdk-amd64/jre/lib/sunrsasign.jar:/usr/lib/jvm/java-8-openjdk-amd64/jre/lib/jsse.jar:/usr/lib/jvm/java-8-openjdk-amd64/jre/lib/jce.jar:/usr/lib/jvm/java-8-openjdk-amd64/jre/lib/charsets.jar:/usr/lib/jvm/java-8-openjdk-amd64/jre/lib/jfr.jar:/usr/lib/jvm/java-8-openjdk-amd64/jre/classes"/>
    <property name="sun.management.compiler" value="HotSpot 64-Bit Tiered Compilers"/>
    <property name="java.runtime.version" value="1.8.0_292-8u292-b10-0ubuntu1~18.04-b10"/>
    <property name="user.name" value="root"/>
    <property name="findbugs.skip" value="true"/>
    <property name="path.separator" value=":"/>
    <property name="os.version" value="6.4.16-linuxkit"/>
    <property name="java.endorsed.dirs" value="/usr/lib/jvm/java-8-openjdk-amd64/jre/lib/endorsed"/>
    <property name="java.runtime.name" value="OpenJDK Runtime Environment"/>
    <property name="file.encoding" value="ANSI_X3.4-1968"/>
    <property name="java.vm.name" value="OpenJDK 64-Bit Server VM"/>
    <property name="localRepository" value="/home/throttling/deps"/>
    <property name="java.vendor.url.bug" value="http://bugreport.sun.com/bugreport/"/>
    <property name="java.io.tmpdir" value="/tmp"/>
    <property name="java.version" value="1.8.0_292"/>
    <property name="surefire.runOrder" value="reversealphabetical"/>
    <property name="user.dir" value="/home/throttling/javadelight/delight-nashorn-sandbox"/>
    <property name="os.arch" value="amd64"/>
    <property name="license.skip" value="true"/>
    <property name="animal.sniffer.skip" value="true"/>
    <property name="java.vm.specification.name" value="Java Virtual Machine Specification"/>
    <property name="java.awt.printerjob" value="sun.print.PSPrinterJob"/>
    <property name="xml.skip" value="true"/>
    <property name="failIfNoTests" value="false"/>
    <property name="sun.os.patch.level" value="unknown"/>
    <property name="java.library.path" value="/usr/java/packages/lib/amd64:/usr/lib/x86_64-linux-gnu/jni:/lib/x86_64-linux-gnu:/usr/lib/x86_64-linux-gnu:/usr/lib/jni:/lib:/usr/lib"/>
    <property name="java.vendor" value="Private Build"/>
    <property name="java.vm.info" value="mixed mode"/>
    <property name="java.vm.version" value="25.292-b10"/>
    <property name="impsort.skip" value="true"/>
    <property name="sun.io.unicode.encoding" value="UnicodeLittle"/>
    <property name="java.ext.dirs" value="/usr/lib/jvm/java-8-openjdk-amd64/jre/lib/ext:/usr/java/packages/lib/ext"/>
    <property name="maven.repo.local" value="/home/throttling/deps"/>
    <property name="enforcer.skip" value="true"/>
    <property name="skip.yarn" value="true"/>
    <property name="java.class.version" value="52.0"/>
    <property name="pgpverify.skip" value="true"/>
  </properties>
  <testcase name="test" classname="delight.nashornsandbox.TestManyEvalsAndInjections" time="0.53"/>
</testsuite><?xml version="1.0" encoding="UTF-8"?>
<testsuite xmlns:xsi="http://www.w3.org/2001/XMLSchema-instance" xsi:noNamespaceSchemaLocation="https://maven.apache.org/surefire/maven-surefire-plugin/xsd/surefire-test-report-3.0.xsd" version="3.0" name="delight.nashornsandbox.TestIssue54" time="0.263" tests="1" errors="0" skipped="0" failures="0">
  <properties>
    <property name="warbucks.skip" value="true"/>
    <property name="awt.toolkit" value="sun.awt.X11.XToolkit"/>
    <property name="file.encoding.pkg" value="sun.io"/>
    <property name="java.specification.version" value="1.8"/>
    <property name="sun.cpu.isalist" value=""/>
    <property name="sun.jnu.encoding" value="ANSI_X3.4-1968"/>
    <property name="java.class.path" value="/home/throttling/javadelight/delight-nashorn-sandbox/target/test-classes:/home/throttling/javadelight/delight-nashorn-sandbox/target/classes:/home/throttling/deps/org/slf4j/slf4j-api/1.7.25/slf4j-api-1.7.25.jar:/home/throttling/deps/org/webjars/bower/js-beautify/1.6.12/js-beautify-1.6.12.jar:/home/throttling/deps/junit/junit/4.7/junit-4.7.jar:/home/throttling/deps/org/slf4j/slf4j-log4j12/1.7.25/slf4j-log4j12-1.7.25.jar:/home/throttling/deps/log4j/log4j/1.2.17/log4j-1.2.17.jar:"/>
    <property name="java.vm.vendor" value="Private Build"/>
    <property name="maven.javadoc.skip" value="true"/>
    <property name="sun.arch.data.model" value="64"/>
    <property name="java.vendor.url" value="http://java.oracle.com/"/>
    <property name="user.timezone" value="GMT"/>
    <property name="os.name" value="Linux"/>
    <property name="java.vm.specification.version" value="1.8"/>
    <property name="rat.skip" value="true"/>
    <property name="gpg.skip" value="true"/>
    <property name="sun.java.launcher" value="SUN_STANDARD"/>
    <property name="user.country" value="US"/>
    <property name="sun.boot.library.path" value="/usr/lib/jvm/java-8-openjdk-amd64/jre/lib/amd64"/>
    <property name="dependency-check.skip" value="true"/>
    <property name="sun.java.command" value="/home/throttling/javadelight/delight-nashorn-sandbox/target/surefire/surefirebooter70253542056563330.jar /home/throttling/javadelight/delight-nashorn-sandbox/target/surefire 2026-09-16T05-52-38_912-jvmRun1 surefire1362003314166811997tmp surefire_01127640919597696183tmp"/>
    <property name="surefire.test.class.path" value="/home/throttling/javadelight/delight-nashorn-sandbox/target/test-classes:/home/throttling/javadelight/delight-nashorn-sandbox/target/classes:/home/throttling/deps/org/slf4j/slf4j-api/1.7.25/slf4j-api-1.7.25.jar:/home/throttling/deps/org/webjars/bower/js-beautify/1.6.12/js-beautify-1.6.12.jar:/home/throttling/deps/junit/junit/4.7/junit-4.7.jar:/home/throttling/deps/org/slf4j/slf4j-log4j12/1.7.25/slf4j-log4j12-1.7.25.jar:/home/throttling/deps/log4j/log4j/1.2.17/log4j-1.2.17.jar:"/>
    <property name="sun.cpu.endian" value="little"/>
    <property name="user.home" value="/root"/>
    <property name="user.language" value="en"/>
    <property name="skip.installnodenpm" value="true"/>
    <property name="java.specification.vendor" value="Oracle Corporation"/>
    <property name="java.home" value="/usr/lib/jvm/java-8-openjdk-amd64/jre"/>
    <property name="modernizer.skip" value="true"/>
    <property name="file.separator" value="/"/>
    <property name="basedir" value="/home/throttling/javadelight/delight-nashorn-sandbox"/>
    <property name="checkstyle.skip" value="true"/>
    <property name="line.separator" value="&#10;"/>
    <property name="skip.npm" value="true"/>
    <property name="java.vm.specification.vendor" value="Oracle Corporation"/>
    <property name="java.specification.name" value="Java Platform API Specification"/>
    <property name="java.awt.graphicsenv" value="sun.awt.X11GraphicsEnvironment"/>
    <property name="mdep.analyze.skip" value="true"/>
    <property name="surefire.real.class.path" value="/home/throttling/javadelight/delight-nashorn-sandbox/target/surefire/surefirebooter70253542056563330.jar"/>
    <property name="cobertura.skip" value="true"/>
    <property name="sun.boot.class.path" value="/usr/lib/jvm/java-8-openjdk-amd64/jre/lib/resources.jar:/usr/lib/jvm/java-8-openjdk-amd64/jre/lib/rt.jar:/usr/lib/jvm/java-8-openjdk-amd64/jre/lib/sunrsasign.jar:/usr/lib/jvm/java-8-openjdk-amd64/jre/lib/jsse.jar:/usr/lib/jvm/java-8-openjdk-amd64/jre/lib/jce.jar:/usr/lib/jvm/java-8-openjdk-amd64/jre/lib/charsets.jar:/usr/lib/jvm/java-8-openjdk-amd64/jre/lib/jfr.jar:/usr/lib/jvm/java-8-openjdk-amd64/jre/classes"/>
    <property name="sun.management.compiler" value="HotSpot 64-Bit Tiered Compilers"/>
    <property name="java.runtime.version" value="1.8.0_292-8u292-b10-0ubuntu1~18.04-b10"/>
    <property name="user.name" value="root"/>
    <property name="findbugs.skip" value="true"/>
    <property name="path.separator" value=":"/>
    <property name="os.version" value="6.4.16-linuxkit"/>
    <property name="java.endorsed.dirs" value="/usr/lib/jvm/java-8-openjdk-amd64/jre/lib/endorsed"/>
    <property name="java.runtime.name" value="OpenJDK Runtime Environment"/>
    <property name="file.encoding" value="ANSI_X3.4-1968"/>
    <property name="java.vm.name" value="OpenJDK 64-Bit Server VM"/>
    <property name="localRepository" value="/home/throttling/deps"/>
    <property name="java.vendor.url.bug" value="http://bugreport.sun.com/bugreport/"/>
    <property name="java.io.tmpdir" value="/tmp"/>
    <property name="java.version" value="1.8.0_292"/>
    <property name="surefire.runOrder" value="reversealphabetical"/>
    <property name="user.dir" value="/home/throttling/javadelight/delight-nashorn-sandbox"/>
    <property name="os.arch" value="amd64"/>
    <property name="license.skip" value="true"/>
    <property name="animal.sniffer.skip" value="true"/>
    <property name="java.vm.specification.name" value="Java Virtual Machine Specification"/>
    <property name="java.awt.printerjob" value="sun.print.PSPrinterJob"/>
    <property name="xml.skip" value="true"/>
    <property name="failIfNoTests" value="false"/>
    <property name="sun.os.patch.level" value="unknown"/>
    <property name="java.library.path" value="/usr/java/packages/lib/amd64:/usr/lib/x86_64-linux-gnu/jni:/lib/x86_64-linux-gnu:/usr/lib/x86_64-linux-gnu:/usr/lib/jni:/lib:/usr/lib"/>
    <property name="java.vendor" value="Private Build"/>
    <property name="java.vm.info" value="mixed mode"/>
    <property name="java.vm.version" value="25.292-b10"/>
    <property name="impsort.skip" value="true"/>
    <property name="sun.io.unicode.encoding" value="UnicodeLittle"/>
    <property name="java.ext.dirs" value="/usr/lib/jvm/java-8-openjdk-amd64/jre/lib/ext:/usr/java/packages/lib/ext"/>
    <property name="maven.repo.local" value="/home/throttling/deps"/>
    <property name="enforcer.skip" value="true"/>
    <property name="skip.yarn" value="true"/>
    <property name="java.class.version" value="52.0"/>
    <property name="pgpverify.skip" value="true"/>
  </properties>
  <testcase name="test_valid" classname="delight.nashornsandbox.TestIssue54" time="0.261"/>
</testsuite><?xml version="1.0" encoding="UTF-8"?>
<testsuite xmlns:xsi="http://www.w3.org/2001/XMLSchema-instance" xsi:noNamespaceSchemaLocation="https://maven.apache.org/surefire/maven-surefire-plugin/xsd/surefire-test-report-3.0.xsd" version="3.0" name="delight.nashornsandbox.internal.JsSanitizerTest" time="10.538" tests="7" errors="0" skipped="0" failures="0">
  <properties>
    <property name="warbucks.skip" value="true"/>
    <property name="awt.toolkit" value="sun.awt.X11.XToolkit"/>
    <property name="file.encoding.pkg" value="sun.io"/>
    <property name="java.specification.version" value="1.8"/>
    <property name="sun.cpu.isalist" value=""/>
    <property name="sun.jnu.encoding" value="ANSI_X3.4-1968"/>
    <property name="java.class.path" value="/home/throttling/javadelight/delight-nashorn-sandbox/target/test-classes:/home/throttling/javadelight/delight-nashorn-sandbox/target/classes:/home/throttling/deps/org/slf4j/slf4j-api/1.7.25/slf4j-api-1.7.25.jar:/home/throttling/deps/org/webjars/bower/js-beautify/1.6.12/js-beautify-1.6.12.jar:/home/throttling/deps/junit/junit/4.7/junit-4.7.jar:/home/throttling/deps/org/slf4j/slf4j-log4j12/1.7.25/slf4j-log4j12-1.7.25.jar:/home/throttling/deps/log4j/log4j/1.2.17/log4j-1.2.17.jar:"/>
    <property name="java.vm.vendor" value="Private Build"/>
    <property name="maven.javadoc.skip" value="true"/>
    <property name="sun.arch.data.model" value="64"/>
    <property name="java.vendor.url" value="http://java.oracle.com/"/>
    <property name="user.timezone" value=""/>
    <property name="os.name" value="Linux"/>
    <property name="java.vm.specification.version" value="1.8"/>
    <property name="rat.skip" value="true"/>
    <property name="gpg.skip" value="true"/>
    <property name="sun.java.launcher" value="SUN_STANDARD"/>
    <property name="user.country" value="US"/>
    <property name="sun.boot.library.path" value="/usr/lib/jvm/java-8-openjdk-amd64/jre/lib/amd64"/>
    <property name="dependency-check.skip" value="true"/>
    <property name="sun.java.command" value="/home/throttling/javadelight/delight-nashorn-sandbox/target/surefire/surefirebooter70253542056563330.jar /home/throttling/javadelight/delight-nashorn-sandbox/target/surefire 2026-09-16T05-52-38_912-jvmRun1 surefire1362003314166811997tmp surefire_01127640919597696183tmp"/>
    <property name="surefire.test.class.path" value="/home/throttling/javadelight/delight-nashorn-sandbox/target/test-classes:/home/throttling/javadelight/delight-nashorn-sandbox/target/classes:/home/throttling/deps/org/slf4j/slf4j-api/1.7.25/slf4j-api-1.7.25.jar:/home/throttling/deps/org/webjars/bower/js-beautify/1.6.12/js-beautify-1.6.12.jar:/home/throttling/deps/junit/junit/4.7/junit-4.7.jar:/home/throttling/deps/org/slf4j/slf4j-log4j12/1.7.25/slf4j-log4j12-1.7.25.jar:/home/throttling/deps/log4j/log4j/1.2.17/log4j-1.2.17.jar:"/>
    <property name="sun.cpu.endian" value="little"/>
    <property name="user.home" value="/root"/>
    <property name="user.language" value="en"/>
    <property name="skip.installnodenpm" value="true"/>
    <property name="java.specification.vendor" value="Oracle Corporation"/>
    <property name="java.home" value="/usr/lib/jvm/java-8-openjdk-amd64/jre"/>
    <property name="modernizer.skip" value="true"/>
    <property name="file.separator" value="/"/>
    <property name="basedir" value="/home/throttling/javadelight/delight-nashorn-sandbox"/>
    <property name="checkstyle.skip" value="true"/>
    <property name="line.separator" value="&#10;"/>
    <property name="skip.npm" value="true"/>
    <property name="java.vm.specification.vendor" value="Oracle Corporation"/>
    <property name="java.specification.name" value="Java Platform API Specification"/>
    <property name="java.awt.graphicsenv" value="sun.awt.X11GraphicsEnvironment"/>
    <property name="mdep.analyze.skip" value="true"/>
    <property name="surefire.real.class.path" value="/home/throttling/javadelight/delight-nashorn-sandbox/target/surefire/surefirebooter70253542056563330.jar"/>
    <property name="cobertura.skip" value="true"/>
    <property name="sun.boot.class.path" value="/usr/lib/jvm/java-8-openjdk-amd64/jre/lib/resources.jar:/usr/lib/jvm/java-8-openjdk-amd64/jre/lib/rt.jar:/usr/lib/jvm/java-8-openjdk-amd64/jre/lib/sunrsasign.jar:/usr/lib/jvm/java-8-openjdk-amd64/jre/lib/jsse.jar:/usr/lib/jvm/java-8-openjdk-amd64/jre/lib/jce.jar:/usr/lib/jvm/java-8-openjdk-amd64/jre/lib/charsets.jar:/usr/lib/jvm/java-8-openjdk-amd64/jre/lib/jfr.jar:/usr/lib/jvm/java-8-openjdk-amd64/jre/classes"/>
    <property name="sun.management.compiler" value="HotSpot 64-Bit Tiered Compilers"/>
    <property name="java.runtime.version" value="1.8.0_292-8u292-b10-0ubuntu1~18.04-b10"/>
    <property name="user.name" value="root"/>
    <property name="findbugs.skip" value="true"/>
    <property name="path.separator" value=":"/>
    <property name="os.version" value="6.4.16-linuxkit"/>
    <property name="java.endorsed.dirs" value="/usr/lib/jvm/java-8-openjdk-amd64/jre/lib/endorsed"/>
    <property name="java.runtime.name" value="OpenJDK Runtime Environment"/>
    <property name="file.encoding" value="ANSI_X3.4-1968"/>
    <property name="java.vm.name" value="OpenJDK 64-Bit Server VM"/>
    <property name="localRepository" value="/home/throttling/deps"/>
    <property name="java.vendor.url.bug" value="http://bugreport.sun.com/bugreport/"/>
    <property name="java.io.tmpdir" value="/tmp"/>
    <property name="java.version" value="1.8.0_292"/>
    <property name="surefire.runOrder" value="reversealphabetical"/>
    <property name="user.dir" value="/home/throttling/javadelight/delight-nashorn-sandbox"/>
    <property name="os.arch" value="amd64"/>
    <property name="license.skip" value="true"/>
    <property name="animal.sniffer.skip" value="true"/>
    <property name="java.vm.specification.name" value="Java Virtual Machine Specification"/>
    <property name="java.awt.printerjob" value="sun.print.PSPrinterJob"/>
    <property name="xml.skip" value="true"/>
    <property name="failIfNoTests" value="false"/>
    <property name="sun.os.patch.level" value="unknown"/>
    <property name="java.library.path" value="/usr/java/packages/lib/amd64:/usr/lib/x86_64-linux-gnu/jni:/lib/x86_64-linux-gnu:/usr/lib/x86_64-linux-gnu:/usr/lib/jni:/lib:/usr/lib"/>
    <property name="java.vendor" value="Private Build"/>
    <property name="java.vm.info" value="mixed mode"/>
    <property name="java.vm.version" value="25.292-b10"/>
    <property name="impsort.skip" value="true"/>
    <property name="sun.io.unicode.encoding" value="UnicodeLittle"/>
    <property name="java.ext.dirs" value="/usr/lib/jvm/java-8-openjdk-amd64/jre/lib/ext:/usr/java/packages/lib/ext"/>
    <property name="maven.repo.local" value="/home/throttling/deps"/>
    <property name="enforcer.skip" value="true"/>
    <property name="skip.yarn" value="true"/>
    <property name="java.class.version" value="52.0"/>
    <property name="pgpverify.skip" value="true"/>
  </properties>
  <testcase name="testSecureJs_10statment" classname="delight.nashornsandbox.internal.JsSanitizerTest" time="3.981"/>
  <testcase name="testSecureJs_10statment_break" classname="delight.nashornsandbox.internal.JsSanitizerTest" time="1.475"/>
  <testcase name="testSecureJs_simple" classname="delight.nashornsandbox.internal.JsSanitizerTest" time="0.975"/>
  <testcase name="test_issue_66_case1" classname="delight.nashornsandbox.internal.JsSanitizerTest" time="1.234">
    <system-out><![CDATA[t1test
]]></system-out>
  </testcase>
  <testcase name="testCheckBracess" classname="delight.nashornsandbox.internal.JsSanitizerTest" time="1.126"/>
  <testcase name="test_issue_66_case2" classname="delight.nashornsandbox.internal.JsSanitizerTest" time="1.289"/>
  <testcase name="testSecureJs" classname="delight.nashornsandbox.internal.JsSanitizerTest" time="0.439"/>
</testsuite><?xml version="1.0" encoding="UTF-8"?>
<testsuite xmlns:xsi="http://www.w3.org/2001/XMLSchema-instance" xsi:noNamespaceSchemaLocation="https://maven.apache.org/surefire/maven-surefire-plugin/xsd/surefire-test-report-3.0.xsd" version="3.0" name="delight.nashornsandbox.TestMemoryLimit" time="1.999" tests="4" errors="0" skipped="0" failures="0">
  <properties>
    <property name="warbucks.skip" value="true"/>
    <property name="awt.toolkit" value="sun.awt.X11.XToolkit"/>
    <property name="file.encoding.pkg" value="sun.io"/>
    <property name="java.specification.version" value="1.8"/>
    <property name="sun.cpu.isalist" value=""/>
    <property name="sun.jnu.encoding" value="ANSI_X3.4-1968"/>
    <property name="java.class.path" value="/home/throttling/javadelight/delight-nashorn-sandbox/target/test-classes:/home/throttling/javadelight/delight-nashorn-sandbox/target/classes:/home/throttling/deps/org/slf4j/slf4j-api/1.7.25/slf4j-api-1.7.25.jar:/home/throttling/deps/org/webjars/bower/js-beautify/1.6.12/js-beautify-1.6.12.jar:/home/throttling/deps/junit/junit/4.7/junit-4.7.jar:/home/throttling/deps/org/slf4j/slf4j-log4j12/1.7.25/slf4j-log4j12-1.7.25.jar:/home/throttling/deps/log4j/log4j/1.2.17/log4j-1.2.17.jar:"/>
    <property name="java.vm.vendor" value="Private Build"/>
    <property name="maven.javadoc.skip" value="true"/>
    <property name="sun.arch.data.model" value="64"/>
    <property name="java.vendor.url" value="http://java.oracle.com/"/>
    <property name="user.timezone" value="GMT"/>
    <property name="os.name" value="Linux"/>
    <property name="java.vm.specification.version" value="1.8"/>
    <property name="rat.skip" value="true"/>
    <property name="gpg.skip" value="true"/>
    <property name="sun.java.launcher" value="SUN_STANDARD"/>
    <property name="user.country" value="US"/>
    <property name="sun.boot.library.path" value="/usr/lib/jvm/java-8-openjdk-amd64/jre/lib/amd64"/>
    <property name="dependency-check.skip" value="true"/>
    <property name="sun.java.command" value="/home/throttling/javadelight/delight-nashorn-sandbox/target/surefire/surefirebooter70253542056563330.jar /home/throttling/javadelight/delight-nashorn-sandbox/target/surefire 2026-09-16T05-52-38_912-jvmRun1 surefire1362003314166811997tmp surefire_01127640919597696183tmp"/>
    <property name="surefire.test.class.path" value="/home/throttling/javadelight/delight-nashorn-sandbox/target/test-classes:/home/throttling/javadelight/delight-nashorn-sandbox/target/classes:/home/throttling/deps/org/slf4j/slf4j-api/1.7.25/slf4j-api-1.7.25.jar:/home/throttling/deps/org/webjars/bower/js-beautify/1.6.12/js-beautify-1.6.12.jar:/home/throttling/deps/junit/junit/4.7/junit-4.7.jar:/home/throttling/deps/org/slf4j/slf4j-log4j12/1.7.25/slf4j-log4j12-1.7.25.jar:/home/throttling/deps/log4j/log4j/1.2.17/log4j-1.2.17.jar:"/>
    <property name="sun.cpu.endian" value="little"/>
    <property name="user.home" value="/root"/>
    <property name="user.language" value="en"/>
    <property name="skip.installnodenpm" value="true"/>
    <property name="java.specification.vendor" value="Oracle Corporation"/>
    <property name="java.home" value="/usr/lib/jvm/java-8-openjdk-amd64/jre"/>
    <property name="modernizer.skip" value="true"/>
    <property name="file.separator" value="/"/>
    <property name="basedir" value="/home/throttling/javadelight/delight-nashorn-sandbox"/>
    <property name="checkstyle.skip" value="true"/>
    <property name="line.separator" value="&#10;"/>
    <property name="skip.npm" value="true"/>
    <property name="java.vm.specification.vendor" value="Oracle Corporation"/>
    <property name="java.specification.name" value="Java Platform API Specification"/>
    <property name="java.awt.graphicsenv" value="sun.awt.X11GraphicsEnvironment"/>
    <property name="mdep.analyze.skip" value="true"/>
    <property name="surefire.real.class.path" value="/home/throttling/javadelight/delight-nashorn-sandbox/target/surefire/surefirebooter70253542056563330.jar"/>
    <property name="cobertura.skip" value="true"/>
    <property name="sun.boot.class.path" value="/usr/lib/jvm/java-8-openjdk-amd64/jre/lib/resources.jar:/usr/lib/jvm/java-8-openjdk-amd64/jre/lib/rt.jar:/usr/lib/jvm/java-8-openjdk-amd64/jre/lib/sunrsasign.jar:/usr/lib/jvm/java-8-openjdk-amd64/jre/lib/jsse.jar:/usr/lib/jvm/java-8-openjdk-amd64/jre/lib/jce.jar:/usr/lib/jvm/java-8-openjdk-amd64/jre/lib/charsets.jar:/usr/lib/jvm/java-8-openjdk-amd64/jre/lib/jfr.jar:/usr/lib/jvm/java-8-openjdk-amd64/jre/classes"/>
    <property name="sun.management.compiler" value="HotSpot 64-Bit Tiered Compilers"/>
    <property name="java.runtime.version" value="1.8.0_292-8u292-b10-0ubuntu1~18.04-b10"/>
    <property name="user.name" value="root"/>
    <property name="findbugs.skip" value="true"/>
    <property name="path.separator" value=":"/>
    <property name="os.version" value="6.4.16-linuxkit"/>
    <property name="java.endorsed.dirs" value="/usr/lib/jvm/java-8-openjdk-amd64/jre/lib/endorsed"/>
    <property name="java.runtime.name" value="OpenJDK Runtime Environment"/>
    <property name="file.encoding" value="ANSI_X3.4-1968"/>
    <property name="java.vm.name" value="OpenJDK 64-Bit Server VM"/>
    <property name="localRepository" value="/home/throttling/deps"/>
    <property name="java.vendor.url.bug" value="http://bugreport.sun.com/bugreport/"/>
    <property name="java.io.tmpdir" value="/tmp"/>
    <property name="java.version" value="1.8.0_292"/>
    <property name="surefire.runOrder" value="reversealphabetical"/>
    <property name="user.dir" value="/home/throttling/javadelight/delight-nashorn-sandbox"/>
    <property name="os.arch" value="amd64"/>
    <property name="license.skip" value="true"/>
    <property name="animal.sniffer.skip" value="true"/>
    <property name="java.vm.specification.name" value="Java Virtual Machine Specification"/>
    <property name="java.awt.printerjob" value="sun.print.PSPrinterJob"/>
    <property name="xml.skip" value="true"/>
    <property name="failIfNoTests" value="false"/>
    <property name="sun.os.patch.level" value="unknown"/>
    <property name="java.library.path" value="/usr/java/packages/lib/amd64:/usr/lib/x86_64-linux-gnu/jni:/lib/x86_64-linux-gnu:/usr/lib/x86_64-linux-gnu:/usr/lib/jni:/lib:/usr/lib"/>
    <property name="java.vendor" value="Private Build"/>
    <property name="java.vm.info" value="mixed mode"/>
    <property name="java.vm.version" value="25.292-b10"/>
    <property name="impsort.skip" value="true"/>
    <property name="sun.io.unicode.encoding" value="UnicodeLittle"/>
    <property name="java.ext.dirs" value="/usr/lib/jvm/java-8-openjdk-amd64/jre/lib/ext:/usr/java/packages/lib/ext"/>
    <property name="maven.repo.local" value="/home/throttling/deps"/>
    <property name="enforcer.skip" value="true"/>
    <property name="skip.yarn" value="true"/>
    <property name="java.class.version" value="52.0"/>
    <property name="pgpverify.skip" value="true"/>
  </properties>
  <testcase name="test" classname="delight.nashornsandbox.TestMemoryLimit" time="0.447"/>
  <testcase name="test_no_abuse" classname="delight.nashornsandbox.TestMemoryLimit" time="0.513"/>
  <testcase name="test_killed" classname="delight.nashornsandbox.TestMemoryLimit" time="0.71">
    <system-out><![CDATA[0    [main] ERROR delight.nashornsandbox.NashornSandbox  - ThreadMonitor: Thread hard shutdown!
]]></system-out>
  </testcase>
  <testcase name="test_noexpectedbraces" classname="delight.nashornsandbox.TestMemoryLimit" time="0.319"/>
</testsuite><?xml version="1.0" encoding="UTF-8"?>
<testsuite xmlns:xsi="http://www.w3.org/2001/XMLSchema-instance" xsi:noNamespaceSchemaLocation="https://maven.apache.org/surefire/maven-surefire-plugin/xsd/surefire-test-report-3.0.xsd" version="3.0" name="delight.nashornsandbox.TestIssue57" time="0.043" tests="1" errors="0" skipped="0" failures="0">
  <properties>
    <property name="warbucks.skip" value="true"/>
    <property name="awt.toolkit" value="sun.awt.X11.XToolkit"/>
    <property name="file.encoding.pkg" value="sun.io"/>
    <property name="java.specification.version" value="1.8"/>
    <property name="sun.cpu.isalist" value=""/>
    <property name="sun.jnu.encoding" value="ANSI_X3.4-1968"/>
    <property name="java.class.path" value="/home/throttling/javadelight/delight-nashorn-sandbox/target/test-classes:/home/throttling/javadelight/delight-nashorn-sandbox/target/classes:/home/throttling/deps/org/slf4j/slf4j-api/1.7.25/slf4j-api-1.7.25.jar:/home/throttling/deps/org/webjars/bower/js-beautify/1.6.12/js-beautify-1.6.12.jar:/home/throttling/deps/junit/junit/4.7/junit-4.7.jar:/home/throttling/deps/org/slf4j/slf4j-log4j12/1.7.25/slf4j-log4j12-1.7.25.jar:/home/throttling/deps/log4j/log4j/1.2.17/log4j-1.2.17.jar:"/>
    <property name="java.vm.vendor" value="Private Build"/>
    <property name="maven.javadoc.skip" value="true"/>
    <property name="sun.arch.data.model" value="64"/>
    <property name="java.vendor.url" value="http://java.oracle.com/"/>
    <property name="user.timezone" value="GMT"/>
    <property name="os.name" value="Linux"/>
    <property name="java.vm.specification.version" value="1.8"/>
    <property name="rat.skip" value="true"/>
    <property name="gpg.skip" value="true"/>
    <property name="sun.java.launcher" value="SUN_STANDARD"/>
    <property name="user.country" value="US"/>
    <property name="sun.boot.library.path" value="/usr/lib/jvm/java-8-openjdk-amd64/jre/lib/amd64"/>
    <property name="dependency-check.skip" value="true"/>
    <property name="sun.java.command" value="/home/throttling/javadelight/delight-nashorn-sandbox/target/surefire/surefirebooter70253542056563330.jar /home/throttling/javadelight/delight-nashorn-sandbox/target/surefire 2026-09-16T05-52-38_912-jvmRun1 surefire1362003314166811997tmp surefire_01127640919597696183tmp"/>
    <property name="surefire.test.class.path" value="/home/throttling/javadelight/delight-nashorn-sandbox/target/test-classes:/home/throttling/javadelight/delight-nashorn-sandbox/target/classes:/home/throttling/deps/org/slf4j/slf4j-api/1.7.25/slf4j-api-1.7.25.jar:/home/throttling/deps/org/webjars/bower/js-beautify/1.6.12/js-beautify-1.6.12.jar:/home/throttling/deps/junit/junit/4.7/junit-4.7.jar:/home/throttling/deps/org/slf4j/slf4j-log4j12/1.7.25/slf4j-log4j12-1.7.25.jar:/home/throttling/deps/log4j/log4j/1.2.17/log4j-1.2.17.jar:"/>
    <property name="sun.cpu.endian" value="little"/>
    <property name="user.home" value="/root"/>
    <property name="user.language" value="en"/>
    <property name="skip.installnodenpm" value="true"/>
    <property name="java.specification.vendor" value="Oracle Corporation"/>
    <property name="java.home" value="/usr/lib/jvm/java-8-openjdk-amd64/jre"/>
    <property name="modernizer.skip" value="true"/>
    <property name="file.separator" value="/"/>
    <property name="basedir" value="/home/throttling/javadelight/delight-nashorn-sandbox"/>
    <property name="checkstyle.skip" value="true"/>
    <property name="line.separator" value="&#10;"/>
    <property name="skip.npm" value="true"/>
    <property name="java.vm.specification.vendor" value="Oracle Corporation"/>
    <property name="java.specification.name" value="Java Platform API Specification"/>
    <property name="java.awt.graphicsenv" value="sun.awt.X11GraphicsEnvironment"/>
    <property name="mdep.analyze.skip" value="true"/>
    <property name="surefire.real.class.path" value="/home/throttling/javadelight/delight-nashorn-sandbox/target/surefire/surefirebooter70253542056563330.jar"/>
    <property name="cobertura.skip" value="true"/>
    <property name="sun.boot.class.path" value="/usr/lib/jvm/java-8-openjdk-amd64/jre/lib/resources.jar:/usr/lib/jvm/java-8-openjdk-amd64/jre/lib/rt.jar:/usr/lib/jvm/java-8-openjdk-amd64/jre/lib/sunrsasign.jar:/usr/lib/jvm/java-8-openjdk-amd64/jre/lib/jsse.jar:/usr/lib/jvm/java-8-openjdk-amd64/jre/lib/jce.jar:/usr/lib/jvm/java-8-openjdk-amd64/jre/lib/charsets.jar:/usr/lib/jvm/java-8-openjdk-amd64/jre/lib/jfr.jar:/usr/lib/jvm/java-8-openjdk-amd64/jre/classes"/>
    <property name="sun.management.compiler" value="HotSpot 64-Bit Tiered Compilers"/>
    <property name="java.runtime.version" value="1.8.0_292-8u292-b10-0ubuntu1~18.04-b10"/>
    <property name="user.name" value="root"/>
    <property name="findbugs.skip" value="true"/>
    <property name="path.separator" value=":"/>
    <property name="os.version" value="6.4.16-linuxkit"/>
    <property name="java.endorsed.dirs" value="/usr/lib/jvm/java-8-openjdk-amd64/jre/lib/endorsed"/>
    <property name="java.runtime.name" value="OpenJDK Runtime Environment"/>
    <property name="file.encoding" value="ANSI_X3.4-1968"/>
    <property name="java.vm.name" value="OpenJDK 64-Bit Server VM"/>
    <property name="localRepository" value="/home/throttling/deps"/>
    <property name="java.vendor.url.bug" value="http://bugreport.sun.com/bugreport/"/>
    <property name="java.io.tmpdir" value="/tmp"/>
    <property name="java.version" value="1.8.0_292"/>
    <property name="surefire.runOrder" value="reversealphabetical"/>
    <property name="user.dir" value="/home/throttling/javadelight/delight-nashorn-sandbox"/>
    <property name="os.arch" value="amd64"/>
    <property name="license.skip" value="true"/>
    <property name="animal.sniffer.skip" value="true"/>
    <property name="java.vm.specification.name" value="Java Virtual Machine Specification"/>
    <property name="java.awt.printerjob" value="sun.print.PSPrinterJob"/>
    <property name="xml.skip" value="true"/>
    <property name="failIfNoTests" value="false"/>
    <property name="sun.os.patch.level" value="unknown"/>
    <property name="java.library.path" value="/usr/java/packages/lib/amd64:/usr/lib/x86_64-linux-gnu/jni:/lib/x86_64-linux-gnu:/usr/lib/x86_64-linux-gnu:/usr/lib/jni:/lib:/usr/lib"/>
    <property name="java.vendor" value="Private Build"/>
    <property name="java.vm.info" value="mixed mode"/>
    <property name="java.vm.version" value="25.292-b10"/>
    <property name="impsort.skip" value="true"/>
    <property name="sun.io.unicode.encoding" value="UnicodeLittle"/>
    <property name="java.ext.dirs" value="/usr/lib/jvm/java-8-openjdk-amd64/jre/lib/ext:/usr/java/packages/lib/ext"/>
    <property name="maven.repo.local" value="/home/throttling/deps"/>
    <property name="enforcer.skip" value="true"/>
    <property name="skip.yarn" value="true"/>
    <property name="java.class.version" value="52.0"/>
    <property name="pgpverify.skip" value="true"/>
  </properties>
  <testcase name="testMapReduce" classname="delight.nashornsandbox.TestIssue57" time="0.038"/>
</testsuite><?xml version="1.0" encoding="UTF-8"?>
<testsuite xmlns:xsi="http://www.w3.org/2001/XMLSchema-instance" xsi:noNamespaceSchemaLocation="https://maven.apache.org/surefire/maven-surefire-plugin/xsd/surefire-test-report-3.0.xsd" version="3.0" name="delight.nashornsandbox.TestAllowAccess" time="0.099" tests="1" errors="0" skipped="0" failures="0">
  <properties>
    <property name="warbucks.skip" value="true"/>
    <property name="awt.toolkit" value="sun.awt.X11.XToolkit"/>
    <property name="file.encoding.pkg" value="sun.io"/>
    <property name="java.specification.version" value="1.8"/>
    <property name="sun.cpu.isalist" value=""/>
    <property name="sun.jnu.encoding" value="ANSI_X3.4-1968"/>
    <property name="java.class.path" value="/home/throttling/javadelight/delight-nashorn-sandbox/target/test-classes:/home/throttling/javadelight/delight-nashorn-sandbox/target/classes:/home/throttling/deps/org/slf4j/slf4j-api/1.7.25/slf4j-api-1.7.25.jar:/home/throttling/deps/org/webjars/bower/js-beautify/1.6.12/js-beautify-1.6.12.jar:/home/throttling/deps/junit/junit/4.7/junit-4.7.jar:/home/throttling/deps/org/slf4j/slf4j-log4j12/1.7.25/slf4j-log4j12-1.7.25.jar:/home/throttling/deps/log4j/log4j/1.2.17/log4j-1.2.17.jar:"/>
    <property name="java.vm.vendor" value="Private Build"/>
    <property name="maven.javadoc.skip" value="true"/>
    <property name="sun.arch.data.model" value="64"/>
    <property name="java.vendor.url" value="http://java.oracle.com/"/>
    <property name="user.timezone" value="GMT"/>
    <property name="os.name" value="Linux"/>
    <property name="java.vm.specification.version" value="1.8"/>
    <property name="rat.skip" value="true"/>
    <property name="gpg.skip" value="true"/>
    <property name="sun.java.launcher" value="SUN_STANDARD"/>
    <property name="user.country" value="US"/>
    <property name="sun.boot.library.path" value="/usr/lib/jvm/java-8-openjdk-amd64/jre/lib/amd64"/>
    <property name="dependency-check.skip" value="true"/>
    <property name="sun.java.command" value="/home/throttling/javadelight/delight-nashorn-sandbox/target/surefire/surefirebooter70253542056563330.jar /home/throttling/javadelight/delight-nashorn-sandbox/target/surefire 2026-09-16T05-52-38_912-jvmRun1 surefire1362003314166811997tmp surefire_01127640919597696183tmp"/>
    <property name="surefire.test.class.path" value="/home/throttling/javadelight/delight-nashorn-sandbox/target/test-classes:/home/throttling/javadelight/delight-nashorn-sandbox/target/classes:/home/throttling/deps/org/slf4j/slf4j-api/1.7.25/slf4j-api-1.7.25.jar:/home/throttling/deps/org/webjars/bower/js-beautify/1.6.12/js-beautify-1.6.12.jar:/home/throttling/deps/junit/junit/4.7/junit-4.7.jar:/home/throttling/deps/org/slf4j/slf4j-log4j12/1.7.25/slf4j-log4j12-1.7.25.jar:/home/throttling/deps/log4j/log4j/1.2.17/log4j-1.2.17.jar:"/>
    <property name="sun.cpu.endian" value="little"/>
    <property name="user.home" value="/root"/>
    <property name="user.language" value="en"/>
    <property name="skip.installnodenpm" value="true"/>
    <property name="java.specification.vendor" value="Oracle Corporation"/>
    <property name="java.home" value="/usr/lib/jvm/java-8-openjdk-amd64/jre"/>
    <property name="modernizer.skip" value="true"/>
    <property name="file.separator" value="/"/>
    <property name="basedir" value="/home/throttling/javadelight/delight-nashorn-sandbox"/>
    <property name="checkstyle.skip" value="true"/>
    <property name="line.separator" value="&#10;"/>
    <property name="skip.npm" value="true"/>
    <property name="java.vm.specification.vendor" value="Oracle Corporation"/>
    <property name="java.specification.name" value="Java Platform API Specification"/>
    <property name="java.awt.graphicsenv" value="sun.awt.X11GraphicsEnvironment"/>
    <property name="mdep.analyze.skip" value="true"/>
    <property name="surefire.real.class.path" value="/home/throttling/javadelight/delight-nashorn-sandbox/target/surefire/surefirebooter70253542056563330.jar"/>
    <property name="cobertura.skip" value="true"/>
    <property name="sun.boot.class.path" value="/usr/lib/jvm/java-8-openjdk-amd64/jre/lib/resources.jar:/usr/lib/jvm/java-8-openjdk-amd64/jre/lib/rt.jar:/usr/lib/jvm/java-8-openjdk-amd64/jre/lib/sunrsasign.jar:/usr/lib/jvm/java-8-openjdk-amd64/jre/lib/jsse.jar:/usr/lib/jvm/java-8-openjdk-amd64/jre/lib/jce.jar:/usr/lib/jvm/java-8-openjdk-amd64/jre/lib/charsets.jar:/usr/lib/jvm/java-8-openjdk-amd64/jre/lib/jfr.jar:/usr/lib/jvm/java-8-openjdk-amd64/jre/classes"/>
    <property name="sun.management.compiler" value="HotSpot 64-Bit Tiered Compilers"/>
    <property name="java.runtime.version" value="1.8.0_292-8u292-b10-0ubuntu1~18.04-b10"/>
    <property name="user.name" value="root"/>
    <property name="findbugs.skip" value="true"/>
    <property name="path.separator" value=":"/>
    <property name="os.version" value="6.4.16-linuxkit"/>
    <property name="java.endorsed.dirs" value="/usr/lib/jvm/java-8-openjdk-amd64/jre/lib/endorsed"/>
    <property name="java.runtime.name" value="OpenJDK Runtime Environment"/>
    <property name="file.encoding" value="ANSI_X3.4-1968"/>
    <property name="java.vm.name" value="OpenJDK 64-Bit Server VM"/>
    <property name="localRepository" value="/home/throttling/deps"/>
    <property name="java.vendor.url.bug" value="http://bugreport.sun.com/bugreport/"/>
    <property name="java.io.tmpdir" value="/tmp"/>
    <property name="java.version" value="1.8.0_292"/>
    <property name="surefire.runOrder" value="reversealphabetical"/>
    <property name="user.dir" value="/home/throttling/javadelight/delight-nashorn-sandbox"/>
    <property name="os.arch" value="amd64"/>
    <property name="license.skip" value="true"/>
    <property name="animal.sniffer.skip" value="true"/>
    <property name="java.vm.specification.name" value="Java Virtual Machine Specification"/>
    <property name="java.awt.printerjob" value="sun.print.PSPrinterJob"/>
    <property name="xml.skip" value="true"/>
    <property name="failIfNoTests" value="false"/>
    <property name="sun.os.patch.level" value="unknown"/>
    <property name="java.library.path" value="/usr/java/packages/lib/amd64:/usr/lib/x86_64-linux-gnu/jni:/lib/x86_64-linux-gnu:/usr/lib/x86_64-linux-gnu:/usr/lib/jni:/lib:/usr/lib"/>
    <property name="java.vendor" value="Private Build"/>
    <property name="java.vm.info" value="mixed mode"/>
    <property name="java.vm.version" value="25.292-b10"/>
    <property name="impsort.skip" value="true"/>
    <property name="sun.io.unicode.encoding" value="UnicodeLittle"/>
    <property name="java.ext.dirs" value="/usr/lib/jvm/java-8-openjdk-amd64/jre/lib/ext:/usr/java/packages/lib/ext"/>
    <property name="maven.repo.local" value="/home/throttling/deps"/>
    <property name="enforcer.skip" value="true"/>
    <property name="skip.yarn" value="true"/>
    <property name="java.class.version" value="52.0"/>
    <property name="pgpverify.skip" value="true"/>
  </properties>
  <testcase name="test_file" classname="delight.nashornsandbox.TestAllowAccess" time="0.093"/>
</testsuite><?xml version="1.0" encoding="UTF-8"?>
<testsuite xmlns:xsi="http://www.w3.org/2001/XMLSchema-instance" xsi:noNamespaceSchemaLocation="https://maven.apache.org/surefire/maven-surefire-plugin/xsd/surefire-test-report-3.0.xsd" version="3.0" name="delight.nashornsandbox.TestExceptions" time="0.407" tests="4" errors="0" skipped="0" failures="0">
  <properties>
    <property name="warbucks.skip" value="true"/>
    <property name="awt.toolkit" value="sun.awt.X11.XToolkit"/>
    <property name="file.encoding.pkg" value="sun.io"/>
    <property name="java.specification.version" value="1.8"/>
    <property name="sun.cpu.isalist" value=""/>
    <property name="sun.jnu.encoding" value="ANSI_X3.4-1968"/>
    <property name="java.class.path" value="/home/throttling/javadelight/delight-nashorn-sandbox/target/test-classes:/home/throttling/javadelight/delight-nashorn-sandbox/target/classes:/home/throttling/deps/org/slf4j/slf4j-api/1.7.25/slf4j-api-1.7.25.jar:/home/throttling/deps/org/webjars/bower/js-beautify/1.6.12/js-beautify-1.6.12.jar:/home/throttling/deps/junit/junit/4.7/junit-4.7.jar:/home/throttling/deps/org/slf4j/slf4j-log4j12/1.7.25/slf4j-log4j12-1.7.25.jar:/home/throttling/deps/log4j/log4j/1.2.17/log4j-1.2.17.jar:"/>
    <property name="java.vm.vendor" value="Private Build"/>
    <property name="maven.javadoc.skip" value="true"/>
    <property name="sun.arch.data.model" value="64"/>
    <property name="java.vendor.url" value="http://java.oracle.com/"/>
    <property name="user.timezone" value="GMT"/>
    <property name="os.name" value="Linux"/>
    <property name="java.vm.specification.version" value="1.8"/>
    <property name="rat.skip" value="true"/>
    <property name="gpg.skip" value="true"/>
    <property name="sun.java.launcher" value="SUN_STANDARD"/>
    <property name="user.country" value="US"/>
    <property name="sun.boot.library.path" value="/usr/lib/jvm/java-8-openjdk-amd64/jre/lib/amd64"/>
    <property name="dependency-check.skip" value="true"/>
    <property name="sun.java.command" value="/home/throttling/javadelight/delight-nashorn-sandbox/target/surefire/surefirebooter70253542056563330.jar /home/throttling/javadelight/delight-nashorn-sandbox/target/surefire 2026-09-16T05-52-38_912-jvmRun1 surefire1362003314166811997tmp surefire_01127640919597696183tmp"/>
    <property name="surefire.test.class.path" value="/home/throttling/javadelight/delight-nashorn-sandbox/target/test-classes:/home/throttling/javadelight/delight-nashorn-sandbox/target/classes:/home/throttling/deps/org/slf4j/slf4j-api/1.7.25/slf4j-api-1.7.25.jar:/home/throttling/deps/org/webjars/bower/js-beautify/1.6.12/js-beautify-1.6.12.jar:/home/throttling/deps/junit/junit/4.7/junit-4.7.jar:/home/throttling/deps/org/slf4j/slf4j-log4j12/1.7.25/slf4j-log4j12-1.7.25.jar:/home/throttling/deps/log4j/log4j/1.2.17/log4j-1.2.17.jar:"/>
    <property name="sun.cpu.endian" value="little"/>
    <property name="user.home" value="/root"/>
    <property name="user.language" value="en"/>
    <property name="skip.installnodenpm" value="true"/>
    <property name="java.specification.vendor" value="Oracle Corporation"/>
    <property name="java.home" value="/usr/lib/jvm/java-8-openjdk-amd64/jre"/>
    <property name="modernizer.skip" value="true"/>
    <property name="file.separator" value="/"/>
    <property name="basedir" value="/home/throttling/javadelight/delight-nashorn-sandbox"/>
    <property name="checkstyle.skip" value="true"/>
    <property name="line.separator" value="&#10;"/>
    <property name="skip.npm" value="true"/>
    <property name="java.vm.specification.vendor" value="Oracle Corporation"/>
    <property name="java.specification.name" value="Java Platform API Specification"/>
    <property name="java.awt.graphicsenv" value="sun.awt.X11GraphicsEnvironment"/>
    <property name="mdep.analyze.skip" value="true"/>
    <property name="surefire.real.class.path" value="/home/throttling/javadelight/delight-nashorn-sandbox/target/surefire/surefirebooter70253542056563330.jar"/>
    <property name="cobertura.skip" value="true"/>
    <property name="sun.boot.class.path" value="/usr/lib/jvm/java-8-openjdk-amd64/jre/lib/resources.jar:/usr/lib/jvm/java-8-openjdk-amd64/jre/lib/rt.jar:/usr/lib/jvm/java-8-openjdk-amd64/jre/lib/sunrsasign.jar:/usr/lib/jvm/java-8-openjdk-amd64/jre/lib/jsse.jar:/usr/lib/jvm/java-8-openjdk-amd64/jre/lib/jce.jar:/usr/lib/jvm/java-8-openjdk-amd64/jre/lib/charsets.jar:/usr/lib/jvm/java-8-openjdk-amd64/jre/lib/jfr.jar:/usr/lib/jvm/java-8-openjdk-amd64/jre/classes"/>
    <property name="sun.management.compiler" value="HotSpot 64-Bit Tiered Compilers"/>
    <property name="java.runtime.version" value="1.8.0_292-8u292-b10-0ubuntu1~18.04-b10"/>
    <property name="user.name" value="root"/>
    <property name="findbugs.skip" value="true"/>
    <property name="path.separator" value=":"/>
    <property name="os.version" value="6.4.16-linuxkit"/>
    <property name="java.endorsed.dirs" value="/usr/lib/jvm/java-8-openjdk-amd64/jre/lib/endorsed"/>
    <property name="java.runtime.name" value="OpenJDK Runtime Environment"/>
    <property name="file.encoding" value="ANSI_X3.4-1968"/>
    <property name="java.vm.name" value="OpenJDK 64-Bit Server VM"/>
    <property name="localRepository" value="/home/throttling/deps"/>
    <property name="java.vendor.url.bug" value="http://bugreport.sun.com/bugreport/"/>
    <property name="java.io.tmpdir" value="/tmp"/>
    <property name="java.version" value="1.8.0_292"/>
    <property name="surefire.runOrder" value="reversealphabetical"/>
    <property name="user.dir" value="/home/throttling/javadelight/delight-nashorn-sandbox"/>
    <property name="os.arch" value="amd64"/>
    <property name="license.skip" value="true"/>
    <property name="animal.sniffer.skip" value="true"/>
    <property name="java.vm.specification.name" value="Java Virtual Machine Specification"/>
    <property name="java.awt.printerjob" value="sun.print.PSPrinterJob"/>
    <property name="xml.skip" value="true"/>
    <property name="failIfNoTests" value="false"/>
    <property name="sun.os.patch.level" value="unknown"/>
    <property name="java.library.path" value="/usr/java/packages/lib/amd64:/usr/lib/x86_64-linux-gnu/jni:/lib/x86_64-linux-gnu:/usr/lib/x86_64-linux-gnu:/usr/lib/jni:/lib:/usr/lib"/>
    <property name="java.vendor" value="Private Build"/>
    <property name="java.vm.info" value="mixed mode"/>
    <property name="java.vm.version" value="25.292-b10"/>
    <property name="impsort.skip" value="true"/>
    <property name="sun.io.unicode.encoding" value="UnicodeLittle"/>
    <property name="java.ext.dirs" value="/usr/lib/jvm/java-8-openjdk-amd64/jre/lib/ext:/usr/java/packages/lib/ext"/>
    <property name="maven.repo.local" value="/home/throttling/deps"/>
    <property name="enforcer.skip" value="true"/>
    <property name="skip.yarn" value="true"/>
    <property name="java.class.version" value="52.0"/>
    <property name="pgpverify.skip" value="true"/>
  </properties>
  <testcase name="test" classname="delight.nashornsandbox.TestExceptions" time="0.082"/>
  <testcase name="test_with_catch" classname="delight.nashornsandbox.TestExceptions" time="0.12"/>
  <testcase name="test_with_line_number" classname="delight.nashornsandbox.TestExceptions" time="0.106"/>
  <testcase name="test_with_thread" classname="delight.nashornsandbox.TestExceptions" time="0.096"/>
</testsuite><?xml version="1.0" encoding="UTF-8"?>
<testsuite xmlns:xsi="http://www.w3.org/2001/XMLSchema-instance" xsi:noNamespaceSchemaLocation="https://maven.apache.org/surefire/maven-surefire-plugin/xsd/surefire-test-report-3.0.xsd" version="3.0" name="delight.nashornsandbox.TestSimpleEval" time="0.219" tests="1" errors="0" skipped="0" failures="0">
  <properties>
    <property name="warbucks.skip" value="true"/>
    <property name="awt.toolkit" value="sun.awt.X11.XToolkit"/>
    <property name="file.encoding.pkg" value="sun.io"/>
    <property name="java.specification.version" value="1.8"/>
    <property name="sun.cpu.isalist" value=""/>
    <property name="sun.jnu.encoding" value="ANSI_X3.4-1968"/>
    <property name="java.class.path" value="/home/throttling/javadelight/delight-nashorn-sandbox/target/test-classes:/home/throttling/javadelight/delight-nashorn-sandbox/target/classes:/home/throttling/deps/org/slf4j/slf4j-api/1.7.25/slf4j-api-1.7.25.jar:/home/throttling/deps/org/webjars/bower/js-beautify/1.6.12/js-beautify-1.6.12.jar:/home/throttling/deps/junit/junit/4.7/junit-4.7.jar:/home/throttling/deps/org/slf4j/slf4j-log4j12/1.7.25/slf4j-log4j12-1.7.25.jar:/home/throttling/deps/log4j/log4j/1.2.17/log4j-1.2.17.jar:"/>
    <property name="java.vm.vendor" value="Private Build"/>
    <property name="maven.javadoc.skip" value="true"/>
    <property name="sun.arch.data.model" value="64"/>
    <property name="java.vendor.url" value="http://java.oracle.com/"/>
    <property name="user.timezone" value="GMT"/>
    <property name="os.name" value="Linux"/>
    <property name="java.vm.specification.version" value="1.8"/>
    <property name="rat.skip" value="true"/>
    <property name="gpg.skip" value="true"/>
    <property name="sun.java.launcher" value="SUN_STANDARD"/>
    <property name="user.country" value="US"/>
    <property name="sun.boot.library.path" value="/usr/lib/jvm/java-8-openjdk-amd64/jre/lib/amd64"/>
    <property name="dependency-check.skip" value="true"/>
    <property name="sun.java.command" value="/home/throttling/javadelight/delight-nashorn-sandbox/target/surefire/surefirebooter70253542056563330.jar /home/throttling/javadelight/delight-nashorn-sandbox/target/surefire 2026-09-16T05-52-38_912-jvmRun1 surefire1362003314166811997tmp surefire_01127640919597696183tmp"/>
    <property name="surefire.test.class.path" value="/home/throttling/javadelight/delight-nashorn-sandbox/target/test-classes:/home/throttling/javadelight/delight-nashorn-sandbox/target/classes:/home/throttling/deps/org/slf4j/slf4j-api/1.7.25/slf4j-api-1.7.25.jar:/home/throttling/deps/org/webjars/bower/js-beautify/1.6.12/js-beautify-1.6.12.jar:/home/throttling/deps/junit/junit/4.7/junit-4.7.jar:/home/throttling/deps/org/slf4j/slf4j-log4j12/1.7.25/slf4j-log4j12-1.7.25.jar:/home/throttling/deps/log4j/log4j/1.2.17/log4j-1.2.17.jar:"/>
    <property name="sun.cpu.endian" value="little"/>
    <property name="user.home" value="/root"/>
    <property name="user.language" value="en"/>
    <property name="skip.installnodenpm" value="true"/>
    <property name="java.specification.vendor" value="Oracle Corporation"/>
    <property name="java.home" value="/usr/lib/jvm/java-8-openjdk-amd64/jre"/>
    <property name="modernizer.skip" value="true"/>
    <property name="file.separator" value="/"/>
    <property name="basedir" value="/home/throttling/javadelight/delight-nashorn-sandbox"/>
    <property name="checkstyle.skip" value="true"/>
    <property name="line.separator" value="&#10;"/>
    <property name="skip.npm" value="true"/>
    <property name="java.vm.specification.vendor" value="Oracle Corporation"/>
    <property name="java.specification.name" value="Java Platform API Specification"/>
    <property name="java.awt.graphicsenv" value="sun.awt.X11GraphicsEnvironment"/>
    <property name="mdep.analyze.skip" value="true"/>
    <property name="surefire.real.class.path" value="/home/throttling/javadelight/delight-nashorn-sandbox/target/surefire/surefirebooter70253542056563330.jar"/>
    <property name="cobertura.skip" value="true"/>
    <property name="sun.boot.class.path" value="/usr/lib/jvm/java-8-openjdk-amd64/jre/lib/resources.jar:/usr/lib/jvm/java-8-openjdk-amd64/jre/lib/rt.jar:/usr/lib/jvm/java-8-openjdk-amd64/jre/lib/sunrsasign.jar:/usr/lib/jvm/java-8-openjdk-amd64/jre/lib/jsse.jar:/usr/lib/jvm/java-8-openjdk-amd64/jre/lib/jce.jar:/usr/lib/jvm/java-8-openjdk-amd64/jre/lib/charsets.jar:/usr/lib/jvm/java-8-openjdk-amd64/jre/lib/jfr.jar:/usr/lib/jvm/java-8-openjdk-amd64/jre/classes"/>
    <property name="sun.management.compiler" value="HotSpot 64-Bit Tiered Compilers"/>
    <property name="java.runtime.version" value="1.8.0_292-8u292-b10-0ubuntu1~18.04-b10"/>
    <property name="user.name" value="root"/>
    <property name="findbugs.skip" value="true"/>
    <property name="path.separator" value=":"/>
    <property name="os.version" value="6.4.16-linuxkit"/>
    <property name="java.endorsed.dirs" value="/usr/lib/jvm/java-8-openjdk-amd64/jre/lib/endorsed"/>
    <property name="java.runtime.name" value="OpenJDK Runtime Environment"/>
    <property name="file.encoding" value="ANSI_X3.4-1968"/>
    <property name="java.vm.name" value="OpenJDK 64-Bit Server VM"/>
    <property name="localRepository" value="/home/throttling/deps"/>
    <property name="java.vendor.url.bug" value="http://bugreport.sun.com/bugreport/"/>
    <property name="java.io.tmpdir" value="/tmp"/>
    <property name="java.version" value="1.8.0_292"/>
    <property name="surefire.runOrder" value="reversealphabetical"/>
    <property name="user.dir" value="/home/throttling/javadelight/delight-nashorn-sandbox"/>
    <property name="os.arch" value="amd64"/>
    <property name="license.skip" value="true"/>
    <property name="animal.sniffer.skip" value="true"/>
    <property name="java.vm.specification.name" value="Java Virtual Machine Specification"/>
    <property name="java.awt.printerjob" value="sun.print.PSPrinterJob"/>
    <property name="xml.skip" value="true"/>
    <property name="failIfNoTests" value="false"/>
    <property name="sun.os.patch.level" value="unknown"/>
    <property name="java.library.path" value="/usr/java/packages/lib/amd64:/usr/lib/x86_64-linux-gnu/jni:/lib/x86_64-linux-gnu:/usr/lib/x86_64-linux-gnu:/usr/lib/jni:/lib:/usr/lib"/>
    <property name="java.vendor" value="Private Build"/>
    <property name="java.vm.info" value="mixed mode"/>
    <property name="java.vm.version" value="25.292-b10"/>
    <property name="impsort.skip" value="true"/>
    <property name="sun.io.unicode.encoding" value="UnicodeLittle"/>
    <property name="java.ext.dirs" value="/usr/lib/jvm/java-8-openjdk-amd64/jre/lib/ext:/usr/java/packages/lib/ext"/>
    <property name="maven.repo.local" value="/home/throttling/deps"/>
    <property name="enforcer.skip" value="true"/>
    <property name="skip.yarn" value="true"/>
    <property name="java.class.version" value="52.0"/>
    <property name="pgpverify.skip" value="true"/>
  </properties>
  <testcase name="test" classname="delight.nashornsandbox.TestSimpleEval" time="0.211"/>
</testsuite><?xml version="1.0" encoding="UTF-8"?>
<testsuite xmlns:xsi="http://www.w3.org/2001/XMLSchema-instance" xsi:noNamespaceSchemaLocation="https://maven.apache.org/surefire/maven-surefire-plugin/xsd/surefire-test-report-3.0.xsd" version="3.0" name="delight.nashornsandbox.TestIssue47" time="0.347" tests="2" errors="0" skipped="0" failures="0">
  <properties>
    <property name="warbucks.skip" value="true"/>
    <property name="awt.toolkit" value="sun.awt.X11.XToolkit"/>
    <property name="file.encoding.pkg" value="sun.io"/>
    <property name="java.specification.version" value="1.8"/>
    <property name="sun.cpu.isalist" value=""/>
    <property name="sun.jnu.encoding" value="ANSI_X3.4-1968"/>
    <property name="java.class.path" value="/home/throttling/javadelight/delight-nashorn-sandbox/target/test-classes:/home/throttling/javadelight/delight-nashorn-sandbox/target/classes:/home/throttling/deps/org/slf4j/slf4j-api/1.7.25/slf4j-api-1.7.25.jar:/home/throttling/deps/org/webjars/bower/js-beautify/1.6.12/js-beautify-1.6.12.jar:/home/throttling/deps/junit/junit/4.7/junit-4.7.jar:/home/throttling/deps/org/slf4j/slf4j-log4j12/1.7.25/slf4j-log4j12-1.7.25.jar:/home/throttling/deps/log4j/log4j/1.2.17/log4j-1.2.17.jar:"/>
    <property name="java.vm.vendor" value="Private Build"/>
    <property name="maven.javadoc.skip" value="true"/>
    <property name="sun.arch.data.model" value="64"/>
    <property name="java.vendor.url" value="http://java.oracle.com/"/>
    <property name="user.timezone" value="GMT"/>
    <property name="os.name" value="Linux"/>
    <property name="java.vm.specification.version" value="1.8"/>
    <property name="rat.skip" value="true"/>
    <property name="gpg.skip" value="true"/>
    <property name="sun.java.launcher" value="SUN_STANDARD"/>
    <property name="user.country" value="US"/>
    <property name="sun.boot.library.path" value="/usr/lib/jvm/java-8-openjdk-amd64/jre/lib/amd64"/>
    <property name="dependency-check.skip" value="true"/>
    <property name="sun.java.command" value="/home/throttling/javadelight/delight-nashorn-sandbox/target/surefire/surefirebooter70253542056563330.jar /home/throttling/javadelight/delight-nashorn-sandbox/target/surefire 2026-09-16T05-52-38_912-jvmRun1 surefire1362003314166811997tmp surefire_01127640919597696183tmp"/>
    <property name="surefire.test.class.path" value="/home/throttling/javadelight/delight-nashorn-sandbox/target/test-classes:/home/throttling/javadelight/delight-nashorn-sandbox/target/classes:/home/throttling/deps/org/slf4j/slf4j-api/1.7.25/slf4j-api-1.7.25.jar:/home/throttling/deps/org/webjars/bower/js-beautify/1.6.12/js-beautify-1.6.12.jar:/home/throttling/deps/junit/junit/4.7/junit-4.7.jar:/home/throttling/deps/org/slf4j/slf4j-log4j12/1.7.25/slf4j-log4j12-1.7.25.jar:/home/throttling/deps/log4j/log4j/1.2.17/log4j-1.2.17.jar:"/>
    <property name="sun.cpu.endian" value="little"/>
    <property name="user.home" value="/root"/>
    <property name="user.language" value="en"/>
    <property name="skip.installnodenpm" value="true"/>
    <property name="java.specification.vendor" value="Oracle Corporation"/>
    <property name="java.home" value="/usr/lib/jvm/java-8-openjdk-amd64/jre"/>
    <property name="modernizer.skip" value="true"/>
    <property name="file.separator" value="/"/>
    <property name="basedir" value="/home/throttling/javadelight/delight-nashorn-sandbox"/>
    <property name="checkstyle.skip" value="true"/>
    <property name="line.separator" value="&#10;"/>
    <property name="skip.npm" value="true"/>
    <property name="java.vm.specification.vendor" value="Oracle Corporation"/>
    <property name="java.specification.name" value="Java Platform API Specification"/>
    <property name="java.awt.graphicsenv" value="sun.awt.X11GraphicsEnvironment"/>
    <property name="mdep.analyze.skip" value="true"/>
    <property name="surefire.real.class.path" value="/home/throttling/javadelight/delight-nashorn-sandbox/target/surefire/surefirebooter70253542056563330.jar"/>
    <property name="cobertura.skip" value="true"/>
    <property name="sun.boot.class.path" value="/usr/lib/jvm/java-8-openjdk-amd64/jre/lib/resources.jar:/usr/lib/jvm/java-8-openjdk-amd64/jre/lib/rt.jar:/usr/lib/jvm/java-8-openjdk-amd64/jre/lib/sunrsasign.jar:/usr/lib/jvm/java-8-openjdk-amd64/jre/lib/jsse.jar:/usr/lib/jvm/java-8-openjdk-amd64/jre/lib/jce.jar:/usr/lib/jvm/java-8-openjdk-amd64/jre/lib/charsets.jar:/usr/lib/jvm/java-8-openjdk-amd64/jre/lib/jfr.jar:/usr/lib/jvm/java-8-openjdk-amd64/jre/classes"/>
    <property name="sun.management.compiler" value="HotSpot 64-Bit Tiered Compilers"/>
    <property name="java.runtime.version" value="1.8.0_292-8u292-b10-0ubuntu1~18.04-b10"/>
    <property name="user.name" value="root"/>
    <property name="findbugs.skip" value="true"/>
    <property name="path.separator" value=":"/>
    <property name="os.version" value="6.4.16-linuxkit"/>
    <property name="java.endorsed.dirs" value="/usr/lib/jvm/java-8-openjdk-amd64/jre/lib/endorsed"/>
    <property name="java.runtime.name" value="OpenJDK Runtime Environment"/>
    <property name="file.encoding" value="ANSI_X3.4-1968"/>
    <property name="java.vm.name" value="OpenJDK 64-Bit Server VM"/>
    <property name="localRepository" value="/home/throttling/deps"/>
    <property name="java.vendor.url.bug" value="http://bugreport.sun.com/bugreport/"/>
    <property name="java.io.tmpdir" value="/tmp"/>
    <property name="java.version" value="1.8.0_292"/>
    <property name="surefire.runOrder" value="reversealphabetical"/>
    <property name="user.dir" value="/home/throttling/javadelight/delight-nashorn-sandbox"/>
    <property name="os.arch" value="amd64"/>
    <property name="license.skip" value="true"/>
    <property name="animal.sniffer.skip" value="true"/>
    <property name="java.vm.specification.name" value="Java Virtual Machine Specification"/>
    <property name="java.awt.printerjob" value="sun.print.PSPrinterJob"/>
    <property name="xml.skip" value="true"/>
    <property name="failIfNoTests" value="false"/>
    <property name="sun.os.patch.level" value="unknown"/>
    <property name="java.library.path" value="/usr/java/packages/lib/amd64:/usr/lib/x86_64-linux-gnu/jni:/lib/x86_64-linux-gnu:/usr/lib/x86_64-linux-gnu:/usr/lib/jni:/lib:/usr/lib"/>
    <property name="java.vendor" value="Private Build"/>
    <property name="java.vm.info" value="mixed mode"/>
    <property name="java.vm.version" value="25.292-b10"/>
    <property name="impsort.skip" value="true"/>
    <property name="sun.io.unicode.encoding" value="UnicodeLittle"/>
    <property name="java.ext.dirs" value="/usr/lib/jvm/java-8-openjdk-amd64/jre/lib/ext:/usr/java/packages/lib/ext"/>
    <property name="maven.repo.local" value="/home/throttling/deps"/>
    <property name="enforcer.skip" value="true"/>
    <property name="skip.yarn" value="true"/>
    <property name="java.class.version" value="52.0"/>
    <property name="pgpverify.skip" value="true"/>
  </properties>
  <testcase name="test_invalid" classname="delight.nashornsandbox.TestIssue47" time="0.195"/>
  <testcase name="test_valid" classname="delight.nashornsandbox.TestIssue47" time="0.149"/>
</testsuite><?xml version="1.0" encoding="UTF-8"?>
<testsuite xmlns:xsi="http://www.w3.org/2001/XMLSchema-instance" xsi:noNamespaceSchemaLocation="https://maven.apache.org/surefire/maven-surefire-plugin/xsd/surefire-test-report-3.0.xsd" version="3.0" name="delight.nashornsandbox.TestInvocable" time="0.296" tests="2" errors="0" skipped="0" failures="0">
  <properties>
    <property name="warbucks.skip" value="true"/>
    <property name="awt.toolkit" value="sun.awt.X11.XToolkit"/>
    <property name="file.encoding.pkg" value="sun.io"/>
    <property name="java.specification.version" value="1.8"/>
    <property name="sun.cpu.isalist" value=""/>
    <property name="sun.jnu.encoding" value="ANSI_X3.4-1968"/>
    <property name="java.class.path" value="/home/throttling/javadelight/delight-nashorn-sandbox/target/test-classes:/home/throttling/javadelight/delight-nashorn-sandbox/target/classes:/home/throttling/deps/org/slf4j/slf4j-api/1.7.25/slf4j-api-1.7.25.jar:/home/throttling/deps/org/webjars/bower/js-beautify/1.6.12/js-beautify-1.6.12.jar:/home/throttling/deps/junit/junit/4.7/junit-4.7.jar:/home/throttling/deps/org/slf4j/slf4j-log4j12/1.7.25/slf4j-log4j12-1.7.25.jar:/home/throttling/deps/log4j/log4j/1.2.17/log4j-1.2.17.jar:"/>
    <property name="java.vm.vendor" value="Private Build"/>
    <property name="maven.javadoc.skip" value="true"/>
    <property name="sun.arch.data.model" value="64"/>
    <property name="java.vendor.url" value="http://java.oracle.com/"/>
    <property name="user.timezone" value="GMT"/>
    <property name="os.name" value="Linux"/>
    <property name="java.vm.specification.version" value="1.8"/>
    <property name="rat.skip" value="true"/>
    <property name="gpg.skip" value="true"/>
    <property name="sun.java.launcher" value="SUN_STANDARD"/>
    <property name="user.country" value="US"/>
    <property name="sun.boot.library.path" value="/usr/lib/jvm/java-8-openjdk-amd64/jre/lib/amd64"/>
    <property name="dependency-check.skip" value="true"/>
    <property name="sun.java.command" value="/home/throttling/javadelight/delight-nashorn-sandbox/target/surefire/surefirebooter70253542056563330.jar /home/throttling/javadelight/delight-nashorn-sandbox/target/surefire 2026-09-16T05-52-38_912-jvmRun1 surefire1362003314166811997tmp surefire_01127640919597696183tmp"/>
    <property name="surefire.test.class.path" value="/home/throttling/javadelight/delight-nashorn-sandbox/target/test-classes:/home/throttling/javadelight/delight-nashorn-sandbox/target/classes:/home/throttling/deps/org/slf4j/slf4j-api/1.7.25/slf4j-api-1.7.25.jar:/home/throttling/deps/org/webjars/bower/js-beautify/1.6.12/js-beautify-1.6.12.jar:/home/throttling/deps/junit/junit/4.7/junit-4.7.jar:/home/throttling/deps/org/slf4j/slf4j-log4j12/1.7.25/slf4j-log4j12-1.7.25.jar:/home/throttling/deps/log4j/log4j/1.2.17/log4j-1.2.17.jar:"/>
    <property name="sun.cpu.endian" value="little"/>
    <property name="user.home" value="/root"/>
    <property name="user.language" value="en"/>
    <property name="skip.installnodenpm" value="true"/>
    <property name="java.specification.vendor" value="Oracle Corporation"/>
    <property name="java.home" value="/usr/lib/jvm/java-8-openjdk-amd64/jre"/>
    <property name="modernizer.skip" value="true"/>
    <property name="file.separator" value="/"/>
    <property name="basedir" value="/home/throttling/javadelight/delight-nashorn-sandbox"/>
    <property name="checkstyle.skip" value="true"/>
    <property name="line.separator" value="&#10;"/>
    <property name="skip.npm" value="true"/>
    <property name="java.vm.specification.vendor" value="Oracle Corporation"/>
    <property name="java.specification.name" value="Java Platform API Specification"/>
    <property name="java.awt.graphicsenv" value="sun.awt.X11GraphicsEnvironment"/>
    <property name="mdep.analyze.skip" value="true"/>
    <property name="surefire.real.class.path" value="/home/throttling/javadelight/delight-nashorn-sandbox/target/surefire/surefirebooter70253542056563330.jar"/>
    <property name="cobertura.skip" value="true"/>
    <property name="sun.boot.class.path" value="/usr/lib/jvm/java-8-openjdk-amd64/jre/lib/resources.jar:/usr/lib/jvm/java-8-openjdk-amd64/jre/lib/rt.jar:/usr/lib/jvm/java-8-openjdk-amd64/jre/lib/sunrsasign.jar:/usr/lib/jvm/java-8-openjdk-amd64/jre/lib/jsse.jar:/usr/lib/jvm/java-8-openjdk-amd64/jre/lib/jce.jar:/usr/lib/jvm/java-8-openjdk-amd64/jre/lib/charsets.jar:/usr/lib/jvm/java-8-openjdk-amd64/jre/lib/jfr.jar:/usr/lib/jvm/java-8-openjdk-amd64/jre/classes"/>
    <property name="sun.management.compiler" value="HotSpot 64-Bit Tiered Compilers"/>
    <property name="java.runtime.version" value="1.8.0_292-8u292-b10-0ubuntu1~18.04-b10"/>
    <property name="user.name" value="root"/>
    <property name="findbugs.skip" value="true"/>
    <property name="path.separator" value=":"/>
    <property name="os.version" value="6.4.16-linuxkit"/>
    <property name="java.endorsed.dirs" value="/usr/lib/jvm/java-8-openjdk-amd64/jre/lib/endorsed"/>
    <property name="java.runtime.name" value="OpenJDK Runtime Environment"/>
    <property name="file.encoding" value="ANSI_X3.4-1968"/>
    <property name="java.vm.name" value="OpenJDK 64-Bit Server VM"/>
    <property name="localRepository" value="/home/throttling/deps"/>
    <property name="java.vendor.url.bug" value="http://bugreport.sun.com/bugreport/"/>
    <property name="java.io.tmpdir" value="/tmp"/>
    <property name="java.version" value="1.8.0_292"/>
    <property name="surefire.runOrder" value="reversealphabetical"/>
    <property name="user.dir" value="/home/throttling/javadelight/delight-nashorn-sandbox"/>
    <property name="os.arch" value="amd64"/>
    <property name="license.skip" value="true"/>
    <property name="animal.sniffer.skip" value="true"/>
    <property name="java.vm.specification.name" value="Java Virtual Machine Specification"/>
    <property name="java.awt.printerjob" value="sun.print.PSPrinterJob"/>
    <property name="xml.skip" value="true"/>
    <property name="failIfNoTests" value="false"/>
    <property name="sun.os.patch.level" value="unknown"/>
    <property name="java.library.path" value="/usr/java/packages/lib/amd64:/usr/lib/x86_64-linux-gnu/jni:/lib/x86_64-linux-gnu:/usr/lib/x86_64-linux-gnu:/usr/lib/jni:/lib:/usr/lib"/>
    <property name="java.vendor" value="Private Build"/>
    <property name="java.vm.info" value="mixed mode"/>
    <property name="java.vm.version" value="25.292-b10"/>
    <property name="impsort.skip" value="true"/>
    <property name="sun.io.unicode.encoding" value="UnicodeLittle"/>
    <property name="java.ext.dirs" value="/usr/lib/jvm/java-8-openjdk-amd64/jre/lib/ext:/usr/java/packages/lib/ext"/>
    <property name="maven.repo.local" value="/home/throttling/deps"/>
    <property name="enforcer.skip" value="true"/>
    <property name="skip.yarn" value="true"/>
    <property name="java.class.version" value="52.0"/>
    <property name="pgpverify.skip" value="true"/>
  </properties>
  <testcase name="testInvokeMethod" classname="delight.nashornsandbox.TestInvocable" time="0.153"/>
  <testcase name="testInvokeFunction" classname="delight.nashornsandbox.TestInvocable" time="0.14"/>
</testsuite><?xml version="1.0" encoding="UTF-8"?>
<testsuite xmlns:xsi="http://www.w3.org/2001/XMLSchema-instance" xsi:noNamespaceSchemaLocation="https://maven.apache.org/surefire/maven-surefire-plugin/xsd/surefire-test-report-3.0.xsd" version="3.0" name="delight.nashornsandbox.TestExit" time="0.495" tests="4" errors="0" skipped="1" failures="0">
  <properties>
    <property name="warbucks.skip" value="true"/>
    <property name="awt.toolkit" value="sun.awt.X11.XToolkit"/>
    <property name="file.encoding.pkg" value="sun.io"/>
    <property name="java.specification.version" value="1.8"/>
    <property name="sun.cpu.isalist" value=""/>
    <property name="sun.jnu.encoding" value="ANSI_X3.4-1968"/>
    <property name="java.class.path" value="/home/throttling/javadelight/delight-nashorn-sandbox/target/test-classes:/home/throttling/javadelight/delight-nashorn-sandbox/target/classes:/home/throttling/deps/org/slf4j/slf4j-api/1.7.25/slf4j-api-1.7.25.jar:/home/throttling/deps/org/webjars/bower/js-beautify/1.6.12/js-beautify-1.6.12.jar:/home/throttling/deps/junit/junit/4.7/junit-4.7.jar:/home/throttling/deps/org/slf4j/slf4j-log4j12/1.7.25/slf4j-log4j12-1.7.25.jar:/home/throttling/deps/log4j/log4j/1.2.17/log4j-1.2.17.jar:"/>
    <property name="java.vm.vendor" value="Private Build"/>
    <property name="maven.javadoc.skip" value="true"/>
    <property name="sun.arch.data.model" value="64"/>
    <property name="java.vendor.url" value="http://java.oracle.com/"/>
    <property name="user.timezone" value="GMT"/>
    <property name="os.name" value="Linux"/>
    <property name="java.vm.specification.version" value="1.8"/>
    <property name="rat.skip" value="true"/>
    <property name="gpg.skip" value="true"/>
    <property name="sun.java.launcher" value="SUN_STANDARD"/>
    <property name="user.country" value="US"/>
    <property name="sun.boot.library.path" value="/usr/lib/jvm/java-8-openjdk-amd64/jre/lib/amd64"/>
    <property name="dependency-check.skip" value="true"/>
    <property name="sun.java.command" value="/home/throttling/javadelight/delight-nashorn-sandbox/target/surefire/surefirebooter70253542056563330.jar /home/throttling/javadelight/delight-nashorn-sandbox/target/surefire 2026-09-16T05-52-38_912-jvmRun1 surefire1362003314166811997tmp surefire_01127640919597696183tmp"/>
    <property name="surefire.test.class.path" value="/home/throttling/javadelight/delight-nashorn-sandbox/target/test-classes:/home/throttling/javadelight/delight-nashorn-sandbox/target/classes:/home/throttling/deps/org/slf4j/slf4j-api/1.7.25/slf4j-api-1.7.25.jar:/home/throttling/deps/org/webjars/bower/js-beautify/1.6.12/js-beautify-1.6.12.jar:/home/throttling/deps/junit/junit/4.7/junit-4.7.jar:/home/throttling/deps/org/slf4j/slf4j-log4j12/1.7.25/slf4j-log4j12-1.7.25.jar:/home/throttling/deps/log4j/log4j/1.2.17/log4j-1.2.17.jar:"/>
    <property name="sun.cpu.endian" value="little"/>
    <property name="user.home" value="/root"/>
    <property name="user.language" value="en"/>
    <property name="skip.installnodenpm" value="true"/>
    <property name="java.specification.vendor" value="Oracle Corporation"/>
    <property name="java.home" value="/usr/lib/jvm/java-8-openjdk-amd64/jre"/>
    <property name="modernizer.skip" value="true"/>
    <property name="file.separator" value="/"/>
    <property name="basedir" value="/home/throttling/javadelight/delight-nashorn-sandbox"/>
    <property name="checkstyle.skip" value="true"/>
    <property name="line.separator" value="&#10;"/>
    <property name="skip.npm" value="true"/>
    <property name="java.vm.specification.vendor" value="Oracle Corporation"/>
    <property name="java.specification.name" value="Java Platform API Specification"/>
    <property name="java.awt.graphicsenv" value="sun.awt.X11GraphicsEnvironment"/>
    <property name="mdep.analyze.skip" value="true"/>
    <property name="surefire.real.class.path" value="/home/throttling/javadelight/delight-nashorn-sandbox/target/surefire/surefirebooter70253542056563330.jar"/>
    <property name="cobertura.skip" value="true"/>
    <property name="sun.boot.class.path" value="/usr/lib/jvm/java-8-openjdk-amd64/jre/lib/resources.jar:/usr/lib/jvm/java-8-openjdk-amd64/jre/lib/rt.jar:/usr/lib/jvm/java-8-openjdk-amd64/jre/lib/sunrsasign.jar:/usr/lib/jvm/java-8-openjdk-amd64/jre/lib/jsse.jar:/usr/lib/jvm/java-8-openjdk-amd64/jre/lib/jce.jar:/usr/lib/jvm/java-8-openjdk-amd64/jre/lib/charsets.jar:/usr/lib/jvm/java-8-openjdk-amd64/jre/lib/jfr.jar:/usr/lib/jvm/java-8-openjdk-amd64/jre/classes"/>
    <property name="sun.management.compiler" value="HotSpot 64-Bit Tiered Compilers"/>
    <property name="java.runtime.version" value="1.8.0_292-8u292-b10-0ubuntu1~18.04-b10"/>
    <property name="user.name" value="root"/>
    <property name="findbugs.skip" value="true"/>
    <property name="path.separator" value=":"/>
    <property name="os.version" value="6.4.16-linuxkit"/>
    <property name="java.endorsed.dirs" value="/usr/lib/jvm/java-8-openjdk-amd64/jre/lib/endorsed"/>
    <property name="java.runtime.name" value="OpenJDK Runtime Environment"/>
    <property name="file.encoding" value="ANSI_X3.4-1968"/>
    <property name="java.vm.name" value="OpenJDK 64-Bit Server VM"/>
    <property name="localRepository" value="/home/throttling/deps"/>
    <property name="java.vendor.url.bug" value="http://bugreport.sun.com/bugreport/"/>
    <property name="java.io.tmpdir" value="/tmp"/>
    <property name="java.version" value="1.8.0_292"/>
    <property name="surefire.runOrder" value="reversealphabetical"/>
    <property name="user.dir" value="/home/throttling/javadelight/delight-nashorn-sandbox"/>
    <property name="os.arch" value="amd64"/>
    <property name="license.skip" value="true"/>
    <property name="animal.sniffer.skip" value="true"/>
    <property name="java.vm.specification.name" value="Java Virtual Machine Specification"/>
    <property name="java.awt.printerjob" value="sun.print.PSPrinterJob"/>
    <property name="xml.skip" value="true"/>
    <property name="failIfNoTests" value="false"/>
    <property name="sun.os.patch.level" value="unknown"/>
    <property name="java.library.path" value="/usr/java/packages/lib/amd64:/usr/lib/x86_64-linux-gnu/jni:/lib/x86_64-linux-gnu:/usr/lib/x86_64-linux-gnu:/usr/lib/jni:/lib:/usr/lib"/>
    <property name="java.vendor" value="Private Build"/>
    <property name="java.vm.info" value="mixed mode"/>
    <property name="java.vm.version" value="25.292-b10"/>
    <property name="impsort.skip" value="true"/>
    <property name="sun.io.unicode.encoding" value="UnicodeLittle"/>
    <property name="java.ext.dirs" value="/usr/lib/jvm/java-8-openjdk-amd64/jre/lib/ext:/usr/java/packages/lib/ext"/>
    <property name="maven.repo.local" value="/home/throttling/deps"/>
    <property name="enforcer.skip" value="true"/>
    <property name="skip.yarn" value="true"/>
    <property name="java.class.version" value="52.0"/>
    <property name="pgpverify.skip" value="true"/>
  </properties>
  <testcase name="testQuit" classname="delight.nashornsandbox.TestExit" time="0.263"/>
  <testcase name="testQuitWithBindings" classname="delight.nashornsandbox.TestExit" time="0.083"/>
  <testcase name="testQuitWithScriptContext" classname="delight.nashornsandbox.TestExit" time="0">
    <skipped message="This will fail as there is no confirmation on Script Contexts"/>
  </testcase>
  <testcase name="testExit" classname="delight.nashornsandbox.TestExit" time="0.086"/>
</testsuite><?xml version="1.0" encoding="UTF-8"?>
<testsuite xmlns:xsi="http://www.w3.org/2001/XMLSchema-instance" xsi:noNamespaceSchemaLocation="https://maven.apache.org/surefire/maven-surefire-plugin/xsd/surefire-test-report-3.0.xsd" version="3.0" name="delight.nashornsandbox.TestBindingsInsert" time="1.299" tests="4" errors="0" skipped="1" failures="0">
  <properties>
    <property name="warbucks.skip" value="true"/>
    <property name="awt.toolkit" value="sun.awt.X11.XToolkit"/>
    <property name="file.encoding.pkg" value="sun.io"/>
    <property name="java.specification.version" value="1.8"/>
    <property name="sun.cpu.isalist" value=""/>
    <property name="sun.jnu.encoding" value="ANSI_X3.4-1968"/>
    <property name="java.class.path" value="/home/throttling/javadelight/delight-nashorn-sandbox/target/test-classes:/home/throttling/javadelight/delight-nashorn-sandbox/target/classes:/home/throttling/deps/org/slf4j/slf4j-api/1.7.25/slf4j-api-1.7.25.jar:/home/throttling/deps/org/webjars/bower/js-beautify/1.6.12/js-beautify-1.6.12.jar:/home/throttling/deps/junit/junit/4.7/junit-4.7.jar:/home/throttling/deps/org/slf4j/slf4j-log4j12/1.7.25/slf4j-log4j12-1.7.25.jar:/home/throttling/deps/log4j/log4j/1.2.17/log4j-1.2.17.jar:"/>
    <property name="java.vm.vendor" value="Private Build"/>
    <property name="maven.javadoc.skip" value="true"/>
    <property name="sun.arch.data.model" value="64"/>
    <property name="java.vendor.url" value="http://java.oracle.com/"/>
    <property name="user.timezone" value="GMT"/>
    <property name="os.name" value="Linux"/>
    <property name="java.vm.specification.version" value="1.8"/>
    <property name="rat.skip" value="true"/>
    <property name="gpg.skip" value="true"/>
    <property name="sun.java.launcher" value="SUN_STANDARD"/>
    <property name="user.country" value="US"/>
    <property name="sun.boot.library.path" value="/usr/lib/jvm/java-8-openjdk-amd64/jre/lib/amd64"/>
    <property name="dependency-check.skip" value="true"/>
    <property name="sun.java.command" value="/home/throttling/javadelight/delight-nashorn-sandbox/target/surefire/surefirebooter70253542056563330.jar /home/throttling/javadelight/delight-nashorn-sandbox/target/surefire 2026-09-16T05-52-38_912-jvmRun1 surefire1362003314166811997tmp surefire_01127640919597696183tmp"/>
    <property name="surefire.test.class.path" value="/home/throttling/javadelight/delight-nashorn-sandbox/target/test-classes:/home/throttling/javadelight/delight-nashorn-sandbox/target/classes:/home/throttling/deps/org/slf4j/slf4j-api/1.7.25/slf4j-api-1.7.25.jar:/home/throttling/deps/org/webjars/bower/js-beautify/1.6.12/js-beautify-1.6.12.jar:/home/throttling/deps/junit/junit/4.7/junit-4.7.jar:/home/throttling/deps/org/slf4j/slf4j-log4j12/1.7.25/slf4j-log4j12-1.7.25.jar:/home/throttling/deps/log4j/log4j/1.2.17/log4j-1.2.17.jar:"/>
    <property name="sun.cpu.endian" value="little"/>
    <property name="user.home" value="/root"/>
    <property name="user.language" value="en"/>
    <property name="skip.installnodenpm" value="true"/>
    <property name="java.specification.vendor" value="Oracle Corporation"/>
    <property name="java.home" value="/usr/lib/jvm/java-8-openjdk-amd64/jre"/>
    <property name="modernizer.skip" value="true"/>
    <property name="file.separator" value="/"/>
    <property name="basedir" value="/home/throttling/javadelight/delight-nashorn-sandbox"/>
    <property name="checkstyle.skip" value="true"/>
    <property name="line.separator" value="&#10;"/>
    <property name="skip.npm" value="true"/>
    <property name="java.vm.specification.vendor" value="Oracle Corporation"/>
    <property name="java.specification.name" value="Java Platform API Specification"/>
    <property name="java.awt.graphicsenv" value="sun.awt.X11GraphicsEnvironment"/>
    <property name="mdep.analyze.skip" value="true"/>
    <property name="surefire.real.class.path" value="/home/throttling/javadelight/delight-nashorn-sandbox/target/surefire/surefirebooter70253542056563330.jar"/>
    <property name="cobertura.skip" value="true"/>
    <property name="sun.boot.class.path" value="/usr/lib/jvm/java-8-openjdk-amd64/jre/lib/resources.jar:/usr/lib/jvm/java-8-openjdk-amd64/jre/lib/rt.jar:/usr/lib/jvm/java-8-openjdk-amd64/jre/lib/sunrsasign.jar:/usr/lib/jvm/java-8-openjdk-amd64/jre/lib/jsse.jar:/usr/lib/jvm/java-8-openjdk-amd64/jre/lib/jce.jar:/usr/lib/jvm/java-8-openjdk-amd64/jre/lib/charsets.jar:/usr/lib/jvm/java-8-openjdk-amd64/jre/lib/jfr.jar:/usr/lib/jvm/java-8-openjdk-amd64/jre/classes"/>
    <property name="sun.management.compiler" value="HotSpot 64-Bit Tiered Compilers"/>
    <property name="java.runtime.version" value="1.8.0_292-8u292-b10-0ubuntu1~18.04-b10"/>
    <property name="user.name" value="root"/>
    <property name="findbugs.skip" value="true"/>
    <property name="path.separator" value=":"/>
    <property name="os.version" value="6.4.16-linuxkit"/>
    <property name="java.endorsed.dirs" value="/usr/lib/jvm/java-8-openjdk-amd64/jre/lib/endorsed"/>
    <property name="java.runtime.name" value="OpenJDK Runtime Environment"/>
    <property name="file.encoding" value="ANSI_X3.4-1968"/>
    <property name="java.vm.name" value="OpenJDK 64-Bit Server VM"/>
    <property name="localRepository" value="/home/throttling/deps"/>
    <property name="java.vendor.url.bug" value="http://bugreport.sun.com/bugreport/"/>
    <property name="java.io.tmpdir" value="/tmp"/>
    <property name="java.version" value="1.8.0_292"/>
    <property name="surefire.runOrder" value="reversealphabetical"/>
    <property name="user.dir" value="/home/throttling/javadelight/delight-nashorn-sandbox"/>
    <property name="os.arch" value="amd64"/>
    <property name="license.skip" value="true"/>
    <property name="animal.sniffer.skip" value="true"/>
    <property name="java.vm.specification.name" value="Java Virtual Machine Specification"/>
    <property name="java.awt.printerjob" value="sun.print.PSPrinterJob"/>
    <property name="xml.skip" value="true"/>
    <property name="failIfNoTests" value="false"/>
    <property name="sun.os.patch.level" value="unknown"/>
    <property name="java.library.path" value="/usr/java/packages/lib/amd64:/usr/lib/x86_64-linux-gnu/jni:/lib/x86_64-linux-gnu:/usr/lib/x86_64-linux-gnu:/usr/lib/jni:/lib:/usr/lib"/>
    <property name="java.vendor" value="Private Build"/>
    <property name="java.vm.info" value="mixed mode"/>
    <property name="java.vm.version" value="25.292-b10"/>
    <property name="impsort.skip" value="true"/>
    <property name="sun.io.unicode.encoding" value="UnicodeLittle"/>
    <property name="java.ext.dirs" value="/usr/lib/jvm/java-8-openjdk-amd64/jre/lib/ext:/usr/java/packages/lib/ext"/>
    <property name="maven.repo.local" value="/home/throttling/deps"/>
    <property name="enforcer.skip" value="true"/>
    <property name="skip.yarn" value="true"/>
    <property name="java.class.version" value="52.0"/>
    <property name="pgpverify.skip" value="true"/>
  </properties>
  <testcase name="testInsertOptions" classname="delight.nashornsandbox.TestBindingsInsert" time="0.426"/>
  <testcase name="testInsertOptionsWithBinding" classname="delight.nashornsandbox.TestBindingsInsert" time="0.642"/>
  <testcase name="testInsertOptionsWithBinding2" classname="delight.nashornsandbox.TestBindingsInsert" time="0.21"/>
  <testcase name="testOverride" classname="delight.nashornsandbox.TestBindingsInsert" time="0">
    <skipped message="This shows that you can override the secure settings"/>
  </testcase>
</testsuite><?xml version="1.0" encoding="UTF-8"?>
<testsuite xmlns:xsi="http://www.w3.org/2001/XMLSchema-instance" xsi:noNamespaceSchemaLocation="https://maven.apache.org/surefire/maven-surefire-plugin/xsd/surefire-test-report-3.0.xsd" version="3.0" name="delight.nashornsandbox.TestCustomCache" time="0.098" tests="1" errors="0" skipped="0" failures="0">
  <properties>
    <property name="warbucks.skip" value="true"/>
    <property name="awt.toolkit" value="sun.awt.X11.XToolkit"/>
    <property name="file.encoding.pkg" value="sun.io"/>
    <property name="java.specification.version" value="1.8"/>
    <property name="sun.cpu.isalist" value=""/>
    <property name="sun.jnu.encoding" value="ANSI_X3.4-1968"/>
    <property name="java.class.path" value="/home/throttling/javadelight/delight-nashorn-sandbox/target/test-classes:/home/throttling/javadelight/delight-nashorn-sandbox/target/classes:/home/throttling/deps/org/slf4j/slf4j-api/1.7.25/slf4j-api-1.7.25.jar:/home/throttling/deps/org/webjars/bower/js-beautify/1.6.12/js-beautify-1.6.12.jar:/home/throttling/deps/junit/junit/4.7/junit-4.7.jar:/home/throttling/deps/org/slf4j/slf4j-log4j12/1.7.25/slf4j-log4j12-1.7.25.jar:/home/throttling/deps/log4j/log4j/1.2.17/log4j-1.2.17.jar:"/>
    <property name="java.vm.vendor" value="Private Build"/>
    <property name="maven.javadoc.skip" value="true"/>
    <property name="sun.arch.data.model" value="64"/>
    <property name="java.vendor.url" value="http://java.oracle.com/"/>
    <property name="user.timezone" value="GMT"/>
    <property name="os.name" value="Linux"/>
    <property name="java.vm.specification.version" value="1.8"/>
    <property name="rat.skip" value="true"/>
    <property name="gpg.skip" value="true"/>
    <property name="sun.java.launcher" value="SUN_STANDARD"/>
    <property name="user.country" value="US"/>
    <property name="sun.boot.library.path" value="/usr/lib/jvm/java-8-openjdk-amd64/jre/lib/amd64"/>
    <property name="dependency-check.skip" value="true"/>
    <property name="sun.java.command" value="/home/throttling/javadelight/delight-nashorn-sandbox/target/surefire/surefirebooter70253542056563330.jar /home/throttling/javadelight/delight-nashorn-sandbox/target/surefire 2026-09-16T05-52-38_912-jvmRun1 surefire1362003314166811997tmp surefire_01127640919597696183tmp"/>
    <property name="surefire.test.class.path" value="/home/throttling/javadelight/delight-nashorn-sandbox/target/test-classes:/home/throttling/javadelight/delight-nashorn-sandbox/target/classes:/home/throttling/deps/org/slf4j/slf4j-api/1.7.25/slf4j-api-1.7.25.jar:/home/throttling/deps/org/webjars/bower/js-beautify/1.6.12/js-beautify-1.6.12.jar:/home/throttling/deps/junit/junit/4.7/junit-4.7.jar:/home/throttling/deps/org/slf4j/slf4j-log4j12/1.7.25/slf4j-log4j12-1.7.25.jar:/home/throttling/deps/log4j/log4j/1.2.17/log4j-1.2.17.jar:"/>
    <property name="sun.cpu.endian" value="little"/>
    <property name="user.home" value="/root"/>
    <property name="user.language" value="en"/>
    <property name="skip.installnodenpm" value="true"/>
    <property name="java.specification.vendor" value="Oracle Corporation"/>
    <property name="java.home" value="/usr/lib/jvm/java-8-openjdk-amd64/jre"/>
    <property name="modernizer.skip" value="true"/>
    <property name="file.separator" value="/"/>
    <property name="basedir" value="/home/throttling/javadelight/delight-nashorn-sandbox"/>
    <property name="checkstyle.skip" value="true"/>
    <property name="line.separator" value="&#10;"/>
    <property name="skip.npm" value="true"/>
    <property name="java.vm.specification.vendor" value="Oracle Corporation"/>
    <property name="java.specification.name" value="Java Platform API Specification"/>
    <property name="java.awt.graphicsenv" value="sun.awt.X11GraphicsEnvironment"/>
    <property name="mdep.analyze.skip" value="true"/>
    <property name="surefire.real.class.path" value="/home/throttling/javadelight/delight-nashorn-sandbox/target/surefire/surefirebooter70253542056563330.jar"/>
    <property name="cobertura.skip" value="true"/>
    <property name="sun.boot.class.path" value="/usr/lib/jvm/java-8-openjdk-amd64/jre/lib/resources.jar:/usr/lib/jvm/java-8-openjdk-amd64/jre/lib/rt.jar:/usr/lib/jvm/java-8-openjdk-amd64/jre/lib/sunrsasign.jar:/usr/lib/jvm/java-8-openjdk-amd64/jre/lib/jsse.jar:/usr/lib/jvm/java-8-openjdk-amd64/jre/lib/jce.jar:/usr/lib/jvm/java-8-openjdk-amd64/jre/lib/charsets.jar:/usr/lib/jvm/java-8-openjdk-amd64/jre/lib/jfr.jar:/usr/lib/jvm/java-8-openjdk-amd64/jre/classes"/>
    <property name="sun.management.compiler" value="HotSpot 64-Bit Tiered Compilers"/>
    <property name="java.runtime.version" value="1.8.0_292-8u292-b10-0ubuntu1~18.04-b10"/>
    <property name="user.name" value="root"/>
    <property name="findbugs.skip" value="true"/>
    <property name="path.separator" value=":"/>
    <property name="os.version" value="6.4.16-linuxkit"/>
    <property name="java.endorsed.dirs" value="/usr/lib/jvm/java-8-openjdk-amd64/jre/lib/endorsed"/>
    <property name="java.runtime.name" value="OpenJDK Runtime Environment"/>
    <property name="file.encoding" value="ANSI_X3.4-1968"/>
    <property name="java.vm.name" value="OpenJDK 64-Bit Server VM"/>
    <property name="localRepository" value="/home/throttling/deps"/>
    <property name="java.vendor.url.bug" value="http://bugreport.sun.com/bugreport/"/>
    <property name="java.io.tmpdir" value="/tmp"/>
    <property name="java.version" value="1.8.0_292"/>
    <property name="surefire.runOrder" value="reversealphabetical"/>
    <property name="user.dir" value="/home/throttling/javadelight/delight-nashorn-sandbox"/>
    <property name="os.arch" value="amd64"/>
    <property name="license.skip" value="true"/>
    <property name="animal.sniffer.skip" value="true"/>
    <property name="java.vm.specification.name" value="Java Virtual Machine Specification"/>
    <property name="java.awt.printerjob" value="sun.print.PSPrinterJob"/>
    <property name="xml.skip" value="true"/>
    <property name="failIfNoTests" value="false"/>
    <property name="sun.os.patch.level" value="unknown"/>
    <property name="java.library.path" value="/usr/java/packages/lib/amd64:/usr/lib/x86_64-linux-gnu/jni:/lib/x86_64-linux-gnu:/usr/lib/x86_64-linux-gnu:/usr/lib/jni:/lib:/usr/lib"/>
    <property name="java.vendor" value="Private Build"/>
    <property name="java.vm.info" value="mixed mode"/>
    <property name="java.vm.version" value="25.292-b10"/>
    <property name="impsort.skip" value="true"/>
    <property name="sun.io.unicode.encoding" value="UnicodeLittle"/>
    <property name="java.ext.dirs" value="/usr/lib/jvm/java-8-openjdk-amd64/jre/lib/ext:/usr/java/packages/lib/ext"/>
    <property name="maven.repo.local" value="/home/throttling/deps"/>
    <property name="enforcer.skip" value="true"/>
    <property name="skip.yarn" value="true"/>
    <property name="java.class.version" value="52.0"/>
    <property name="pgpverify.skip" value="true"/>
  </properties>
  <testcase name="testCustomCacheUsage" classname="delight.nashornsandbox.TestCustomCache" time="0.096"/>
</testsuite><?xml version="1.0" encoding="UTF-8"?>
<testsuite xmlns:xsi="http://www.w3.org/2001/XMLSchema-instance" xsi:noNamespaceSchemaLocation="https://maven.apache.org/surefire/maven-surefire-plugin/xsd/surefire-test-report-3.0.xsd" version="3.0" name="delight.nashornsandbox.TestEvalWithScriptContext" time="0.269" tests="2" errors="0" skipped="0" failures="0">
  <properties>
    <property name="warbucks.skip" value="true"/>
    <property name="awt.toolkit" value="sun.awt.X11.XToolkit"/>
    <property name="file.encoding.pkg" value="sun.io"/>
    <property name="java.specification.version" value="1.8"/>
    <property name="sun.cpu.isalist" value=""/>
    <property name="sun.jnu.encoding" value="ANSI_X3.4-1968"/>
    <property name="java.class.path" value="/home/throttling/javadelight/delight-nashorn-sandbox/target/test-classes:/home/throttling/javadelight/delight-nashorn-sandbox/target/classes:/home/throttling/deps/org/slf4j/slf4j-api/1.7.25/slf4j-api-1.7.25.jar:/home/throttling/deps/org/webjars/bower/js-beautify/1.6.12/js-beautify-1.6.12.jar:/home/throttling/deps/junit/junit/4.7/junit-4.7.jar:/home/throttling/deps/org/slf4j/slf4j-log4j12/1.7.25/slf4j-log4j12-1.7.25.jar:/home/throttling/deps/log4j/log4j/1.2.17/log4j-1.2.17.jar:"/>
    <property name="java.vm.vendor" value="Private Build"/>
    <property name="maven.javadoc.skip" value="true"/>
    <property name="sun.arch.data.model" value="64"/>
    <property name="java.vendor.url" value="http://java.oracle.com/"/>
    <property name="user.timezone" value="GMT"/>
    <property name="os.name" value="Linux"/>
    <property name="java.vm.specification.version" value="1.8"/>
    <property name="rat.skip" value="true"/>
    <property name="gpg.skip" value="true"/>
    <property name="sun.java.launcher" value="SUN_STANDARD"/>
    <property name="user.country" value="US"/>
    <property name="sun.boot.library.path" value="/usr/lib/jvm/java-8-openjdk-amd64/jre/lib/amd64"/>
    <property name="dependency-check.skip" value="true"/>
    <property name="sun.java.command" value="/home/throttling/javadelight/delight-nashorn-sandbox/target/surefire/surefirebooter70253542056563330.jar /home/throttling/javadelight/delight-nashorn-sandbox/target/surefire 2026-09-16T05-52-38_912-jvmRun1 surefire1362003314166811997tmp surefire_01127640919597696183tmp"/>
    <property name="surefire.test.class.path" value="/home/throttling/javadelight/delight-nashorn-sandbox/target/test-classes:/home/throttling/javadelight/delight-nashorn-sandbox/target/classes:/home/throttling/deps/org/slf4j/slf4j-api/1.7.25/slf4j-api-1.7.25.jar:/home/throttling/deps/org/webjars/bower/js-beautify/1.6.12/js-beautify-1.6.12.jar:/home/throttling/deps/junit/junit/4.7/junit-4.7.jar:/home/throttling/deps/org/slf4j/slf4j-log4j12/1.7.25/slf4j-log4j12-1.7.25.jar:/home/throttling/deps/log4j/log4j/1.2.17/log4j-1.2.17.jar:"/>
    <property name="sun.cpu.endian" value="little"/>
    <property name="user.home" value="/root"/>
    <property name="user.language" value="en"/>
    <property name="skip.installnodenpm" value="true"/>
    <property name="java.specification.vendor" value="Oracle Corporation"/>
    <property name="java.home" value="/usr/lib/jvm/java-8-openjdk-amd64/jre"/>
    <property name="modernizer.skip" value="true"/>
    <property name="file.separator" value="/"/>
    <property name="basedir" value="/home/throttling/javadelight/delight-nashorn-sandbox"/>
    <property name="checkstyle.skip" value="true"/>
    <property name="line.separator" value="&#10;"/>
    <property name="skip.npm" value="true"/>
    <property name="java.vm.specification.vendor" value="Oracle Corporation"/>
    <property name="java.specification.name" value="Java Platform API Specification"/>
    <property name="java.awt.graphicsenv" value="sun.awt.X11GraphicsEnvironment"/>
    <property name="mdep.analyze.skip" value="true"/>
    <property name="surefire.real.class.path" value="/home/throttling/javadelight/delight-nashorn-sandbox/target/surefire/surefirebooter70253542056563330.jar"/>
    <property name="cobertura.skip" value="true"/>
    <property name="sun.boot.class.path" value="/usr/lib/jvm/java-8-openjdk-amd64/jre/lib/resources.jar:/usr/lib/jvm/java-8-openjdk-amd64/jre/lib/rt.jar:/usr/lib/jvm/java-8-openjdk-amd64/jre/lib/sunrsasign.jar:/usr/lib/jvm/java-8-openjdk-amd64/jre/lib/jsse.jar:/usr/lib/jvm/java-8-openjdk-amd64/jre/lib/jce.jar:/usr/lib/jvm/java-8-openjdk-amd64/jre/lib/charsets.jar:/usr/lib/jvm/java-8-openjdk-amd64/jre/lib/jfr.jar:/usr/lib/jvm/java-8-openjdk-amd64/jre/classes"/>
    <property name="sun.management.compiler" value="HotSpot 64-Bit Tiered Compilers"/>
    <property name="java.runtime.version" value="1.8.0_292-8u292-b10-0ubuntu1~18.04-b10"/>
    <property name="user.name" value="root"/>
    <property name="findbugs.skip" value="true"/>
    <property name="path.separator" value=":"/>
    <property name="os.version" value="6.4.16-linuxkit"/>
    <property name="java.endorsed.dirs" value="/usr/lib/jvm/java-8-openjdk-amd64/jre/lib/endorsed"/>
    <property name="java.runtime.name" value="OpenJDK Runtime Environment"/>
    <property name="file.encoding" value="ANSI_X3.4-1968"/>
    <property name="java.vm.name" value="OpenJDK 64-Bit Server VM"/>
    <property name="localRepository" value="/home/throttling/deps"/>
    <property name="java.vendor.url.bug" value="http://bugreport.sun.com/bugreport/"/>
    <property name="java.io.tmpdir" value="/tmp"/>
    <property name="java.version" value="1.8.0_292"/>
    <property name="surefire.runOrder" value="reversealphabetical"/>
    <property name="user.dir" value="/home/throttling/javadelight/delight-nashorn-sandbox"/>
    <property name="os.arch" value="amd64"/>
    <property name="license.skip" value="true"/>
    <property name="animal.sniffer.skip" value="true"/>
    <property name="java.vm.specification.name" value="Java Virtual Machine Specification"/>
    <property name="java.awt.printerjob" value="sun.print.PSPrinterJob"/>
    <property name="xml.skip" value="true"/>
    <property name="failIfNoTests" value="false"/>
    <property name="sun.os.patch.level" value="unknown"/>
    <property name="java.library.path" value="/usr/java/packages/lib/amd64:/usr/lib/x86_64-linux-gnu/jni:/lib/x86_64-linux-gnu:/usr/lib/x86_64-linux-gnu:/usr/lib/jni:/lib:/usr/lib"/>
    <property name="java.vendor" value="Private Build"/>
    <property name="java.vm.info" value="mixed mode"/>
    <property name="java.vm.version" value="25.292-b10"/>
    <property name="impsort.skip" value="true"/>
    <property name="sun.io.unicode.encoding" value="UnicodeLittle"/>
    <property name="java.ext.dirs" value="/usr/lib/jvm/java-8-openjdk-amd64/jre/lib/ext:/usr/java/packages/lib/ext"/>
    <property name="maven.repo.local" value="/home/throttling/deps"/>
    <property name="enforcer.skip" value="true"/>
    <property name="skip.yarn" value="true"/>
    <property name="java.class.version" value="52.0"/>
    <property name="pgpverify.skip" value="true"/>
  </properties>
  <testcase name="test" classname="delight.nashornsandbox.TestEvalWithScriptContext" time="0.13"/>
  <testcase name="testWithCPUAndMemory" classname="delight.nashornsandbox.TestEvalWithScriptContext" time="0.136"/>
</testsuite><?xml version="1.0" encoding="UTF-8"?>
<testsuite xmlns:xsi="http://www.w3.org/2001/XMLSchema-instance" xsi:noNamespaceSchemaLocation="https://maven.apache.org/surefire/maven-surefire-plugin/xsd/surefire-test-report-3.0.xsd" version="3.0" name="delight.nashornsandbox.TestLimitCPU" time="10.27" tests="12" errors="0" skipped="0" failures="0">
  <properties>
    <property name="warbucks.skip" value="true"/>
    <property name="awt.toolkit" value="sun.awt.X11.XToolkit"/>
    <property name="file.encoding.pkg" value="sun.io"/>
    <property name="java.specification.version" value="1.8"/>
    <property name="sun.cpu.isalist" value=""/>
    <property name="sun.jnu.encoding" value="ANSI_X3.4-1968"/>
    <property name="java.class.path" value="/home/throttling/javadelight/delight-nashorn-sandbox/target/test-classes:/home/throttling/javadelight/delight-nashorn-sandbox/target/classes:/home/throttling/deps/org/slf4j/slf4j-api/1.7.25/slf4j-api-1.7.25.jar:/home/throttling/deps/org/webjars/bower/js-beautify/1.6.12/js-beautify-1.6.12.jar:/home/throttling/deps/junit/junit/4.7/junit-4.7.jar:/home/throttling/deps/org/slf4j/slf4j-log4j12/1.7.25/slf4j-log4j12-1.7.25.jar:/home/throttling/deps/log4j/log4j/1.2.17/log4j-1.2.17.jar:"/>
    <property name="java.vm.vendor" value="Private Build"/>
    <property name="maven.javadoc.skip" value="true"/>
    <property name="sun.arch.data.model" value="64"/>
    <property name="java.vendor.url" value="http://java.oracle.com/"/>
    <property name="user.timezone" value="GMT"/>
    <property name="os.name" value="Linux"/>
    <property name="java.vm.specification.version" value="1.8"/>
    <property name="rat.skip" value="true"/>
    <property name="gpg.skip" value="true"/>
    <property name="sun.java.launcher" value="SUN_STANDARD"/>
    <property name="user.country" value="US"/>
    <property name="sun.boot.library.path" value="/usr/lib/jvm/java-8-openjdk-amd64/jre/lib/amd64"/>
    <property name="dependency-check.skip" value="true"/>
    <property name="sun.java.command" value="/home/throttling/javadelight/delight-nashorn-sandbox/target/surefire/surefirebooter70253542056563330.jar /home/throttling/javadelight/delight-nashorn-sandbox/target/surefire 2026-09-16T05-52-38_912-jvmRun1 surefire1362003314166811997tmp surefire_01127640919597696183tmp"/>
    <property name="surefire.test.class.path" value="/home/throttling/javadelight/delight-nashorn-sandbox/target/test-classes:/home/throttling/javadelight/delight-nashorn-sandbox/target/classes:/home/throttling/deps/org/slf4j/slf4j-api/1.7.25/slf4j-api-1.7.25.jar:/home/throttling/deps/org/webjars/bower/js-beautify/1.6.12/js-beautify-1.6.12.jar:/home/throttling/deps/junit/junit/4.7/junit-4.7.jar:/home/throttling/deps/org/slf4j/slf4j-log4j12/1.7.25/slf4j-log4j12-1.7.25.jar:/home/throttling/deps/log4j/log4j/1.2.17/log4j-1.2.17.jar:"/>
    <property name="sun.cpu.endian" value="little"/>
    <property name="user.home" value="/root"/>
    <property name="user.language" value="en"/>
    <property name="skip.installnodenpm" value="true"/>
    <property name="java.specification.vendor" value="Oracle Corporation"/>
    <property name="java.home" value="/usr/lib/jvm/java-8-openjdk-amd64/jre"/>
    <property name="modernizer.skip" value="true"/>
    <property name="file.separator" value="/"/>
    <property name="basedir" value="/home/throttling/javadelight/delight-nashorn-sandbox"/>
    <property name="checkstyle.skip" value="true"/>
    <property name="line.separator" value="&#10;"/>
    <property name="skip.npm" value="true"/>
    <property name="java.vm.specification.vendor" value="Oracle Corporation"/>
    <property name="java.specification.name" value="Java Platform API Specification"/>
    <property name="java.awt.graphicsenv" value="sun.awt.X11GraphicsEnvironment"/>
    <property name="mdep.analyze.skip" value="true"/>
    <property name="surefire.real.class.path" value="/home/throttling/javadelight/delight-nashorn-sandbox/target/surefire/surefirebooter70253542056563330.jar"/>
    <property name="cobertura.skip" value="true"/>
    <property name="sun.boot.class.path" value="/usr/lib/jvm/java-8-openjdk-amd64/jre/lib/resources.jar:/usr/lib/jvm/java-8-openjdk-amd64/jre/lib/rt.jar:/usr/lib/jvm/java-8-openjdk-amd64/jre/lib/sunrsasign.jar:/usr/lib/jvm/java-8-openjdk-amd64/jre/lib/jsse.jar:/usr/lib/jvm/java-8-openjdk-amd64/jre/lib/jce.jar:/usr/lib/jvm/java-8-openjdk-amd64/jre/lib/charsets.jar:/usr/lib/jvm/java-8-openjdk-amd64/jre/lib/jfr.jar:/usr/lib/jvm/java-8-openjdk-amd64/jre/classes"/>
    <property name="sun.management.compiler" value="HotSpot 64-Bit Tiered Compilers"/>
    <property name="java.runtime.version" value="1.8.0_292-8u292-b10-0ubuntu1~18.04-b10"/>
    <property name="user.name" value="root"/>
    <property name="findbugs.skip" value="true"/>
    <property name="path.separator" value=":"/>
    <property name="os.version" value="6.4.16-linuxkit"/>
    <property name="java.endorsed.dirs" value="/usr/lib/jvm/java-8-openjdk-amd64/jre/lib/endorsed"/>
    <property name="java.runtime.name" value="OpenJDK Runtime Environment"/>
    <property name="file.encoding" value="ANSI_X3.4-1968"/>
    <property name="java.vm.name" value="OpenJDK 64-Bit Server VM"/>
    <property name="localRepository" value="/home/throttling/deps"/>
    <property name="java.vendor.url.bug" value="http://bugreport.sun.com/bugreport/"/>
    <property name="java.io.tmpdir" value="/tmp"/>
    <property name="java.version" value="1.8.0_292"/>
    <property name="surefire.runOrder" value="reversealphabetical"/>
    <property name="user.dir" value="/home/throttling/javadelight/delight-nashorn-sandbox"/>
    <property name="os.arch" value="amd64"/>
    <property name="license.skip" value="true"/>
    <property name="animal.sniffer.skip" value="true"/>
    <property name="java.vm.specification.name" value="Java Virtual Machine Specification"/>
    <property name="java.awt.printerjob" value="sun.print.PSPrinterJob"/>
    <property name="xml.skip" value="true"/>
    <property name="failIfNoTests" value="false"/>
    <property name="sun.os.patch.level" value="unknown"/>
    <property name="java.library.path" value="/usr/java/packages/lib/amd64:/usr/lib/x86_64-linux-gnu/jni:/lib/x86_64-linux-gnu:/usr/lib/x86_64-linux-gnu:/usr/lib/jni:/lib:/usr/lib"/>
    <property name="java.vendor" value="Private Build"/>
    <property name="java.vm.info" value="mixed mode"/>
    <property name="java.vm.version" value="25.292-b10"/>
    <property name="impsort.skip" value="true"/>
    <property name="sun.io.unicode.encoding" value="UnicodeLittle"/>
    <property name="java.ext.dirs" value="/usr/lib/jvm/java-8-openjdk-amd64/jre/lib/ext:/usr/java/packages/lib/ext"/>
    <property name="maven.repo.local" value="/home/throttling/deps"/>
    <property name="enforcer.skip" value="true"/>
    <property name="skip.yarn" value="true"/>
    <property name="java.class.version" value="52.0"/>
    <property name="pgpverify.skip" value="true"/>
  </properties>
  <testcase name="test" classname="delight.nashornsandbox.TestLimitCPU" time="0.279"/>
  <testcase name="test_only_while" classname="delight.nashornsandbox.TestLimitCPU" time="0.162"/>
  <testcase name="test_evil_script" classname="delight.nashornsandbox.TestLimitCPU" time="0.199"/>
  <testcase name="test_nice_script" classname="delight.nashornsandbox.TestLimitCPU" time="0.811"/>
  <testcase name="test_only_while_allowed_bad_script" classname="delight.nashornsandbox.TestLimitCPU" time="0.534">
    <system-out><![CDATA[2888 [main] ERROR delight.nashornsandbox.NashornSandbox  - ThreadMonitor: Thread hard shutdown!
]]></system-out>
  </testcase>
  <testcase name="test_only_while_good_script" classname="delight.nashornsandbox.TestLimitCPU" time="0.474">
    <system-out><![CDATA[3365 [main] ERROR delight.nashornsandbox.NashornSandbox  - ThreadMonitor: Thread hard shutdown!
]]></system-out>
  </testcase>
  <testcase name="test_while_plus_iteration_bad_script" classname="delight.nashornsandbox.TestLimitCPU" time="0.157"/>
  <testcase name="test_while_plus_iteration_bad_scrip_allowed" classname="delight.nashornsandbox.TestLimitCPU" time="0.258">
    <system-out><![CDATA[3780 [main] ERROR delight.nashornsandbox.NashornSandbox  - ThreadMonitor: Thread hard shutdown!
]]></system-out>
  </testcase>
  <testcase name="test_while_plus_iteration" classname="delight.nashornsandbox.TestLimitCPU" time="0.239"/>
  <testcase name="test_do_while" classname="delight.nashornsandbox.TestLimitCPU" time="0.231"/>
  <testcase name="testIsMatchCpuAbuseDirect" classname="delight.nashornsandbox.TestLimitCPU" time="6.698"/>
  <testcase name="testCpuLmitInInvocable" classname="delight.nashornsandbox.TestLimitCPU" time="0.207"/>
</testsuite><?xml version="1.0" encoding="UTF-8"?>
<testsuite xmlns:xsi="http://www.w3.org/2001/XMLSchema-instance" xsi:noNamespaceSchemaLocation="https://maven.apache.org/surefire/maven-surefire-plugin/xsd/surefire-test-report-3.0.xsd" version="3.0" name="delight.nashornsandbox.internal.ThreadMonitorTest" time="0.065" tests="1" errors="0" skipped="0" failures="0">
  <properties>
    <property name="warbucks.skip" value="true"/>
    <property name="awt.toolkit" value="sun.awt.X11.XToolkit"/>
    <property name="file.encoding.pkg" value="sun.io"/>
    <property name="java.specification.version" value="1.8"/>
    <property name="sun.cpu.isalist" value=""/>
    <property name="sun.jnu.encoding" value="ANSI_X3.4-1968"/>
    <property name="java.class.path" value="/home/throttling/javadelight/delight-nashorn-sandbox/target/test-classes:/home/throttling/javadelight/delight-nashorn-sandbox/target/classes:/home/throttling/deps/org/slf4j/slf4j-api/1.7.25/slf4j-api-1.7.25.jar:/home/throttling/deps/org/webjars/bower/js-beautify/1.6.12/js-beautify-1.6.12.jar:/home/throttling/deps/junit/junit/4.7/junit-4.7.jar:/home/throttling/deps/org/slf4j/slf4j-log4j12/1.7.25/slf4j-log4j12-1.7.25.jar:/home/throttling/deps/log4j/log4j/1.2.17/log4j-1.2.17.jar:"/>
    <property name="java.vm.vendor" value="Private Build"/>
    <property name="maven.javadoc.skip" value="true"/>
    <property name="sun.arch.data.model" value="64"/>
    <property name="java.vendor.url" value="http://java.oracle.com/"/>
    <property name="user.timezone" value=""/>
    <property name="os.name" value="Linux"/>
    <property name="java.vm.specification.version" value="1.8"/>
    <property name="rat.skip" value="true"/>
    <property name="gpg.skip" value="true"/>
    <property name="sun.java.launcher" value="SUN_STANDARD"/>
    <property name="user.country" value="US"/>
    <property name="sun.boot.library.path" value="/usr/lib/jvm/java-8-openjdk-amd64/jre/lib/amd64"/>
    <property name="dependency-check.skip" value="true"/>
    <property name="sun.java.command" value="/home/throttling/javadelight/delight-nashorn-sandbox/target/surefire/surefirebooter70253542056563330.jar /home/throttling/javadelight/delight-nashorn-sandbox/target/surefire 2026-09-16T05-52-38_912-jvmRun1 surefire1362003314166811997tmp surefire_01127640919597696183tmp"/>
    <property name="surefire.test.class.path" value="/home/throttling/javadelight/delight-nashorn-sandbox/target/test-classes:/home/throttling/javadelight/delight-nashorn-sandbox/target/classes:/home/throttling/deps/org/slf4j/slf4j-api/1.7.25/slf4j-api-1.7.25.jar:/home/throttling/deps/org/webjars/bower/js-beautify/1.6.12/js-beautify-1.6.12.jar:/home/throttling/deps/junit/junit/4.7/junit-4.7.jar:/home/throttling/deps/org/slf4j/slf4j-log4j12/1.7.25/slf4j-log4j12-1.7.25.jar:/home/throttling/deps/log4j/log4j/1.2.17/log4j-1.2.17.jar:"/>
    <property name="sun.cpu.endian" value="little"/>
    <property name="user.home" value="/root"/>
    <property name="user.language" value="en"/>
    <property name="skip.installnodenpm" value="true"/>
    <property name="java.specification.vendor" value="Oracle Corporation"/>
    <property name="java.home" value="/usr/lib/jvm/java-8-openjdk-amd64/jre"/>
    <property name="modernizer.skip" value="true"/>
    <property name="file.separator" value="/"/>
    <property name="basedir" value="/home/throttling/javadelight/delight-nashorn-sandbox"/>
    <property name="checkstyle.skip" value="true"/>
    <property name="line.separator" value="&#10;"/>
    <property name="skip.npm" value="true"/>
    <property name="java.vm.specification.vendor" value="Oracle Corporation"/>
    <property name="java.specification.name" value="Java Platform API Specification"/>
    <property name="java.awt.graphicsenv" value="sun.awt.X11GraphicsEnvironment"/>
    <property name="mdep.analyze.skip" value="true"/>
    <property name="surefire.real.class.path" value="/home/throttling/javadelight/delight-nashorn-sandbox/target/surefire/surefirebooter70253542056563330.jar"/>
    <property name="cobertura.skip" value="true"/>
    <property name="sun.boot.class.path" value="/usr/lib/jvm/java-8-openjdk-amd64/jre/lib/resources.jar:/usr/lib/jvm/java-8-openjdk-amd64/jre/lib/rt.jar:/usr/lib/jvm/java-8-openjdk-amd64/jre/lib/sunrsasign.jar:/usr/lib/jvm/java-8-openjdk-amd64/jre/lib/jsse.jar:/usr/lib/jvm/java-8-openjdk-amd64/jre/lib/jce.jar:/usr/lib/jvm/java-8-openjdk-amd64/jre/lib/charsets.jar:/usr/lib/jvm/java-8-openjdk-amd64/jre/lib/jfr.jar:/usr/lib/jvm/java-8-openjdk-amd64/jre/classes"/>
    <property name="sun.management.compiler" value="HotSpot 64-Bit Tiered Compilers"/>
    <property name="java.runtime.version" value="1.8.0_292-8u292-b10-0ubuntu1~18.04-b10"/>
    <property name="user.name" value="root"/>
    <property name="findbugs.skip" value="true"/>
    <property name="path.separator" value=":"/>
    <property name="os.version" value="6.4.16-linuxkit"/>
    <property name="java.endorsed.dirs" value="/usr/lib/jvm/java-8-openjdk-amd64/jre/lib/endorsed"/>
    <property name="java.runtime.name" value="OpenJDK Runtime Environment"/>
    <property name="file.encoding" value="ANSI_X3.4-1968"/>
    <property name="java.vm.name" value="OpenJDK 64-Bit Server VM"/>
    <property name="localRepository" value="/home/throttling/deps"/>
    <property name="java.vendor.url.bug" value="http://bugreport.sun.com/bugreport/"/>
    <property name="java.io.tmpdir" value="/tmp"/>
    <property name="java.version" value="1.8.0_292"/>
    <property name="surefire.runOrder" value="reversealphabetical"/>
    <property name="user.dir" value="/home/throttling/javadelight/delight-nashorn-sandbox"/>
    <property name="os.arch" value="amd64"/>
    <property name="license.skip" value="true"/>
    <property name="animal.sniffer.skip" value="true"/>
    <property name="java.vm.specification.name" value="Java Virtual Machine Specification"/>
    <property name="java.awt.printerjob" value="sun.print.PSPrinterJob"/>
    <property name="xml.skip" value="true"/>
    <property name="failIfNoTests" value="false"/>
    <property name="sun.os.patch.level" value="unknown"/>
    <property name="java.library.path" value="/usr/java/packages/lib/amd64:/usr/lib/x86_64-linux-gnu/jni:/lib/x86_64-linux-gnu:/usr/lib/x86_64-linux-gnu:/usr/lib/jni:/lib:/usr/lib"/>
    <property name="java.vendor" value="Private Build"/>
    <property name="java.vm.info" value="mixed mode"/>
    <property name="java.vm.version" value="25.292-b10"/>
    <property name="impsort.skip" value="true"/>
    <property name="sun.io.unicode.encoding" value="UnicodeLittle"/>
    <property name="java.ext.dirs" value="/usr/lib/jvm/java-8-openjdk-amd64/jre/lib/ext:/usr/java/packages/lib/ext"/>
    <property name="maven.repo.local" value="/home/throttling/deps"/>
    <property name="enforcer.skip" value="true"/>
    <property name="skip.yarn" value="true"/>
    <property name="java.class.version" value="52.0"/>
    <property name="pgpverify.skip" value="true"/>
  </properties>
  <testcase name="when_run_and_threadToMonitor_set_then_do_not_wait" classname="delight.nashornsandbox.internal.ThreadMonitorTest" time="0.019"/>
</testsuite><?xml version="1.0" encoding="UTF-8"?>
<testsuite xmlns:xsi="http://www.w3.org/2001/XMLSchema-instance" xsi:noNamespaceSchemaLocation="https://maven.apache.org/surefire/maven-surefire-plugin/xsd/surefire-test-report-3.0.xsd" version="3.0" name="delight.nashornsandbox.TestEvalWithScriptBindings" time="0.365" tests="2" errors="0" skipped="0" failures="0">
  <properties>
    <property name="warbucks.skip" value="true"/>
    <property name="awt.toolkit" value="sun.awt.X11.XToolkit"/>
    <property name="file.encoding.pkg" value="sun.io"/>
    <property name="java.specification.version" value="1.8"/>
    <property name="sun.cpu.isalist" value=""/>
    <property name="sun.jnu.encoding" value="ANSI_X3.4-1968"/>
    <property name="java.class.path" value="/home/throttling/javadelight/delight-nashorn-sandbox/target/test-classes:/home/throttling/javadelight/delight-nashorn-sandbox/target/classes:/home/throttling/deps/org/slf4j/slf4j-api/1.7.25/slf4j-api-1.7.25.jar:/home/throttling/deps/org/webjars/bower/js-beautify/1.6.12/js-beautify-1.6.12.jar:/home/throttling/deps/junit/junit/4.7/junit-4.7.jar:/home/throttling/deps/org/slf4j/slf4j-log4j12/1.7.25/slf4j-log4j12-1.7.25.jar:/home/throttling/deps/log4j/log4j/1.2.17/log4j-1.2.17.jar:"/>
    <property name="java.vm.vendor" value="Private Build"/>
    <property name="maven.javadoc.skip" value="true"/>
    <property name="sun.arch.data.model" value="64"/>
    <property name="java.vendor.url" value="http://java.oracle.com/"/>
    <property name="user.timezone" value="GMT"/>
    <property name="os.name" value="Linux"/>
    <property name="java.vm.specification.version" value="1.8"/>
    <property name="rat.skip" value="true"/>
    <property name="gpg.skip" value="true"/>
    <property name="sun.java.launcher" value="SUN_STANDARD"/>
    <property name="user.country" value="US"/>
    <property name="sun.boot.library.path" value="/usr/lib/jvm/java-8-openjdk-amd64/jre/lib/amd64"/>
    <property name="dependency-check.skip" value="true"/>
    <property name="sun.java.command" value="/home/throttling/javadelight/delight-nashorn-sandbox/target/surefire/surefirebooter70253542056563330.jar /home/throttling/javadelight/delight-nashorn-sandbox/target/surefire 2026-09-16T05-52-38_912-jvmRun1 surefire1362003314166811997tmp surefire_01127640919597696183tmp"/>
    <property name="surefire.test.class.path" value="/home/throttling/javadelight/delight-nashorn-sandbox/target/test-classes:/home/throttling/javadelight/delight-nashorn-sandbox/target/classes:/home/throttling/deps/org/slf4j/slf4j-api/1.7.25/slf4j-api-1.7.25.jar:/home/throttling/deps/org/webjars/bower/js-beautify/1.6.12/js-beautify-1.6.12.jar:/home/throttling/deps/junit/junit/4.7/junit-4.7.jar:/home/throttling/deps/org/slf4j/slf4j-log4j12/1.7.25/slf4j-log4j12-1.7.25.jar:/home/throttling/deps/log4j/log4j/1.2.17/log4j-1.2.17.jar:"/>
    <property name="sun.cpu.endian" value="little"/>
    <property name="user.home" value="/root"/>
    <property name="user.language" value="en"/>
    <property name="skip.installnodenpm" value="true"/>
    <property name="java.specification.vendor" value="Oracle Corporation"/>
    <property name="java.home" value="/usr/lib/jvm/java-8-openjdk-amd64/jre"/>
    <property name="modernizer.skip" value="true"/>
    <property name="file.separator" value="/"/>
    <property name="basedir" value="/home/throttling/javadelight/delight-nashorn-sandbox"/>
    <property name="checkstyle.skip" value="true"/>
    <property name="line.separator" value="&#10;"/>
    <property name="skip.npm" value="true"/>
    <property name="java.vm.specification.vendor" value="Oracle Corporation"/>
    <property name="java.specification.name" value="Java Platform API Specification"/>
    <property name="java.awt.graphicsenv" value="sun.awt.X11GraphicsEnvironment"/>
    <property name="mdep.analyze.skip" value="true"/>
    <property name="surefire.real.class.path" value="/home/throttling/javadelight/delight-nashorn-sandbox/target/surefire/surefirebooter70253542056563330.jar"/>
    <property name="cobertura.skip" value="true"/>
    <property name="sun.boot.class.path" value="/usr/lib/jvm/java-8-openjdk-amd64/jre/lib/resources.jar:/usr/lib/jvm/java-8-openjdk-amd64/jre/lib/rt.jar:/usr/lib/jvm/java-8-openjdk-amd64/jre/lib/sunrsasign.jar:/usr/lib/jvm/java-8-openjdk-amd64/jre/lib/jsse.jar:/usr/lib/jvm/java-8-openjdk-amd64/jre/lib/jce.jar:/usr/lib/jvm/java-8-openjdk-amd64/jre/lib/charsets.jar:/usr/lib/jvm/java-8-openjdk-amd64/jre/lib/jfr.jar:/usr/lib/jvm/java-8-openjdk-amd64/jre/classes"/>
    <property name="sun.management.compiler" value="HotSpot 64-Bit Tiered Compilers"/>
    <property name="java.runtime.version" value="1.8.0_292-8u292-b10-0ubuntu1~18.04-b10"/>
    <property name="user.name" value="root"/>
    <property name="findbugs.skip" value="true"/>
    <property name="path.separator" value=":"/>
    <property name="os.version" value="6.4.16-linuxkit"/>
    <property name="java.endorsed.dirs" value="/usr/lib/jvm/java-8-openjdk-amd64/jre/lib/endorsed"/>
    <property name="java.runtime.name" value="OpenJDK Runtime Environment"/>
    <property name="file.encoding" value="ANSI_X3.4-1968"/>
    <property name="java.vm.name" value="OpenJDK 64-Bit Server VM"/>
    <property name="localRepository" value="/home/throttling/deps"/>
    <property name="java.vendor.url.bug" value="http://bugreport.sun.com/bugreport/"/>
    <property name="java.io.tmpdir" value="/tmp"/>
    <property name="java.version" value="1.8.0_292"/>
    <property name="surefire.runOrder" value="reversealphabetical"/>
    <property name="user.dir" value="/home/throttling/javadelight/delight-nashorn-sandbox"/>
    <property name="os.arch" value="amd64"/>
    <property name="license.skip" value="true"/>
    <property name="animal.sniffer.skip" value="true"/>
    <property name="java.vm.specification.name" value="Java Virtual Machine Specification"/>
    <property name="java.awt.printerjob" value="sun.print.PSPrinterJob"/>
    <property name="xml.skip" value="true"/>
    <property name="failIfNoTests" value="false"/>
    <property name="sun.os.patch.level" value="unknown"/>
    <property name="java.library.path" value="/usr/java/packages/lib/amd64:/usr/lib/x86_64-linux-gnu/jni:/lib/x86_64-linux-gnu:/usr/lib/x86_64-linux-gnu:/usr/lib/jni:/lib:/usr/lib"/>
    <property name="java.vendor" value="Private Build"/>
    <property name="java.vm.info" value="mixed mode"/>
    <property name="java.vm.version" value="25.292-b10"/>
    <property name="impsort.skip" value="true"/>
    <property name="sun.io.unicode.encoding" value="UnicodeLittle"/>
    <property name="java.ext.dirs" value="/usr/lib/jvm/java-8-openjdk-amd64/jre/lib/ext:/usr/java/packages/lib/ext"/>
    <property name="maven.repo.local" value="/home/throttling/deps"/>
    <property name="enforcer.skip" value="true"/>
    <property name="skip.yarn" value="true"/>
    <property name="java.class.version" value="52.0"/>
    <property name="pgpverify.skip" value="true"/>
  </properties>
  <testcase name="test" classname="delight.nashornsandbox.TestEvalWithScriptBindings" time="0.217"/>
  <testcase name="testWithCPUAndMemory" classname="delight.nashornsandbox.TestEvalWithScriptBindings" time="0.14"/>
</testsuite><?xml version="1.0" encoding="UTF-8"?>
<testsuite xmlns:xsi="http://www.w3.org/2001/XMLSchema-instance" xsi:noNamespaceSchemaLocation="https://maven.apache.org/surefire/maven-surefire-plugin/xsd/surefire-test-report-3.0.xsd" version="3.0" name="delight.nashornsandbox.TestScriptInterruptionAndCatch" time="0.286" tests="1" errors="0" skipped="0" failures="0">
  <properties>
    <property name="warbucks.skip" value="true"/>
    <property name="awt.toolkit" value="sun.awt.X11.XToolkit"/>
    <property name="file.encoding.pkg" value="sun.io"/>
    <property name="java.specification.version" value="1.8"/>
    <property name="sun.cpu.isalist" value=""/>
    <property name="sun.jnu.encoding" value="ANSI_X3.4-1968"/>
    <property name="java.class.path" value="/home/throttling/javadelight/delight-nashorn-sandbox/target/test-classes:/home/throttling/javadelight/delight-nashorn-sandbox/target/classes:/home/throttling/deps/org/slf4j/slf4j-api/1.7.25/slf4j-api-1.7.25.jar:/home/throttling/deps/org/webjars/bower/js-beautify/1.6.12/js-beautify-1.6.12.jar:/home/throttling/deps/junit/junit/4.7/junit-4.7.jar:/home/throttling/deps/org/slf4j/slf4j-log4j12/1.7.25/slf4j-log4j12-1.7.25.jar:/home/throttling/deps/log4j/log4j/1.2.17/log4j-1.2.17.jar:"/>
    <property name="java.vm.vendor" value="Private Build"/>
    <property name="maven.javadoc.skip" value="true"/>
    <property name="sun.arch.data.model" value="64"/>
    <property name="java.vendor.url" value="http://java.oracle.com/"/>
    <property name="user.timezone" value="GMT"/>
    <property name="os.name" value="Linux"/>
    <property name="java.vm.specification.version" value="1.8"/>
    <property name="rat.skip" value="true"/>
    <property name="gpg.skip" value="true"/>
    <property name="sun.java.launcher" value="SUN_STANDARD"/>
    <property name="user.country" value="US"/>
    <property name="sun.boot.library.path" value="/usr/lib/jvm/java-8-openjdk-amd64/jre/lib/amd64"/>
    <property name="dependency-check.skip" value="true"/>
    <property name="sun.java.command" value="/home/throttling/javadelight/delight-nashorn-sandbox/target/surefire/surefirebooter70253542056563330.jar /home/throttling/javadelight/delight-nashorn-sandbox/target/surefire 2026-09-16T05-52-38_912-jvmRun1 surefire1362003314166811997tmp surefire_01127640919597696183tmp"/>
    <property name="surefire.test.class.path" value="/home/throttling/javadelight/delight-nashorn-sandbox/target/test-classes:/home/throttling/javadelight/delight-nashorn-sandbox/target/classes:/home/throttling/deps/org/slf4j/slf4j-api/1.7.25/slf4j-api-1.7.25.jar:/home/throttling/deps/org/webjars/bower/js-beautify/1.6.12/js-beautify-1.6.12.jar:/home/throttling/deps/junit/junit/4.7/junit-4.7.jar:/home/throttling/deps/org/slf4j/slf4j-log4j12/1.7.25/slf4j-log4j12-1.7.25.jar:/home/throttling/deps/log4j/log4j/1.2.17/log4j-1.2.17.jar:"/>
    <property name="sun.cpu.endian" value="little"/>
    <property name="user.home" value="/root"/>
    <property name="user.language" value="en"/>
    <property name="skip.installnodenpm" value="true"/>
    <property name="java.specification.vendor" value="Oracle Corporation"/>
    <property name="java.home" value="/usr/lib/jvm/java-8-openjdk-amd64/jre"/>
    <property name="modernizer.skip" value="true"/>
    <property name="file.separator" value="/"/>
    <property name="basedir" value="/home/throttling/javadelight/delight-nashorn-sandbox"/>
    <property name="checkstyle.skip" value="true"/>
    <property name="line.separator" value="&#10;"/>
    <property name="skip.npm" value="true"/>
    <property name="java.vm.specification.vendor" value="Oracle Corporation"/>
    <property name="java.specification.name" value="Java Platform API Specification"/>
    <property name="java.awt.graphicsenv" value="sun.awt.X11GraphicsEnvironment"/>
    <property name="mdep.analyze.skip" value="true"/>
    <property name="surefire.real.class.path" value="/home/throttling/javadelight/delight-nashorn-sandbox/target/surefire/surefirebooter70253542056563330.jar"/>
    <property name="cobertura.skip" value="true"/>
    <property name="sun.boot.class.path" value="/usr/lib/jvm/java-8-openjdk-amd64/jre/lib/resources.jar:/usr/lib/jvm/java-8-openjdk-amd64/jre/lib/rt.jar:/usr/lib/jvm/java-8-openjdk-amd64/jre/lib/sunrsasign.jar:/usr/lib/jvm/java-8-openjdk-amd64/jre/lib/jsse.jar:/usr/lib/jvm/java-8-openjdk-amd64/jre/lib/jce.jar:/usr/lib/jvm/java-8-openjdk-amd64/jre/lib/charsets.jar:/usr/lib/jvm/java-8-openjdk-amd64/jre/lib/jfr.jar:/usr/lib/jvm/java-8-openjdk-amd64/jre/classes"/>
    <property name="sun.management.compiler" value="HotSpot 64-Bit Tiered Compilers"/>
    <property name="java.runtime.version" value="1.8.0_292-8u292-b10-0ubuntu1~18.04-b10"/>
    <property name="user.name" value="root"/>
    <property name="findbugs.skip" value="true"/>
    <property name="path.separator" value=":"/>
    <property name="os.version" value="6.4.16-linuxkit"/>
    <property name="java.endorsed.dirs" value="/usr/lib/jvm/java-8-openjdk-amd64/jre/lib/endorsed"/>
    <property name="java.runtime.name" value="OpenJDK Runtime Environment"/>
    <property name="file.encoding" value="ANSI_X3.4-1968"/>
    <property name="java.vm.name" value="OpenJDK 64-Bit Server VM"/>
    <property name="localRepository" value="/home/throttling/deps"/>
    <property name="java.vendor.url.bug" value="http://bugreport.sun.com/bugreport/"/>
    <property name="java.io.tmpdir" value="/tmp"/>
    <property name="java.version" value="1.8.0_292"/>
    <property name="surefire.runOrder" value="reversealphabetical"/>
    <property name="user.dir" value="/home/throttling/javadelight/delight-nashorn-sandbox"/>
    <property name="os.arch" value="amd64"/>
    <property name="license.skip" value="true"/>
    <property name="animal.sniffer.skip" value="true"/>
    <property name="java.vm.specification.name" value="Java Virtual Machine Specification"/>
    <property name="java.awt.printerjob" value="sun.print.PSPrinterJob"/>
    <property name="xml.skip" value="true"/>
    <property name="failIfNoTests" value="false"/>
    <property name="sun.os.patch.level" value="unknown"/>
    <property name="java.library.path" value="/usr/java/packages/lib/amd64:/usr/lib/x86_64-linux-gnu/jni:/lib/x86_64-linux-gnu:/usr/lib/x86_64-linux-gnu:/usr/lib/jni:/lib:/usr/lib"/>
    <property name="java.vendor" value="Private Build"/>
    <property name="java.vm.info" value="mixed mode"/>
    <property name="java.vm.version" value="25.292-b10"/>
    <property name="impsort.skip" value="true"/>
    <property name="sun.io.unicode.encoding" value="UnicodeLittle"/>
    <property name="java.ext.dirs" value="/usr/lib/jvm/java-8-openjdk-amd64/jre/lib/ext:/usr/java/packages/lib/ext"/>
    <property name="maven.repo.local" value="/home/throttling/deps"/>
    <property name="enforcer.skip" value="true"/>
    <property name="skip.yarn" value="true"/>
    <property name="java.class.version" value="52.0"/>
    <property name="pgpverify.skip" value="true"/>
  </properties>
  <testcase name="test_catch" classname="delight.nashornsandbox.TestScriptInterruptionAndCatch" time="0.278"/>
</testsuite><?xml version="1.0" encoding="UTF-8"?>
<testsuite xmlns:xsi="http://www.w3.org/2001/XMLSchema-instance" xsi:noNamespaceSchemaLocation="https://maven.apache.org/surefire/maven-surefire-plugin/xsd/surefire-test-report-3.0.xsd" version="3.0" name="delight.nashornsandbox.TestClassForName" time="0.728" tests="2" errors="0" skipped="0" failures="0">
  <properties>
    <property name="warbucks.skip" value="true"/>
    <property name="awt.toolkit" value="sun.awt.X11.XToolkit"/>
    <property name="file.encoding.pkg" value="sun.io"/>
    <property name="java.specification.version" value="1.8"/>
    <property name="sun.cpu.isalist" value=""/>
    <property name="sun.jnu.encoding" value="ANSI_X3.4-1968"/>
    <property name="java.class.path" value="/home/throttling/javadelight/delight-nashorn-sandbox/target/test-classes:/home/throttling/javadelight/delight-nashorn-sandbox/target/classes:/home/throttling/deps/org/slf4j/slf4j-api/1.7.25/slf4j-api-1.7.25.jar:/home/throttling/deps/org/webjars/bower/js-beautify/1.6.12/js-beautify-1.6.12.jar:/home/throttling/deps/junit/junit/4.7/junit-4.7.jar:/home/throttling/deps/org/slf4j/slf4j-log4j12/1.7.25/slf4j-log4j12-1.7.25.jar:/home/throttling/deps/log4j/log4j/1.2.17/log4j-1.2.17.jar:"/>
    <property name="java.vm.vendor" value="Private Build"/>
    <property name="maven.javadoc.skip" value="true"/>
    <property name="sun.arch.data.model" value="64"/>
    <property name="java.vendor.url" value="http://java.oracle.com/"/>
    <property name="user.timezone" value="GMT"/>
    <property name="os.name" value="Linux"/>
    <property name="java.vm.specification.version" value="1.8"/>
    <property name="rat.skip" value="true"/>
    <property name="gpg.skip" value="true"/>
    <property name="sun.java.launcher" value="SUN_STANDARD"/>
    <property name="user.country" value="US"/>
    <property name="sun.boot.library.path" value="/usr/lib/jvm/java-8-openjdk-amd64/jre/lib/amd64"/>
    <property name="dependency-check.skip" value="true"/>
    <property name="sun.java.command" value="/home/throttling/javadelight/delight-nashorn-sandbox/target/surefire/surefirebooter70253542056563330.jar /home/throttling/javadelight/delight-nashorn-sandbox/target/surefire 2026-09-16T05-52-38_912-jvmRun1 surefire1362003314166811997tmp surefire_01127640919597696183tmp"/>
    <property name="surefire.test.class.path" value="/home/throttling/javadelight/delight-nashorn-sandbox/target/test-classes:/home/throttling/javadelight/delight-nashorn-sandbox/target/classes:/home/throttling/deps/org/slf4j/slf4j-api/1.7.25/slf4j-api-1.7.25.jar:/home/throttling/deps/org/webjars/bower/js-beautify/1.6.12/js-beautify-1.6.12.jar:/home/throttling/deps/junit/junit/4.7/junit-4.7.jar:/home/throttling/deps/org/slf4j/slf4j-log4j12/1.7.25/slf4j-log4j12-1.7.25.jar:/home/throttling/deps/log4j/log4j/1.2.17/log4j-1.2.17.jar:"/>
    <property name="sun.cpu.endian" value="little"/>
    <property name="user.home" value="/root"/>
    <property name="user.language" value="en"/>
    <property name="skip.installnodenpm" value="true"/>
    <property name="java.specification.vendor" value="Oracle Corporation"/>
    <property name="java.home" value="/usr/lib/jvm/java-8-openjdk-amd64/jre"/>
    <property name="modernizer.skip" value="true"/>
    <property name="file.separator" value="/"/>
    <property name="basedir" value="/home/throttling/javadelight/delight-nashorn-sandbox"/>
    <property name="checkstyle.skip" value="true"/>
    <property name="line.separator" value="&#10;"/>
    <property name="skip.npm" value="true"/>
    <property name="java.vm.specification.vendor" value="Oracle Corporation"/>
    <property name="java.specification.name" value="Java Platform API Specification"/>
    <property name="java.awt.graphicsenv" value="sun.awt.X11GraphicsEnvironment"/>
    <property name="mdep.analyze.skip" value="true"/>
    <property name="surefire.real.class.path" value="/home/throttling/javadelight/delight-nashorn-sandbox/target/surefire/surefirebooter70253542056563330.jar"/>
    <property name="cobertura.skip" value="true"/>
    <property name="sun.boot.class.path" value="/usr/lib/jvm/java-8-openjdk-amd64/jre/lib/resources.jar:/usr/lib/jvm/java-8-openjdk-amd64/jre/lib/rt.jar:/usr/lib/jvm/java-8-openjdk-amd64/jre/lib/sunrsasign.jar:/usr/lib/jvm/java-8-openjdk-amd64/jre/lib/jsse.jar:/usr/lib/jvm/java-8-openjdk-amd64/jre/lib/jce.jar:/usr/lib/jvm/java-8-openjdk-amd64/jre/lib/charsets.jar:/usr/lib/jvm/java-8-openjdk-amd64/jre/lib/jfr.jar:/usr/lib/jvm/java-8-openjdk-amd64/jre/classes"/>
    <property name="sun.management.compiler" value="HotSpot 64-Bit Tiered Compilers"/>
    <property name="java.runtime.version" value="1.8.0_292-8u292-b10-0ubuntu1~18.04-b10"/>
    <property name="user.name" value="root"/>
    <property name="findbugs.skip" value="true"/>
    <property name="path.separator" value=":"/>
    <property name="os.version" value="6.4.16-linuxkit"/>
    <property name="java.endorsed.dirs" value="/usr/lib/jvm/java-8-openjdk-amd64/jre/lib/endorsed"/>
    <property name="java.runtime.name" value="OpenJDK Runtime Environment"/>
    <property name="file.encoding" value="ANSI_X3.4-1968"/>
    <property name="java.vm.name" value="OpenJDK 64-Bit Server VM"/>
    <property name="localRepository" value="/home/throttling/deps"/>
    <property name="java.vendor.url.bug" value="http://bugreport.sun.com/bugreport/"/>
    <property name="java.io.tmpdir" value="/tmp"/>
    <property name="java.version" value="1.8.0_292"/>
    <property name="surefire.runOrder" value="reversealphabetical"/>
    <property name="user.dir" value="/home/throttling/javadelight/delight-nashorn-sandbox"/>
    <property name="os.arch" value="amd64"/>
    <property name="license.skip" value="true"/>
    <property name="animal.sniffer.skip" value="true"/>
    <property name="java.vm.specification.name" value="Java Virtual Machine Specification"/>
    <property name="java.awt.printerjob" value="sun.print.PSPrinterJob"/>
    <property name="xml.skip" value="true"/>
    <property name="failIfNoTests" value="false"/>
    <property name="sun.os.patch.level" value="unknown"/>
    <property name="java.library.path" value="/usr/java/packages/lib/amd64:/usr/lib/x86_64-linux-gnu/jni:/lib/x86_64-linux-gnu:/usr/lib/x86_64-linux-gnu:/usr/lib/jni:/lib:/usr/lib"/>
    <property name="java.vendor" value="Private Build"/>
    <property name="java.vm.info" value="mixed mode"/>
    <property name="java.vm.version" value="25.292-b10"/>
    <property name="impsort.skip" value="true"/>
    <property name="sun.io.unicode.encoding" value="UnicodeLittle"/>
    <property name="java.ext.dirs" value="/usr/lib/jvm/java-8-openjdk-amd64/jre/lib/ext:/usr/java/packages/lib/ext"/>
    <property name="maven.repo.local" value="/home/throttling/deps"/>
    <property name="enforcer.skip" value="true"/>
    <property name="skip.yarn" value="true"/>
    <property name="java.class.version" value="52.0"/>
    <property name="pgpverify.skip" value="true"/>
  </properties>
  <testcase name="test_access_granted" classname="delight.nashornsandbox.TestClassForName" time="0.189"/>
  <testcase name="test_access_denied" classname="delight.nashornsandbox.TestClassForName" time="0.538"/>
</testsuite><?xml version="1.0" encoding="UTF-8"?>
<testsuite xmlns:xsi="http://www.w3.org/2001/XMLSchema-instance" xsi:noNamespaceSchemaLocation="https://maven.apache.org/surefire/maven-surefire-plugin/xsd/surefire-test-report-3.0.xsd" version="3.0" name="delight.nashornsandbox.TestSwitch" time="0.331" tests="1" errors="0" skipped="0" failures="0">
  <properties>
    <property name="warbucks.skip" value="true"/>
    <property name="awt.toolkit" value="sun.awt.X11.XToolkit"/>
    <property name="file.encoding.pkg" value="sun.io"/>
    <property name="java.specification.version" value="1.8"/>
    <property name="sun.cpu.isalist" value=""/>
    <property name="sun.jnu.encoding" value="ANSI_X3.4-1968"/>
    <property name="java.class.path" value="/home/throttling/javadelight/delight-nashorn-sandbox/target/test-classes:/home/throttling/javadelight/delight-nashorn-sandbox/target/classes:/home/throttling/deps/org/slf4j/slf4j-api/1.7.25/slf4j-api-1.7.25.jar:/home/throttling/deps/org/webjars/bower/js-beautify/1.6.12/js-beautify-1.6.12.jar:/home/throttling/deps/junit/junit/4.7/junit-4.7.jar:/home/throttling/deps/org/slf4j/slf4j-log4j12/1.7.25/slf4j-log4j12-1.7.25.jar:/home/throttling/deps/log4j/log4j/1.2.17/log4j-1.2.17.jar:"/>
    <property name="java.vm.vendor" value="Private Build"/>
    <property name="maven.javadoc.skip" value="true"/>
    <property name="sun.arch.data.model" value="64"/>
    <property name="java.vendor.url" value="http://java.oracle.com/"/>
    <property name="user.timezone" value="GMT"/>
    <property name="os.name" value="Linux"/>
    <property name="java.vm.specification.version" value="1.8"/>
    <property name="rat.skip" value="true"/>
    <property name="gpg.skip" value="true"/>
    <property name="sun.java.launcher" value="SUN_STANDARD"/>
    <property name="user.country" value="US"/>
    <property name="sun.boot.library.path" value="/usr/lib/jvm/java-8-openjdk-amd64/jre/lib/amd64"/>
    <property name="dependency-check.skip" value="true"/>
    <property name="sun.java.command" value="/home/throttling/javadelight/delight-nashorn-sandbox/target/surefire/surefirebooter70253542056563330.jar /home/throttling/javadelight/delight-nashorn-sandbox/target/surefire 2026-09-16T05-52-38_912-jvmRun1 surefire1362003314166811997tmp surefire_01127640919597696183tmp"/>
    <property name="surefire.test.class.path" value="/home/throttling/javadelight/delight-nashorn-sandbox/target/test-classes:/home/throttling/javadelight/delight-nashorn-sandbox/target/classes:/home/throttling/deps/org/slf4j/slf4j-api/1.7.25/slf4j-api-1.7.25.jar:/home/throttling/deps/org/webjars/bower/js-beautify/1.6.12/js-beautify-1.6.12.jar:/home/throttling/deps/junit/junit/4.7/junit-4.7.jar:/home/throttling/deps/org/slf4j/slf4j-log4j12/1.7.25/slf4j-log4j12-1.7.25.jar:/home/throttling/deps/log4j/log4j/1.2.17/log4j-1.2.17.jar:"/>
    <property name="sun.cpu.endian" value="little"/>
    <property name="user.home" value="/root"/>
    <property name="user.language" value="en"/>
    <property name="skip.installnodenpm" value="true"/>
    <property name="java.specification.vendor" value="Oracle Corporation"/>
    <property name="java.home" value="/usr/lib/jvm/java-8-openjdk-amd64/jre"/>
    <property name="modernizer.skip" value="true"/>
    <property name="file.separator" value="/"/>
    <property name="basedir" value="/home/throttling/javadelight/delight-nashorn-sandbox"/>
    <property name="checkstyle.skip" value="true"/>
    <property name="line.separator" value="&#10;"/>
    <property name="skip.npm" value="true"/>
    <property name="java.vm.specification.vendor" value="Oracle Corporation"/>
    <property name="java.specification.name" value="Java Platform API Specification"/>
    <property name="java.awt.graphicsenv" value="sun.awt.X11GraphicsEnvironment"/>
    <property name="mdep.analyze.skip" value="true"/>
    <property name="surefire.real.class.path" value="/home/throttling/javadelight/delight-nashorn-sandbox/target/surefire/surefirebooter70253542056563330.jar"/>
    <property name="cobertura.skip" value="true"/>
    <property name="sun.boot.class.path" value="/usr/lib/jvm/java-8-openjdk-amd64/jre/lib/resources.jar:/usr/lib/jvm/java-8-openjdk-amd64/jre/lib/rt.jar:/usr/lib/jvm/java-8-openjdk-amd64/jre/lib/sunrsasign.jar:/usr/lib/jvm/java-8-openjdk-amd64/jre/lib/jsse.jar:/usr/lib/jvm/java-8-openjdk-amd64/jre/lib/jce.jar:/usr/lib/jvm/java-8-openjdk-amd64/jre/lib/charsets.jar:/usr/lib/jvm/java-8-openjdk-amd64/jre/lib/jfr.jar:/usr/lib/jvm/java-8-openjdk-amd64/jre/classes"/>
    <property name="sun.management.compiler" value="HotSpot 64-Bit Tiered Compilers"/>
    <property name="java.runtime.version" value="1.8.0_292-8u292-b10-0ubuntu1~18.04-b10"/>
    <property name="user.name" value="root"/>
    <property name="findbugs.skip" value="true"/>
    <property name="path.separator" value=":"/>
    <property name="os.version" value="6.4.16-linuxkit"/>
    <property name="java.endorsed.dirs" value="/usr/lib/jvm/java-8-openjdk-amd64/jre/lib/endorsed"/>
    <property name="java.runtime.name" value="OpenJDK Runtime Environment"/>
    <property name="file.encoding" value="ANSI_X3.4-1968"/>
    <property name="java.vm.name" value="OpenJDK 64-Bit Server VM"/>
    <property name="localRepository" value="/home/throttling/deps"/>
    <property name="java.vendor.url.bug" value="http://bugreport.sun.com/bugreport/"/>
    <property name="java.io.tmpdir" value="/tmp"/>
    <property name="java.version" value="1.8.0_292"/>
    <property name="surefire.runOrder" value="reversealphabetical"/>
    <property name="user.dir" value="/home/throttling/javadelight/delight-nashorn-sandbox"/>
    <property name="os.arch" value="amd64"/>
    <property name="license.skip" value="true"/>
    <property name="animal.sniffer.skip" value="true"/>
    <property name="java.vm.specification.name" value="Java Virtual Machine Specification"/>
    <property name="java.awt.printerjob" value="sun.print.PSPrinterJob"/>
    <property name="xml.skip" value="true"/>
    <property name="failIfNoTests" value="false"/>
    <property name="sun.os.patch.level" value="unknown"/>
    <property name="java.library.path" value="/usr/java/packages/lib/amd64:/usr/lib/x86_64-linux-gnu/jni:/lib/x86_64-linux-gnu:/usr/lib/x86_64-linux-gnu:/usr/lib/jni:/lib:/usr/lib"/>
    <property name="java.vendor" value="Private Build"/>
    <property name="java.vm.info" value="mixed mode"/>
    <property name="java.vm.version" value="25.292-b10"/>
    <property name="impsort.skip" value="true"/>
    <property name="sun.io.unicode.encoding" value="UnicodeLittle"/>
    <property name="java.ext.dirs" value="/usr/lib/jvm/java-8-openjdk-amd64/jre/lib/ext:/usr/java/packages/lib/ext"/>
    <property name="maven.repo.local" value="/home/throttling/deps"/>
    <property name="enforcer.skip" value="true"/>
    <property name="skip.yarn" value="true"/>
    <property name="java.class.version" value="52.0"/>
    <property name="pgpverify.skip" value="true"/>
  </properties>
  <testcase name="test" classname="delight.nashornsandbox.TestSwitch" time="0.326"/>
</testsuite><?xml version="1.0" encoding="UTF-8"?>
<testsuite xmlns:xsi="http://www.w3.org/2001/XMLSchema-instance" xsi:noNamespaceSchemaLocation="https://maven.apache.org/surefire/maven-surefire-plugin/xsd/surefire-test-report-3.0.xsd" version="3.0" name="delight.nashornsandbox.TestGetFunction" time="0.865" tests="1" errors="0" skipped="0" failures="0">
  <properties>
    <property name="warbucks.skip" value="true"/>
    <property name="awt.toolkit" value="sun.awt.X11.XToolkit"/>
    <property name="file.encoding.pkg" value="sun.io"/>
    <property name="java.specification.version" value="1.8"/>
    <property name="sun.cpu.isalist" value=""/>
    <property name="sun.jnu.encoding" value="ANSI_X3.4-1968"/>
    <property name="java.class.path" value="/home/throttling/javadelight/delight-nashorn-sandbox/target/test-classes:/home/throttling/javadelight/delight-nashorn-sandbox/target/classes:/home/throttling/deps/org/slf4j/slf4j-api/1.7.25/slf4j-api-1.7.25.jar:/home/throttling/deps/org/webjars/bower/js-beautify/1.6.12/js-beautify-1.6.12.jar:/home/throttling/deps/junit/junit/4.7/junit-4.7.jar:/home/throttling/deps/org/slf4j/slf4j-log4j12/1.7.25/slf4j-log4j12-1.7.25.jar:/home/throttling/deps/log4j/log4j/1.2.17/log4j-1.2.17.jar:"/>
    <property name="java.vm.vendor" value="Private Build"/>
    <property name="maven.javadoc.skip" value="true"/>
    <property name="sun.arch.data.model" value="64"/>
    <property name="java.vendor.url" value="http://java.oracle.com/"/>
    <property name="user.timezone" value="GMT"/>
    <property name="os.name" value="Linux"/>
    <property name="java.vm.specification.version" value="1.8"/>
    <property name="rat.skip" value="true"/>
    <property name="gpg.skip" value="true"/>
    <property name="sun.java.launcher" value="SUN_STANDARD"/>
    <property name="user.country" value="US"/>
    <property name="sun.boot.library.path" value="/usr/lib/jvm/java-8-openjdk-amd64/jre/lib/amd64"/>
    <property name="dependency-check.skip" value="true"/>
    <property name="sun.java.command" value="/home/throttling/javadelight/delight-nashorn-sandbox/target/surefire/surefirebooter70253542056563330.jar /home/throttling/javadelight/delight-nashorn-sandbox/target/surefire 2026-09-16T05-52-38_912-jvmRun1 surefire1362003314166811997tmp surefire_01127640919597696183tmp"/>
    <property name="surefire.test.class.path" value="/home/throttling/javadelight/delight-nashorn-sandbox/target/test-classes:/home/throttling/javadelight/delight-nashorn-sandbox/target/classes:/home/throttling/deps/org/slf4j/slf4j-api/1.7.25/slf4j-api-1.7.25.jar:/home/throttling/deps/org/webjars/bower/js-beautify/1.6.12/js-beautify-1.6.12.jar:/home/throttling/deps/junit/junit/4.7/junit-4.7.jar:/home/throttling/deps/org/slf4j/slf4j-log4j12/1.7.25/slf4j-log4j12-1.7.25.jar:/home/throttling/deps/log4j/log4j/1.2.17/log4j-1.2.17.jar:"/>
    <property name="sun.cpu.endian" value="little"/>
    <property name="user.home" value="/root"/>
    <property name="user.language" value="en"/>
    <property name="skip.installnodenpm" value="true"/>
    <property name="java.specification.vendor" value="Oracle Corporation"/>
    <property name="java.home" value="/usr/lib/jvm/java-8-openjdk-amd64/jre"/>
    <property name="modernizer.skip" value="true"/>
    <property name="file.separator" value="/"/>
    <property name="basedir" value="/home/throttling/javadelight/delight-nashorn-sandbox"/>
    <property name="checkstyle.skip" value="true"/>
    <property name="line.separator" value="&#10;"/>
    <property name="skip.npm" value="true"/>
    <property name="java.vm.specification.vendor" value="Oracle Corporation"/>
    <property name="java.specification.name" value="Java Platform API Specification"/>
    <property name="java.awt.graphicsenv" value="sun.awt.X11GraphicsEnvironment"/>
    <property name="mdep.analyze.skip" value="true"/>
    <property name="surefire.real.class.path" value="/home/throttling/javadelight/delight-nashorn-sandbox/target/surefire/surefirebooter70253542056563330.jar"/>
    <property name="cobertura.skip" value="true"/>
    <property name="sun.boot.class.path" value="/usr/lib/jvm/java-8-openjdk-amd64/jre/lib/resources.jar:/usr/lib/jvm/java-8-openjdk-amd64/jre/lib/rt.jar:/usr/lib/jvm/java-8-openjdk-amd64/jre/lib/sunrsasign.jar:/usr/lib/jvm/java-8-openjdk-amd64/jre/lib/jsse.jar:/usr/lib/jvm/java-8-openjdk-amd64/jre/lib/jce.jar:/usr/lib/jvm/java-8-openjdk-amd64/jre/lib/charsets.jar:/usr/lib/jvm/java-8-openjdk-amd64/jre/lib/jfr.jar:/usr/lib/jvm/java-8-openjdk-amd64/jre/classes"/>
    <property name="sun.management.compiler" value="HotSpot 64-Bit Tiered Compilers"/>
    <property name="java.runtime.version" value="1.8.0_292-8u292-b10-0ubuntu1~18.04-b10"/>
    <property name="user.name" value="root"/>
    <property name="findbugs.skip" value="true"/>
    <property name="path.separator" value=":"/>
    <property name="os.version" value="6.4.16-linuxkit"/>
    <property name="java.endorsed.dirs" value="/usr/lib/jvm/java-8-openjdk-amd64/jre/lib/endorsed"/>
    <property name="java.runtime.name" value="OpenJDK Runtime Environment"/>
    <property name="file.encoding" value="ANSI_X3.4-1968"/>
    <property name="java.vm.name" value="OpenJDK 64-Bit Server VM"/>
    <property name="localRepository" value="/home/throttling/deps"/>
    <property name="java.vendor.url.bug" value="http://bugreport.sun.com/bugreport/"/>
    <property name="java.io.tmpdir" value="/tmp"/>
    <property name="java.version" value="1.8.0_292"/>
    <property name="surefire.runOrder" value="reversealphabetical"/>
    <property name="user.dir" value="/home/throttling/javadelight/delight-nashorn-sandbox"/>
    <property name="os.arch" value="amd64"/>
    <property name="license.skip" value="true"/>
    <property name="animal.sniffer.skip" value="true"/>
    <property name="java.vm.specification.name" value="Java Virtual Machine Specification"/>
    <property name="java.awt.printerjob" value="sun.print.PSPrinterJob"/>
    <property name="xml.skip" value="true"/>
    <property name="failIfNoTests" value="false"/>
    <property name="sun.os.patch.level" value="unknown"/>
    <property name="java.library.path" value="/usr/java/packages/lib/amd64:/usr/lib/x86_64-linux-gnu/jni:/lib/x86_64-linux-gnu:/usr/lib/x86_64-linux-gnu:/usr/lib/jni:/lib:/usr/lib"/>
    <property name="java.vendor" value="Private Build"/>
    <property name="java.vm.info" value="mixed mode"/>
    <property name="java.vm.version" value="25.292-b10"/>
    <property name="impsort.skip" value="true"/>
    <property name="sun.io.unicode.encoding" value="UnicodeLittle"/>
    <property name="java.ext.dirs" value="/usr/lib/jvm/java-8-openjdk-amd64/jre/lib/ext:/usr/java/packages/lib/ext"/>
    <property name="maven.repo.local" value="/home/throttling/deps"/>
    <property name="enforcer.skip" value="true"/>
    <property name="skip.yarn" value="true"/>
    <property name="java.class.version" value="52.0"/>
    <property name="pgpverify.skip" value="true"/>
  </properties>
  <testcase name="test" classname="delight.nashornsandbox.TestGetFunction" time="0.862"/>
</testsuite><?xml version="1.0" encoding="UTF-8"?>
<testsuite xmlns:xsi="http://www.w3.org/2001/XMLSchema-instance" xsi:noNamespaceSchemaLocation="https://maven.apache.org/surefire/maven-surefire-plugin/xsd/surefire-test-report-3.0.xsd" version="3.0" name="delight.nashornsandbox.TestAllowAndDisallowClasses" time="0.122" tests="1" errors="0" skipped="0" failures="0">
  <properties>
    <property name="warbucks.skip" value="true"/>
    <property name="awt.toolkit" value="sun.awt.X11.XToolkit"/>
    <property name="file.encoding.pkg" value="sun.io"/>
    <property name="java.specification.version" value="1.8"/>
    <property name="sun.cpu.isalist" value=""/>
    <property name="sun.jnu.encoding" value="ANSI_X3.4-1968"/>
    <property name="java.class.path" value="/home/throttling/javadelight/delight-nashorn-sandbox/target/test-classes:/home/throttling/javadelight/delight-nashorn-sandbox/target/classes:/home/throttling/deps/org/slf4j/slf4j-api/1.7.25/slf4j-api-1.7.25.jar:/home/throttling/deps/org/webjars/bower/js-beautify/1.6.12/js-beautify-1.6.12.jar:/home/throttling/deps/junit/junit/4.7/junit-4.7.jar:/home/throttling/deps/org/slf4j/slf4j-log4j12/1.7.25/slf4j-log4j12-1.7.25.jar:/home/throttling/deps/log4j/log4j/1.2.17/log4j-1.2.17.jar:"/>
    <property name="java.vm.vendor" value="Private Build"/>
    <property name="maven.javadoc.skip" value="true"/>
    <property name="sun.arch.data.model" value="64"/>
    <property name="java.vendor.url" value="http://java.oracle.com/"/>
    <property name="user.timezone" value="GMT"/>
    <property name="os.name" value="Linux"/>
    <property name="java.vm.specification.version" value="1.8"/>
    <property name="rat.skip" value="true"/>
    <property name="gpg.skip" value="true"/>
    <property name="sun.java.launcher" value="SUN_STANDARD"/>
    <property name="user.country" value="US"/>
    <property name="sun.boot.library.path" value="/usr/lib/jvm/java-8-openjdk-amd64/jre/lib/amd64"/>
    <property name="dependency-check.skip" value="true"/>
    <property name="sun.java.command" value="/home/throttling/javadelight/delight-nashorn-sandbox/target/surefire/surefirebooter70253542056563330.jar /home/throttling/javadelight/delight-nashorn-sandbox/target/surefire 2026-09-16T05-52-38_912-jvmRun1 surefire1362003314166811997tmp surefire_01127640919597696183tmp"/>
    <property name="surefire.test.class.path" value="/home/throttling/javadelight/delight-nashorn-sandbox/target/test-classes:/home/throttling/javadelight/delight-nashorn-sandbox/target/classes:/home/throttling/deps/org/slf4j/slf4j-api/1.7.25/slf4j-api-1.7.25.jar:/home/throttling/deps/org/webjars/bower/js-beautify/1.6.12/js-beautify-1.6.12.jar:/home/throttling/deps/junit/junit/4.7/junit-4.7.jar:/home/throttling/deps/org/slf4j/slf4j-log4j12/1.7.25/slf4j-log4j12-1.7.25.jar:/home/throttling/deps/log4j/log4j/1.2.17/log4j-1.2.17.jar:"/>
    <property name="sun.cpu.endian" value="little"/>
    <property name="user.home" value="/root"/>
    <property name="user.language" value="en"/>
    <property name="skip.installnodenpm" value="true"/>
    <property name="java.specification.vendor" value="Oracle Corporation"/>
    <property name="java.home" value="/usr/lib/jvm/java-8-openjdk-amd64/jre"/>
    <property name="modernizer.skip" value="true"/>
    <property name="file.separator" value="/"/>
    <property name="basedir" value="/home/throttling/javadelight/delight-nashorn-sandbox"/>
    <property name="checkstyle.skip" value="true"/>
    <property name="line.separator" value="&#10;"/>
    <property name="skip.npm" value="true"/>
    <property name="java.vm.specification.vendor" value="Oracle Corporation"/>
    <property name="java.specification.name" value="Java Platform API Specification"/>
    <property name="java.awt.graphicsenv" value="sun.awt.X11GraphicsEnvironment"/>
    <property name="mdep.analyze.skip" value="true"/>
    <property name="surefire.real.class.path" value="/home/throttling/javadelight/delight-nashorn-sandbox/target/surefire/surefirebooter70253542056563330.jar"/>
    <property name="cobertura.skip" value="true"/>
    <property name="sun.boot.class.path" value="/usr/lib/jvm/java-8-openjdk-amd64/jre/lib/resources.jar:/usr/lib/jvm/java-8-openjdk-amd64/jre/lib/rt.jar:/usr/lib/jvm/java-8-openjdk-amd64/jre/lib/sunrsasign.jar:/usr/lib/jvm/java-8-openjdk-amd64/jre/lib/jsse.jar:/usr/lib/jvm/java-8-openjdk-amd64/jre/lib/jce.jar:/usr/lib/jvm/java-8-openjdk-amd64/jre/lib/charsets.jar:/usr/lib/jvm/java-8-openjdk-amd64/jre/lib/jfr.jar:/usr/lib/jvm/java-8-openjdk-amd64/jre/classes"/>
    <property name="sun.management.compiler" value="HotSpot 64-Bit Tiered Compilers"/>
    <property name="java.runtime.version" value="1.8.0_292-8u292-b10-0ubuntu1~18.04-b10"/>
    <property name="user.name" value="root"/>
    <property name="findbugs.skip" value="true"/>
    <property name="path.separator" value=":"/>
    <property name="os.version" value="6.4.16-linuxkit"/>
    <property name="java.endorsed.dirs" value="/usr/lib/jvm/java-8-openjdk-amd64/jre/lib/endorsed"/>
    <property name="java.runtime.name" value="OpenJDK Runtime Environment"/>
    <property name="file.encoding" value="ANSI_X3.4-1968"/>
    <property name="java.vm.name" value="OpenJDK 64-Bit Server VM"/>
    <property name="localRepository" value="/home/throttling/deps"/>
    <property name="java.vendor.url.bug" value="http://bugreport.sun.com/bugreport/"/>
    <property name="java.io.tmpdir" value="/tmp"/>
    <property name="java.version" value="1.8.0_292"/>
    <property name="surefire.runOrder" value="reversealphabetical"/>
    <property name="user.dir" value="/home/throttling/javadelight/delight-nashorn-sandbox"/>
    <property name="os.arch" value="amd64"/>
    <property name="license.skip" value="true"/>
    <property name="animal.sniffer.skip" value="true"/>
    <property name="java.vm.specification.name" value="Java Virtual Machine Specification"/>
    <property name="java.awt.printerjob" value="sun.print.PSPrinterJob"/>
    <property name="xml.skip" value="true"/>
    <property name="failIfNoTests" value="false"/>
    <property name="sun.os.patch.level" value="unknown"/>
    <property name="java.library.path" value="/usr/java/packages/lib/amd64:/usr/lib/x86_64-linux-gnu/jni:/lib/x86_64-linux-gnu:/usr/lib/x86_64-linux-gnu:/usr/lib/jni:/lib:/usr/lib"/>
    <property name="java.vendor" value="Private Build"/>
    <property name="java.vm.info" value="mixed mode"/>
    <property name="java.vm.version" value="25.292-b10"/>
    <property name="impsort.skip" value="true"/>
    <property name="sun.io.unicode.encoding" value="UnicodeLittle"/>
    <property name="java.ext.dirs" value="/usr/lib/jvm/java-8-openjdk-amd64/jre/lib/ext:/usr/java/packages/lib/ext"/>
    <property name="maven.repo.local" value="/home/throttling/deps"/>
    <property name="enforcer.skip" value="true"/>
    <property name="skip.yarn" value="true"/>
    <property name="java.class.version" value="52.0"/>
    <property name="pgpverify.skip" value="true"/>
  </properties>
  <testcase name="test_file" classname="delight.nashornsandbox.TestAllowAndDisallowClasses" time="0.121"/>
</testsuite><?xml version="1.0" encoding="UTF-8"?>
<testsuite xmlns:xsi="http://www.w3.org/2001/XMLSchema-instance" xsi:noNamespaceSchemaLocation="https://maven.apache.org/surefire/maven-surefire-plugin/xsd/surefire-test-report-3.0.xsd" version="3.0" name="delight.nashornsandbox.TestAccessFunction" time="0.104" tests="1" errors="0" skipped="0" failures="0">
  <properties>
    <property name="warbucks.skip" value="true"/>
    <property name="awt.toolkit" value="sun.awt.X11.XToolkit"/>
    <property name="file.encoding.pkg" value="sun.io"/>
    <property name="java.specification.version" value="1.8"/>
    <property name="sun.cpu.isalist" value=""/>
    <property name="sun.jnu.encoding" value="ANSI_X3.4-1968"/>
    <property name="java.class.path" value="/home/throttling/javadelight/delight-nashorn-sandbox/target/test-classes:/home/throttling/javadelight/delight-nashorn-sandbox/target/classes:/home/throttling/deps/org/slf4j/slf4j-api/1.7.25/slf4j-api-1.7.25.jar:/home/throttling/deps/org/webjars/bower/js-beautify/1.6.12/js-beautify-1.6.12.jar:/home/throttling/deps/junit/junit/4.7/junit-4.7.jar:/home/throttling/deps/org/slf4j/slf4j-log4j12/1.7.25/slf4j-log4j12-1.7.25.jar:/home/throttling/deps/log4j/log4j/1.2.17/log4j-1.2.17.jar:"/>
    <property name="java.vm.vendor" value="Private Build"/>
    <property name="maven.javadoc.skip" value="true"/>
    <property name="sun.arch.data.model" value="64"/>
    <property name="java.vendor.url" value="http://java.oracle.com/"/>
    <property name="user.timezone" value="GMT"/>
    <property name="os.name" value="Linux"/>
    <property name="java.vm.specification.version" value="1.8"/>
    <property name="rat.skip" value="true"/>
    <property name="gpg.skip" value="true"/>
    <property name="sun.java.launcher" value="SUN_STANDARD"/>
    <property name="user.country" value="US"/>
    <property name="sun.boot.library.path" value="/usr/lib/jvm/java-8-openjdk-amd64/jre/lib/amd64"/>
    <property name="dependency-check.skip" value="true"/>
    <property name="sun.java.command" value="/home/throttling/javadelight/delight-nashorn-sandbox/target/surefire/surefirebooter70253542056563330.jar /home/throttling/javadelight/delight-nashorn-sandbox/target/surefire 2026-09-16T05-52-38_912-jvmRun1 surefire1362003314166811997tmp surefire_01127640919597696183tmp"/>
    <property name="surefire.test.class.path" value="/home/throttling/javadelight/delight-nashorn-sandbox/target/test-classes:/home/throttling/javadelight/delight-nashorn-sandbox/target/classes:/home/throttling/deps/org/slf4j/slf4j-api/1.7.25/slf4j-api-1.7.25.jar:/home/throttling/deps/org/webjars/bower/js-beautify/1.6.12/js-beautify-1.6.12.jar:/home/throttling/deps/junit/junit/4.7/junit-4.7.jar:/home/throttling/deps/org/slf4j/slf4j-log4j12/1.7.25/slf4j-log4j12-1.7.25.jar:/home/throttling/deps/log4j/log4j/1.2.17/log4j-1.2.17.jar:"/>
    <property name="sun.cpu.endian" value="little"/>
    <property name="user.home" value="/root"/>
    <property name="user.language" value="en"/>
    <property name="skip.installnodenpm" value="true"/>
    <property name="java.specification.vendor" value="Oracle Corporation"/>
    <property name="java.home" value="/usr/lib/jvm/java-8-openjdk-amd64/jre"/>
    <property name="modernizer.skip" value="true"/>
    <property name="file.separator" value="/"/>
    <property name="basedir" value="/home/throttling/javadelight/delight-nashorn-sandbox"/>
    <property name="checkstyle.skip" value="true"/>
    <property name="line.separator" value="&#10;"/>
    <property name="skip.npm" value="true"/>
    <property name="java.vm.specification.vendor" value="Oracle Corporation"/>
    <property name="java.specification.name" value="Java Platform API Specification"/>
    <property name="java.awt.graphicsenv" value="sun.awt.X11GraphicsEnvironment"/>
    <property name="mdep.analyze.skip" value="true"/>
    <property name="surefire.real.class.path" value="/home/throttling/javadelight/delight-nashorn-sandbox/target/surefire/surefirebooter70253542056563330.jar"/>
    <property name="cobertura.skip" value="true"/>
    <property name="sun.boot.class.path" value="/usr/lib/jvm/java-8-openjdk-amd64/jre/lib/resources.jar:/usr/lib/jvm/java-8-openjdk-amd64/jre/lib/rt.jar:/usr/lib/jvm/java-8-openjdk-amd64/jre/lib/sunrsasign.jar:/usr/lib/jvm/java-8-openjdk-amd64/jre/lib/jsse.jar:/usr/lib/jvm/java-8-openjdk-amd64/jre/lib/jce.jar:/usr/lib/jvm/java-8-openjdk-amd64/jre/lib/charsets.jar:/usr/lib/jvm/java-8-openjdk-amd64/jre/lib/jfr.jar:/usr/lib/jvm/java-8-openjdk-amd64/jre/classes"/>
    <property name="sun.management.compiler" value="HotSpot 64-Bit Tiered Compilers"/>
    <property name="java.runtime.version" value="1.8.0_292-8u292-b10-0ubuntu1~18.04-b10"/>
    <property name="user.name" value="root"/>
    <property name="findbugs.skip" value="true"/>
    <property name="path.separator" value=":"/>
    <property name="os.version" value="6.4.16-linuxkit"/>
    <property name="java.endorsed.dirs" value="/usr/lib/jvm/java-8-openjdk-amd64/jre/lib/endorsed"/>
    <property name="java.runtime.name" value="OpenJDK Runtime Environment"/>
    <property name="file.encoding" value="ANSI_X3.4-1968"/>
    <property name="java.vm.name" value="OpenJDK 64-Bit Server VM"/>
    <property name="localRepository" value="/home/throttling/deps"/>
    <property name="java.vendor.url.bug" value="http://bugreport.sun.com/bugreport/"/>
    <property name="java.io.tmpdir" value="/tmp"/>
    <property name="java.version" value="1.8.0_292"/>
    <property name="surefire.runOrder" value="reversealphabetical"/>
    <property name="user.dir" value="/home/throttling/javadelight/delight-nashorn-sandbox"/>
    <property name="os.arch" value="amd64"/>
    <property name="license.skip" value="true"/>
    <property name="animal.sniffer.skip" value="true"/>
    <property name="java.vm.specification.name" value="Java Virtual Machine Specification"/>
    <property name="java.awt.printerjob" value="sun.print.PSPrinterJob"/>
    <property name="xml.skip" value="true"/>
    <property name="failIfNoTests" value="false"/>
    <property name="sun.os.patch.level" value="unknown"/>
    <property name="java.library.path" value="/usr/java/packages/lib/amd64:/usr/lib/x86_64-linux-gnu/jni:/lib/x86_64-linux-gnu:/usr/lib/x86_64-linux-gnu:/usr/lib/jni:/lib:/usr/lib"/>
    <property name="java.vendor" value="Private Build"/>
    <property name="java.vm.info" value="mixed mode"/>
    <property name="java.vm.version" value="25.292-b10"/>
    <property name="impsort.skip" value="true"/>
    <property name="sun.io.unicode.encoding" value="UnicodeLittle"/>
    <property name="java.ext.dirs" value="/usr/lib/jvm/java-8-openjdk-amd64/jre/lib/ext:/usr/java/packages/lib/ext"/>
    <property name="maven.repo.local" value="/home/throttling/deps"/>
    <property name="enforcer.skip" value="true"/>
    <property name="skip.yarn" value="true"/>
    <property name="java.class.version" value="52.0"/>
    <property name="pgpverify.skip" value="true"/>
  </properties>
  <testcase name="test_access_variable" classname="delight.nashornsandbox.TestAccessFunction" time="0.103"/>
</testsuite><?xml version="1.0" encoding="UTF-8"?>
<testsuite xmlns:xsi="http://www.w3.org/2001/XMLSchema-instance" xsi:noNamespaceSchemaLocation="https://maven.apache.org/surefire/maven-surefire-plugin/xsd/surefire-test-report-3.0.xsd" version="3.0" name="delight.nashornsandbox.TestEvalWithScriptContextWithVariables" time="0.35" tests="2" errors="0" skipped="0" failures="0">
  <properties>
    <property name="warbucks.skip" value="true"/>
    <property name="awt.toolkit" value="sun.awt.X11.XToolkit"/>
    <property name="file.encoding.pkg" value="sun.io"/>
    <property name="java.specification.version" value="1.8"/>
    <property name="sun.cpu.isalist" value=""/>
    <property name="sun.jnu.encoding" value="ANSI_X3.4-1968"/>
    <property name="java.class.path" value="/home/throttling/javadelight/delight-nashorn-sandbox/target/test-classes:/home/throttling/javadelight/delight-nashorn-sandbox/target/classes:/home/throttling/deps/org/slf4j/slf4j-api/1.7.25/slf4j-api-1.7.25.jar:/home/throttling/deps/org/webjars/bower/js-beautify/1.6.12/js-beautify-1.6.12.jar:/home/throttling/deps/junit/junit/4.7/junit-4.7.jar:/home/throttling/deps/org/slf4j/slf4j-log4j12/1.7.25/slf4j-log4j12-1.7.25.jar:/home/throttling/deps/log4j/log4j/1.2.17/log4j-1.2.17.jar:"/>
    <property name="java.vm.vendor" value="Private Build"/>
    <property name="maven.javadoc.skip" value="true"/>
    <property name="sun.arch.data.model" value="64"/>
    <property name="java.vendor.url" value="http://java.oracle.com/"/>
    <property name="user.timezone" value="GMT"/>
    <property name="os.name" value="Linux"/>
    <property name="java.vm.specification.version" value="1.8"/>
    <property name="rat.skip" value="true"/>
    <property name="gpg.skip" value="true"/>
    <property name="sun.java.launcher" value="SUN_STANDARD"/>
    <property name="user.country" value="US"/>
    <property name="sun.boot.library.path" value="/usr/lib/jvm/java-8-openjdk-amd64/jre/lib/amd64"/>
    <property name="dependency-check.skip" value="true"/>
    <property name="sun.java.command" value="/home/throttling/javadelight/delight-nashorn-sandbox/target/surefire/surefirebooter70253542056563330.jar /home/throttling/javadelight/delight-nashorn-sandbox/target/surefire 2026-09-16T05-52-38_912-jvmRun1 surefire1362003314166811997tmp surefire_01127640919597696183tmp"/>
    <property name="surefire.test.class.path" value="/home/throttling/javadelight/delight-nashorn-sandbox/target/test-classes:/home/throttling/javadelight/delight-nashorn-sandbox/target/classes:/home/throttling/deps/org/slf4j/slf4j-api/1.7.25/slf4j-api-1.7.25.jar:/home/throttling/deps/org/webjars/bower/js-beautify/1.6.12/js-beautify-1.6.12.jar:/home/throttling/deps/junit/junit/4.7/junit-4.7.jar:/home/throttling/deps/org/slf4j/slf4j-log4j12/1.7.25/slf4j-log4j12-1.7.25.jar:/home/throttling/deps/log4j/log4j/1.2.17/log4j-1.2.17.jar:"/>
    <property name="sun.cpu.endian" value="little"/>
    <property name="user.home" value="/root"/>
    <property name="user.language" value="en"/>
    <property name="skip.installnodenpm" value="true"/>
    <property name="java.specification.vendor" value="Oracle Corporation"/>
    <property name="java.home" value="/usr/lib/jvm/java-8-openjdk-amd64/jre"/>
    <property name="modernizer.skip" value="true"/>
    <property name="file.separator" value="/"/>
    <property name="basedir" value="/home/throttling/javadelight/delight-nashorn-sandbox"/>
    <property name="checkstyle.skip" value="true"/>
    <property name="line.separator" value="&#10;"/>
    <property name="skip.npm" value="true"/>
    <property name="java.vm.specification.vendor" value="Oracle Corporation"/>
    <property name="java.specification.name" value="Java Platform API Specification"/>
    <property name="java.awt.graphicsenv" value="sun.awt.X11GraphicsEnvironment"/>
    <property name="mdep.analyze.skip" value="true"/>
    <property name="surefire.real.class.path" value="/home/throttling/javadelight/delight-nashorn-sandbox/target/surefire/surefirebooter70253542056563330.jar"/>
    <property name="cobertura.skip" value="true"/>
    <property name="sun.boot.class.path" value="/usr/lib/jvm/java-8-openjdk-amd64/jre/lib/resources.jar:/usr/lib/jvm/java-8-openjdk-amd64/jre/lib/rt.jar:/usr/lib/jvm/java-8-openjdk-amd64/jre/lib/sunrsasign.jar:/usr/lib/jvm/java-8-openjdk-amd64/jre/lib/jsse.jar:/usr/lib/jvm/java-8-openjdk-amd64/jre/lib/jce.jar:/usr/lib/jvm/java-8-openjdk-amd64/jre/lib/charsets.jar:/usr/lib/jvm/java-8-openjdk-amd64/jre/lib/jfr.jar:/usr/lib/jvm/java-8-openjdk-amd64/jre/classes"/>
    <property name="sun.management.compiler" value="HotSpot 64-Bit Tiered Compilers"/>
    <property name="java.runtime.version" value="1.8.0_292-8u292-b10-0ubuntu1~18.04-b10"/>
    <property name="user.name" value="root"/>
    <property name="findbugs.skip" value="true"/>
    <property name="path.separator" value=":"/>
    <property name="os.version" value="6.4.16-linuxkit"/>
    <property name="java.endorsed.dirs" value="/usr/lib/jvm/java-8-openjdk-amd64/jre/lib/endorsed"/>
    <property name="java.runtime.name" value="OpenJDK Runtime Environment"/>
    <property name="file.encoding" value="ANSI_X3.4-1968"/>
    <property name="java.vm.name" value="OpenJDK 64-Bit Server VM"/>
    <property name="localRepository" value="/home/throttling/deps"/>
    <property name="java.vendor.url.bug" value="http://bugreport.sun.com/bugreport/"/>
    <property name="java.io.tmpdir" value="/tmp"/>
    <property name="java.version" value="1.8.0_292"/>
    <property name="surefire.runOrder" value="reversealphabetical"/>
    <property name="user.dir" value="/home/throttling/javadelight/delight-nashorn-sandbox"/>
    <property name="os.arch" value="amd64"/>
    <property name="license.skip" value="true"/>
    <property name="animal.sniffer.skip" value="true"/>
    <property name="java.vm.specification.name" value="Java Virtual Machine Specification"/>
    <property name="java.awt.printerjob" value="sun.print.PSPrinterJob"/>
    <property name="xml.skip" value="true"/>
    <property name="failIfNoTests" value="false"/>
    <property name="sun.os.patch.level" value="unknown"/>
    <property name="java.library.path" value="/usr/java/packages/lib/amd64:/usr/lib/x86_64-linux-gnu/jni:/lib/x86_64-linux-gnu:/usr/lib/x86_64-linux-gnu:/usr/lib/jni:/lib:/usr/lib"/>
    <property name="java.vendor" value="Private Build"/>
    <property name="java.vm.info" value="mixed mode"/>
    <property name="java.vm.version" value="25.292-b10"/>
    <property name="impsort.skip" value="true"/>
    <property name="sun.io.unicode.encoding" value="UnicodeLittle"/>
    <property name="java.ext.dirs" value="/usr/lib/jvm/java-8-openjdk-amd64/jre/lib/ext:/usr/java/packages/lib/ext"/>
    <property name="maven.repo.local" value="/home/throttling/deps"/>
    <property name="enforcer.skip" value="true"/>
    <property name="skip.yarn" value="true"/>
    <property name="java.class.version" value="52.0"/>
    <property name="pgpverify.skip" value="true"/>
  </properties>
  <testcase name="test" classname="delight.nashornsandbox.TestEvalWithScriptContextWithVariables" time="0.191"/>
  <testcase name="testWithCPUAndMemory" classname="delight.nashornsandbox.TestEvalWithScriptContextWithVariables" time="0.152"/>
</testsuite><?xml version="1.0" encoding="UTF-8"?>
<testsuite xmlns:xsi="http://www.w3.org/2001/XMLSchema-instance" xsi:noNamespaceSchemaLocation="https://maven.apache.org/surefire/maven-surefire-plugin/xsd/surefire-test-report-3.0.xsd" version="3.0" name="delight.nashornsandbox.TestBuiltInObjectsAccess" time="0.357" tests="1" errors="0" skipped="0" failures="0">
  <properties>
    <property name="warbucks.skip" value="true"/>
    <property name="awt.toolkit" value="sun.awt.X11.XToolkit"/>
    <property name="file.encoding.pkg" value="sun.io"/>
    <property name="java.specification.version" value="1.8"/>
    <property name="sun.cpu.isalist" value=""/>
    <property name="sun.jnu.encoding" value="ANSI_X3.4-1968"/>
    <property name="java.class.path" value="/home/throttling/javadelight/delight-nashorn-sandbox/target/test-classes:/home/throttling/javadelight/delight-nashorn-sandbox/target/classes:/home/throttling/deps/org/slf4j/slf4j-api/1.7.25/slf4j-api-1.7.25.jar:/home/throttling/deps/org/webjars/bower/js-beautify/1.6.12/js-beautify-1.6.12.jar:/home/throttling/deps/junit/junit/4.7/junit-4.7.jar:/home/throttling/deps/org/slf4j/slf4j-log4j12/1.7.25/slf4j-log4j12-1.7.25.jar:/home/throttling/deps/log4j/log4j/1.2.17/log4j-1.2.17.jar:"/>
    <property name="java.vm.vendor" value="Private Build"/>
    <property name="maven.javadoc.skip" value="true"/>
    <property name="sun.arch.data.model" value="64"/>
    <property name="java.vendor.url" value="http://java.oracle.com/"/>
    <property name="user.timezone" value="GMT"/>
    <property name="os.name" value="Linux"/>
    <property name="java.vm.specification.version" value="1.8"/>
    <property name="rat.skip" value="true"/>
    <property name="gpg.skip" value="true"/>
    <property name="sun.java.launcher" value="SUN_STANDARD"/>
    <property name="user.country" value="US"/>
    <property name="sun.boot.library.path" value="/usr/lib/jvm/java-8-openjdk-amd64/jre/lib/amd64"/>
    <property name="dependency-check.skip" value="true"/>
    <property name="sun.java.command" value="/home/throttling/javadelight/delight-nashorn-sandbox/target/surefire/surefirebooter70253542056563330.jar /home/throttling/javadelight/delight-nashorn-sandbox/target/surefire 2026-09-16T05-52-38_912-jvmRun1 surefire1362003314166811997tmp surefire_01127640919597696183tmp"/>
    <property name="surefire.test.class.path" value="/home/throttling/javadelight/delight-nashorn-sandbox/target/test-classes:/home/throttling/javadelight/delight-nashorn-sandbox/target/classes:/home/throttling/deps/org/slf4j/slf4j-api/1.7.25/slf4j-api-1.7.25.jar:/home/throttling/deps/org/webjars/bower/js-beautify/1.6.12/js-beautify-1.6.12.jar:/home/throttling/deps/junit/junit/4.7/junit-4.7.jar:/home/throttling/deps/org/slf4j/slf4j-log4j12/1.7.25/slf4j-log4j12-1.7.25.jar:/home/throttling/deps/log4j/log4j/1.2.17/log4j-1.2.17.jar:"/>
    <property name="sun.cpu.endian" value="little"/>
    <property name="user.home" value="/root"/>
    <property name="user.language" value="en"/>
    <property name="skip.installnodenpm" value="true"/>
    <property name="java.specification.vendor" value="Oracle Corporation"/>
    <property name="java.home" value="/usr/lib/jvm/java-8-openjdk-amd64/jre"/>
    <property name="modernizer.skip" value="true"/>
    <property name="file.separator" value="/"/>
    <property name="basedir" value="/home/throttling/javadelight/delight-nashorn-sandbox"/>
    <property name="checkstyle.skip" value="true"/>
    <property name="line.separator" value="&#10;"/>
    <property name="skip.npm" value="true"/>
    <property name="java.vm.specification.vendor" value="Oracle Corporation"/>
    <property name="java.specification.name" value="Java Platform API Specification"/>
    <property name="java.awt.graphicsenv" value="sun.awt.X11GraphicsEnvironment"/>
    <property name="mdep.analyze.skip" value="true"/>
    <property name="surefire.real.class.path" value="/home/throttling/javadelight/delight-nashorn-sandbox/target/surefire/surefirebooter70253542056563330.jar"/>
    <property name="cobertura.skip" value="true"/>
    <property name="sun.boot.class.path" value="/usr/lib/jvm/java-8-openjdk-amd64/jre/lib/resources.jar:/usr/lib/jvm/java-8-openjdk-amd64/jre/lib/rt.jar:/usr/lib/jvm/java-8-openjdk-amd64/jre/lib/sunrsasign.jar:/usr/lib/jvm/java-8-openjdk-amd64/jre/lib/jsse.jar:/usr/lib/jvm/java-8-openjdk-amd64/jre/lib/jce.jar:/usr/lib/jvm/java-8-openjdk-amd64/jre/lib/charsets.jar:/usr/lib/jvm/java-8-openjdk-amd64/jre/lib/jfr.jar:/usr/lib/jvm/java-8-openjdk-amd64/jre/classes"/>
    <property name="sun.management.compiler" value="HotSpot 64-Bit Tiered Compilers"/>
    <property name="java.runtime.version" value="1.8.0_292-8u292-b10-0ubuntu1~18.04-b10"/>
    <property name="user.name" value="root"/>
    <property name="findbugs.skip" value="true"/>
    <property name="path.separator" value=":"/>
    <property name="os.version" value="6.4.16-linuxkit"/>
    <property name="java.endorsed.dirs" value="/usr/lib/jvm/java-8-openjdk-amd64/jre/lib/endorsed"/>
    <property name="java.runtime.name" value="OpenJDK Runtime Environment"/>
    <property name="file.encoding" value="ANSI_X3.4-1968"/>
    <property name="java.vm.name" value="OpenJDK 64-Bit Server VM"/>
    <property name="localRepository" value="/home/throttling/deps"/>
    <property name="java.vendor.url.bug" value="http://bugreport.sun.com/bugreport/"/>
    <property name="java.io.tmpdir" value="/tmp"/>
    <property name="java.version" value="1.8.0_292"/>
    <property name="surefire.runOrder" value="reversealphabetical"/>
    <property name="user.dir" value="/home/throttling/javadelight/delight-nashorn-sandbox"/>
    <property name="os.arch" value="amd64"/>
    <property name="license.skip" value="true"/>
    <property name="animal.sniffer.skip" value="true"/>
    <property name="java.vm.specification.name" value="Java Virtual Machine Specification"/>
    <property name="java.awt.printerjob" value="sun.print.PSPrinterJob"/>
    <property name="xml.skip" value="true"/>
    <property name="failIfNoTests" value="false"/>
    <property name="sun.os.patch.level" value="unknown"/>
    <property name="java.library.path" value="/usr/java/packages/lib/amd64:/usr/lib/x86_64-linux-gnu/jni:/lib/x86_64-linux-gnu:/usr/lib/x86_64-linux-gnu:/usr/lib/jni:/lib:/usr/lib"/>
    <property name="java.vendor" value="Private Build"/>
    <property name="java.vm.info" value="mixed mode"/>
    <property name="java.vm.version" value="25.292-b10"/>
    <property name="impsort.skip" value="true"/>
    <property name="sun.io.unicode.encoding" value="UnicodeLittle"/>
    <property name="java.ext.dirs" value="/usr/lib/jvm/java-8-openjdk-amd64/jre/lib/ext:/usr/java/packages/lib/ext"/>
    <property name="maven.repo.local" value="/home/throttling/deps"/>
    <property name="enforcer.skip" value="true"/>
    <property name="skip.yarn" value="true"/>
    <property name="java.class.version" value="52.0"/>
    <property name="pgpverify.skip" value="true"/>
  </properties>
  <testcase name="test_block_access" classname="delight.nashornsandbox.TestBuiltInObjectsAccess" time="0.353"/>
</testsuite><?xml version="1.0" encoding="UTF-8"?>
<testsuite xmlns:xsi="http://www.w3.org/2001/XMLSchema-instance" xsi:noNamespaceSchemaLocation="https://maven.apache.org/surefire/maven-surefire-plugin/xsd/surefire-test-report-3.0.xsd" version="3.0" name="delight.nashornsandbox.TestIssue40_ScriptEngineParameters" time="0.138" tests="1" errors="0" skipped="0" failures="0">
  <properties>
    <property name="warbucks.skip" value="true"/>
    <property name="awt.toolkit" value="sun.awt.X11.XToolkit"/>
    <property name="file.encoding.pkg" value="sun.io"/>
    <property name="java.specification.version" value="1.8"/>
    <property name="sun.cpu.isalist" value=""/>
    <property name="sun.jnu.encoding" value="ANSI_X3.4-1968"/>
    <property name="java.class.path" value="/home/throttling/javadelight/delight-nashorn-sandbox/target/test-classes:/home/throttling/javadelight/delight-nashorn-sandbox/target/classes:/home/throttling/deps/org/slf4j/slf4j-api/1.7.25/slf4j-api-1.7.25.jar:/home/throttling/deps/org/webjars/bower/js-beautify/1.6.12/js-beautify-1.6.12.jar:/home/throttling/deps/junit/junit/4.7/junit-4.7.jar:/home/throttling/deps/org/slf4j/slf4j-log4j12/1.7.25/slf4j-log4j12-1.7.25.jar:/home/throttling/deps/log4j/log4j/1.2.17/log4j-1.2.17.jar:"/>
    <property name="java.vm.vendor" value="Private Build"/>
    <property name="maven.javadoc.skip" value="true"/>
    <property name="sun.arch.data.model" value="64"/>
    <property name="java.vendor.url" value="http://java.oracle.com/"/>
    <property name="user.timezone" value="GMT"/>
    <property name="os.name" value="Linux"/>
    <property name="java.vm.specification.version" value="1.8"/>
    <property name="rat.skip" value="true"/>
    <property name="gpg.skip" value="true"/>
    <property name="sun.java.launcher" value="SUN_STANDARD"/>
    <property name="user.country" value="US"/>
    <property name="sun.boot.library.path" value="/usr/lib/jvm/java-8-openjdk-amd64/jre/lib/amd64"/>
    <property name="dependency-check.skip" value="true"/>
    <property name="sun.java.command" value="/home/throttling/javadelight/delight-nashorn-sandbox/target/surefire/surefirebooter70253542056563330.jar /home/throttling/javadelight/delight-nashorn-sandbox/target/surefire 2026-09-16T05-52-38_912-jvmRun1 surefire1362003314166811997tmp surefire_01127640919597696183tmp"/>
    <property name="surefire.test.class.path" value="/home/throttling/javadelight/delight-nashorn-sandbox/target/test-classes:/home/throttling/javadelight/delight-nashorn-sandbox/target/classes:/home/throttling/deps/org/slf4j/slf4j-api/1.7.25/slf4j-api-1.7.25.jar:/home/throttling/deps/org/webjars/bower/js-beautify/1.6.12/js-beautify-1.6.12.jar:/home/throttling/deps/junit/junit/4.7/junit-4.7.jar:/home/throttling/deps/org/slf4j/slf4j-log4j12/1.7.25/slf4j-log4j12-1.7.25.jar:/home/throttling/deps/log4j/log4j/1.2.17/log4j-1.2.17.jar:"/>
    <property name="sun.cpu.endian" value="little"/>
    <property name="user.home" value="/root"/>
    <property name="user.language" value="en"/>
    <property name="skip.installnodenpm" value="true"/>
    <property name="java.specification.vendor" value="Oracle Corporation"/>
    <property name="java.home" value="/usr/lib/jvm/java-8-openjdk-amd64/jre"/>
    <property name="modernizer.skip" value="true"/>
    <property name="file.separator" value="/"/>
    <property name="basedir" value="/home/throttling/javadelight/delight-nashorn-sandbox"/>
    <property name="checkstyle.skip" value="true"/>
    <property name="line.separator" value="&#10;"/>
    <property name="skip.npm" value="true"/>
    <property name="java.vm.specification.vendor" value="Oracle Corporation"/>
    <property name="java.specification.name" value="Java Platform API Specification"/>
    <property name="java.awt.graphicsenv" value="sun.awt.X11GraphicsEnvironment"/>
    <property name="mdep.analyze.skip" value="true"/>
    <property name="surefire.real.class.path" value="/home/throttling/javadelight/delight-nashorn-sandbox/target/surefire/surefirebooter70253542056563330.jar"/>
    <property name="cobertura.skip" value="true"/>
    <property name="sun.boot.class.path" value="/usr/lib/jvm/java-8-openjdk-amd64/jre/lib/resources.jar:/usr/lib/jvm/java-8-openjdk-amd64/jre/lib/rt.jar:/usr/lib/jvm/java-8-openjdk-amd64/jre/lib/sunrsasign.jar:/usr/lib/jvm/java-8-openjdk-amd64/jre/lib/jsse.jar:/usr/lib/jvm/java-8-openjdk-amd64/jre/lib/jce.jar:/usr/lib/jvm/java-8-openjdk-amd64/jre/lib/charsets.jar:/usr/lib/jvm/java-8-openjdk-amd64/jre/lib/jfr.jar:/usr/lib/jvm/java-8-openjdk-amd64/jre/classes"/>
    <property name="sun.management.compiler" value="HotSpot 64-Bit Tiered Compilers"/>
    <property name="java.runtime.version" value="1.8.0_292-8u292-b10-0ubuntu1~18.04-b10"/>
    <property name="user.name" value="root"/>
    <property name="findbugs.skip" value="true"/>
    <property name="path.separator" value=":"/>
    <property name="os.version" value="6.4.16-linuxkit"/>
    <property name="java.endorsed.dirs" value="/usr/lib/jvm/java-8-openjdk-amd64/jre/lib/endorsed"/>
    <property name="java.runtime.name" value="OpenJDK Runtime Environment"/>
    <property name="file.encoding" value="ANSI_X3.4-1968"/>
    <property name="java.vm.name" value="OpenJDK 64-Bit Server VM"/>
    <property name="localRepository" value="/home/throttling/deps"/>
    <property name="java.vendor.url.bug" value="http://bugreport.sun.com/bugreport/"/>
    <property name="java.io.tmpdir" value="/tmp"/>
    <property name="java.version" value="1.8.0_292"/>
    <property name="surefire.runOrder" value="reversealphabetical"/>
    <property name="user.dir" value="/home/throttling/javadelight/delight-nashorn-sandbox"/>
    <property name="os.arch" value="amd64"/>
    <property name="license.skip" value="true"/>
    <property name="animal.sniffer.skip" value="true"/>
    <property name="java.vm.specification.name" value="Java Virtual Machine Specification"/>
    <property name="java.awt.printerjob" value="sun.print.PSPrinterJob"/>
    <property name="xml.skip" value="true"/>
    <property name="failIfNoTests" value="false"/>
    <property name="sun.os.patch.level" value="unknown"/>
    <property name="java.library.path" value="/usr/java/packages/lib/amd64:/usr/lib/x86_64-linux-gnu/jni:/lib/x86_64-linux-gnu:/usr/lib/x86_64-linux-gnu:/usr/lib/jni:/lib:/usr/lib"/>
    <property name="java.vendor" value="Private Build"/>
    <property name="java.vm.info" value="mixed mode"/>
    <property name="java.vm.version" value="25.292-b10"/>
    <property name="impsort.skip" value="true"/>
    <property name="sun.io.unicode.encoding" value="UnicodeLittle"/>
    <property name="java.ext.dirs" value="/usr/lib/jvm/java-8-openjdk-amd64/jre/lib/ext:/usr/java/packages/lib/ext"/>
    <property name="maven.repo.local" value="/home/throttling/deps"/>
    <property name="enforcer.skip" value="true"/>
    <property name="skip.yarn" value="true"/>
    <property name="java.class.version" value="52.0"/>
    <property name="pgpverify.skip" value="true"/>
  </properties>
  <testcase name="test" classname="delight.nashornsandbox.TestIssue40_ScriptEngineParameters" time="0.135"/>
</testsuite>===RUN_END 1===
