language,project,classname,testname,config,message,message_category,occurrence_count
java,activiti_activiti,org.activiti.engine.test.bpmn.async.AsyncExclusiveJobsTest,testExclusiveJobs,N,time limit of 20000 was exceeded,other,1
java,activiti_activiti,org.activiti.engine.test.bpmn.event.timer.IntermediateTimerEventTest,testCatchingTimerEvent,N,expected:&lt;0&gt; but was:&lt;1&gt;,assertion mismatch,1
java,activiti_activiti,org.activiti.engine.test.history.HistoricVariableInstanceTest,testHistoricVariableQueryByTaskIds,D,expected:&lt;taskVar[1]&gt; but was:&lt;taskVar[2]&gt;,assertion mismatch,1
java,activiti_activiti,org.activiti.engine.test.history.HistoricVariableInstanceTest,testHistoricVariableQueryByTaskIds,N,expected:&lt;taskVar[1]&gt; but was:&lt;taskVar[2]&gt;,assertion mismatch,1
java,apache.incubator-dubbo-737f7a7_dubbo-remoting.dubbo-remoting-netty,org.apache.dubbo.remoting.transport.netty.NettyClientToServerTest,testFuture,C,"Waiting server-side response timeout by scan timer. start time: 2026-08-25 00:06:06.377, end time: 2026-08-25 00:06:09.680, client elapsed: 2799 ms, server elapsed: 401 ms, timeout: 3000 ms, request: Request [id=0, version=2.0.2, twoway=true, event=false, broken=false, data=org.apache.dubbo.remoting.transport.netty.World@ad0bb4e], channel: /172.17.0.2:35138 -&gt; /172.17.0.2:10866",timeout,1
java,apache.incubator-dubbo-737f7a7_dubbo-remoting.dubbo-remoting-netty,org.apache.dubbo.remoting.transport.netty.NettyClientToServerTest,testFuture,C,"Sending request timeout in client-side by scan timer. start time: 2026-08-25 00:06:42.478, end time: 2026-08-25 00:06:47.579, elapsed: 3200 ms, timeout: 3000 ms, request: Request [id=0, version=2.0.2, twoway=true, event=false, broken=false, data=org.apache.dubbo.remoting.transport.netty.World@20ce6751], channel: /172.17.0.2:56898 -&gt; /172.17.0.2:10421",timeout,1
java,apache.incubator-dubbo-737f7a7_dubbo-remoting.dubbo-remoting-netty,org.apache.dubbo.remoting.transport.netty.NettyClientToServerTest,testFuture,C,"Sending request timeout in client-side by scan timer. start time: 2026-08-25 00:07:17.334, end time: 2026-08-25 00:07:21.434, elapsed: 3200 ms, timeout: 3000 ms, request: Request [id=0, version=2.0.2, twoway=true, event=false, broken=false, data=org.apache.dubbo.remoting.transport.netty.World@7dfc5850], channel: /172.17.0.2:58544 -&gt; /172.17.0.2:10445",timeout,1
java,apache.incubator-dubbo-737f7a7_dubbo-remoting.dubbo-remoting-netty,org.apache.dubbo.remoting.transport.netty.NettyClientToServerTest,testFuture,C,"Waiting server-side response timeout by scan timer. start time: 2026-08-25 00:07:32.653, end time: 2026-08-25 00:07:35.956, client elapsed: 2199 ms, server elapsed: 1000 ms, timeout: 3000 ms, request: Request [id=0, version=2.0.2, twoway=true, event=false, broken=false, data=org.apache.dubbo.remoting.transport.netty.World@7f642bf], channel: /172.17.0.2:40000 -&gt; /172.17.0.2:10103",timeout,1
java,apache.incubator-dubbo-737f7a7_dubbo-remoting.dubbo-remoting-netty,org.apache.dubbo.remoting.transport.netty.NettyClientToServerTest,testFuture,C,"Waiting server-side response timeout by scan timer. start time: 2026-08-25 00:07:22.850, end time: 2026-08-25 00:07:26.249, client elapsed: 2796 ms, server elapsed: 236 ms, timeout: 3000 ms, request: Request [id=0, version=2.0.2, twoway=true, event=false, broken=false, data=org.apache.dubbo.remoting.transport.netty.World@59ec7020], channel: /172.17.0.2:56706 -&gt; /172.17.0.2:10325",timeout,1
java,apache.incubator-dubbo-737f7a7_dubbo-remoting.dubbo-remoting-netty,org.apache.dubbo.remoting.transport.netty.NettyClientToServerTest,testFuture,C,"Waiting server-side response timeout by scan timer. start time: 2026-08-25 00:07:32.754, end time: 2026-08-25 00:07:36.556, client elapsed: 2900 ms, server elapsed: 300 ms, timeout: 3000 ms, request: Request [id=0, version=2.0.2, twoway=true, event=false, broken=false, data=org.apache.dubbo.remoting.transport.netty.World@8f39224], channel: /172.17.0.2:59374 -&gt; /172.17.0.2:10827",timeout,1
java,apache.incubator-dubbo-737f7a7_dubbo-remoting.dubbo-remoting-netty,org.apache.dubbo.remoting.transport.netty.NettyClientToServerTest,testFuture,C,"Waiting server-side response timeout by scan timer. start time: 2026-08-25 00:07:40.672, end time: 2026-08-25 00:07:44.073, client elapsed: 2500 ms, server elapsed: 729 ms, timeout: 3000 ms, request: Request [id=0, version=2.0.2, twoway=true, event=false, broken=false, data=org.apache.dubbo.remoting.transport.netty.World@3120495d], channel: /172.17.0.2:52928 -&gt; /172.17.0.2:10055",timeout,1
java,apache.incubator-dubbo-737f7a7_dubbo-rpc.dubbo-rpc-dubbo,org.apache.dubbo.rpc.protocol.dubbo.DubboProtocolTest,testPerm,C,"Invoke remote method timeout. method: getSize, provider: dubbo://127.0.0.1:9050/org.apache.dubbo.rpc.protocol.dubbo.support.DemoService?codec=exchange, cause: Waiting server-side response timeout. start time: 2026-08-25 00:16:11.783, end time: 2026-08-25 00:16:13.990, client elapsed: 0 ms, server elapsed: 2206 ms, timeout: 1000 ms, request: Request [id=353, version=2.0.2, twoway=true, event=false, broken=false, data=RpcInvocation [methodName=getSize, parameterTypes=[class [Ljava.lang.String;], a",timeout,1
java,apache.incubator-dubbo-737f7a7_dubbo-rpc.dubbo-rpc-dubbo,org.apache.dubbo.rpc.protocol.dubbo.ExplicitCallbackTest,TestCallbackNormal,C,failure,other,1
java,apache.incubator-dubbo-737f7a7_dubbo-rpc.dubbo-rpc-dubbo,org.apache.dubbo.rpc.protocol.dubbo.RpcFilterTest,testRpcFilter,C,"Invoke remote method timeout. method: echo, provider: dubbo://127.0.0.1:9010/org.apache.dubbo.rpc.DemoService?service.filter=echo, cause: Waiting server-side response timeout by scan timer. start time: 2026-08-25 00:13:34.584, end time: 2026-08-25 00:13:35.783, client elapsed: 500 ms, server elapsed: 699 ms, timeout: 1000 ms, request: Request [id=12, version=2.0.2, twoway=true, event=false, broken=false, data=RpcInvocation [methodName=echo, parameterTypes=[class java.lang.String], arguments=[123",timeout,1
java,apache.incubator-dubbo-737f7a7_dubbo-rpc.dubbo-rpc-dubbo,org.apache.dubbo.rpc.protocol.dubbo.RpcFilterTest,testRpcFilter,C,"Invoke remote method timeout. method: echo, provider: dubbo://127.0.0.1:9010/org.apache.dubbo.rpc.DemoService?service.filter=echo, cause: Waiting server-side response timeout by scan timer. start time: 2026-08-25 00:14:05.679, end time: 2026-08-25 00:14:06.978, client elapsed: 602 ms, server elapsed: 696 ms, timeout: 1000 ms, request: Request [id=12, version=2.0.2, twoway=true, event=false, broken=false, data=RpcInvocation [methodName=echo, parameterTypes=[class java.lang.String], arguments=[123",timeout,1
java,apache.incubator-dubbo-737f7a7_dubbo-rpc.dubbo-rpc-dubbo,org.apache.dubbo.rpc.protocol.dubbo.RpcFilterTest,testRpcFilter,C,"Invoke remote method timeout. method: echo, provider: dubbo://127.0.0.1:9010/org.apache.dubbo.rpc.DemoService?service.filter=echo, cause: Waiting server-side response timeout. start time: 2026-08-25 00:14:03.039, end time: 2026-08-25 00:14:04.138, client elapsed: 399 ms, server elapsed: 700 ms, timeout: 1000 ms, request: Request [id=12, version=2.0.2, twoway=true, event=false, broken=false, data=RpcInvocation [methodName=echo, parameterTypes=[class java.lang.String], arguments=[123], attachments",timeout,1
java,apache_commons-exec,org.apache.commons.exec.DefaultExecutorTest,testExecuteAsyncWithProcessDestroyer,C,failure,other,1
java,apache_httpcore,org.apache.http.impl.pool.TestBasicConnPool,testHttpCreateConnection,C,error,other,1
java,apache_httpcore,org.apache.http.pool.TestConnPool,testStatefulConnectionRedistributionOnPerRouteMaxLimit,M,"Wanted but not invoked:httpConnection.close();-&gt; at org.apache.http.pool.TestConnPool.testStatefulConnectionRedistributionOnPerRouteMaxLimit(TestConnPool.java:478)Actually, there were zero interactions with this mock.",other,2
java,apache_httpcore,org.apache.http.pool.TestConnPool,testStatefulConnectionRedistributionOnPerRouteMaxLimit,D,"Wanted but not invoked:httpConnection.close();-&gt; at org.apache.http.pool.TestConnPool.testStatefulConnectionRedistributionOnPerRouteMaxLimit(TestConnPool.java:478)Actually, there were zero interactions with this mock.",other,2
java,apache_incubator-dubbo,org.apache.dubbo.remoting.exchange.support.header.HeartbeatHandlerTest,testHeartbeat,N,failure,other,1
java,davidmoten.rxjava2-extras,com.github.davidmoten.rx2.internal.flowable.FlowableServerSocketTest,serverSocketReadsTcpPushWhenInputIsOneCharacter,C,error,other,2
java,elasticjob_elastic-job-lite,io.elasticjob.lite.internal.monitor.MonitorServiceEnableTest,assertMonitorWithCommand,D,error,other,1
java,elasticjob_elastic-job-lite,io.elasticjob.lite.spring.job.JobSpringNamespaceWithEventTraceRdbTest,assertSpringJobBean,D,Failed to load ApplicationContext,other,1
java,elasticjob_elastic-job-lite,io.elasticjob.lite.spring.job.JobSpringNamespaceWithJobPropertiesTest,assertSpringJobBean,D,Failed to load ApplicationContext,other,1
java,elasticjob_elastic-job-lite,io.elasticjob.lite.spring.job.JobSpringNamespaceWithListenerAndCglibTest,assertSpringJobBean,D,Failed to load ApplicationContext,other,1
java,elasticjob_elastic-job-lite,io.elasticjob.lite.spring.job.JobSpringNamespaceWithListenerAndJdkDynamicProxyTest,assertSpringJobBean,D,Failed to load ApplicationContext,other,1
java,elasticjob_elastic-job-lite,io.elasticjob.lite.spring.job.JobSpringNamespaceWithListenerTest,assertSpringJobBean,D,Failed to load ApplicationContext,other,1
java,elasticjob_elastic-job-lite,io.elasticjob.lite.spring.job.JobSpringNamespaceWithRefTest,assertSpringJobBean,D,Failed to load ApplicationContext,other,1
java,elasticjob_elastic-job-lite,io.elasticjob.lite.spring.job.JobSpringNamespaceWithoutListenerTest,assertSpringJobBean,D,Failed to load ApplicationContext,other,1
java,espertechinc.esper-590fa9c_examples.rfidassetzone,com.espertech.esper.example.rfidassetzone.TestLRMovingSimMain,testSim,M,"Invalid result for listener, expected split group",other,1
java,espertechinc.esper-590fa9c_examples.rfidassetzone,com.espertech.esper.example.rfidassetzone.TestLRMovingSimMain,testSim,D,"Invalid result for listener, expected split group",other,2
java,flaxsearch.luwak-c27ec08_luwak,uk.co.flax.luwak.TestCachePurging,testBackgroundPurges,C,expected:&lt;[100]&gt; but was:&lt;[99]&gt;,assertion mismatch,1
java,flaxsearch.luwak-c27ec08_luwak,uk.co.flax.luwak.matchers.TestParallelMatcher,testParallelSlowLog,C,Expecting: &lt;&quot;Limit: 0	1 [297452964ns]	3 [297316929ns]	2 [97023784ns]&quot;&gt;not to contain: &lt;&quot;2 [&quot;&gt;,other,1
java,fluent.fluent-logger-java,org.fluentd.logger.sender.TestRawSocketSender,testReconnectAfterBufferFull,C,expected:&lt;246605&gt; but was:&lt;0&gt;,assertion mismatch,2
java,javadelight.delight-nashorn-sandbox,delight.nashornsandbox.TestEvalWithScriptBindings,testWithCPUAndMemory,C,java.lang.IllegalStateException: Executor thread not set after 100 ms,other,1
java,javadelight.delight-nashorn-sandbox,delight.nashornsandbox.TestGetFunction,test,C,Script used more than the allowed [51200 B] of memory. The operation could NOT be gracefully interrupted.,other,3
java,javadelight.delight-nashorn-sandbox,delight.nashornsandbox.TestLimitCPU,testCpuLmitInInvocable,C,expected:&lt;class delight.nashornsandbox.exceptions.ScriptCPUAbuseException&gt; but was:&lt;class java.lang.RuntimeException&gt;,assertion mismatch,1
java,javadelight.delight-nashorn-sandbox,delight.nashornsandbox.TestMemoryLimit,test,C,null,other,4
java,joel-costigliola_assertj-core,org.assertj.core.internal.iterables.Iterables_assertDoesNotHaveDuplicates_Test,should_pass_within_time_constraints,C,&#10;Expecting:&#10; &lt;2205L&gt;&#10;to be less than:&#10; &lt;2000L&gt;,assertion mismatch,2
java,joel-costigliola_assertj-core,org.assertj.core.internal.iterables.Iterables_assertDoesNotHaveDuplicates_Test,should_pass_within_time_constraints,C,&#10;Expecting:&#10; &lt;2301L&gt;&#10;to be less than:&#10; &lt;2000L&gt;,assertion mismatch,2
java,joel-costigliola_assertj-core,org.assertj.core.internal.iterables.Iterables_assertDoesNotHaveDuplicates_Test,should_pass_within_time_constraints,C,&#10;Expecting:&#10; &lt;2601L&gt;&#10;to be less than:&#10; &lt;2000L&gt;,assertion mismatch,2
java,joel-costigliola_assertj-core,org.assertj.core.internal.iterables.Iterables_assertDoesNotHaveDuplicates_Test,should_pass_within_time_constraints,C,&#10;Expecting:&#10; &lt;2003L&gt;&#10;to be less than:&#10; &lt;2000L&gt;,assertion mismatch,1
java,joel-costigliola_assertj-core,org.assertj.core.internal.iterables.Iterables_assertDoesNotHaveDuplicates_Test,should_pass_within_time_constraints,C,&#10;Expecting:&#10; &lt;2307L&gt;&#10;to be less than:&#10; &lt;2000L&gt;,assertion mismatch,1
java,joel-costigliola_assertj-core,org.assertj.core.internal.iterables.Iterables_assertDoesNotHaveDuplicates_Test,should_pass_within_time_constraints,C,&#10;Expecting:&#10; &lt;2998L&gt;&#10;to be less than:&#10; &lt;2000L&gt;,assertion mismatch,1
java,joel-costigliola_assertj-core,org.assertj.core.internal.iterables.Iterables_assertDoesNotHaveDuplicates_Test,should_pass_within_time_constraints,C,&#10;Expecting:&#10; &lt;2698L&gt;&#10;to be less than:&#10; &lt;2000L&gt;,assertion mismatch,1
java,joel-costigliola_assertj-core,org.assertj.core.internal.iterables.Iterables_assertDoesNotHaveDuplicates_Test,should_pass_within_time_constraints,C,&#10;Expecting:&#10; &lt;2198L&gt;&#10;to be less than:&#10; &lt;2000L&gt;,assertion mismatch,1
java,joel-costigliola_assertj-core,org.assertj.core.internal.iterables.Iterables_assertDoesNotHaveDuplicates_Test,should_pass_within_time_constraints,C,&#10;Expecting:&#10; &lt;2705L&gt;&#10;to be less than:&#10; &lt;2000L&gt;,assertion mismatch,1
java,joel-costigliola_assertj-core,org.assertj.core.internal.iterables.Iterables_assertDoesNotHaveDuplicates_Test,should_pass_within_time_constraints,C,&#10;Expecting:&#10; &lt;2802L&gt;&#10;to be less than:&#10; &lt;2000L&gt;,assertion mismatch,1
java,joel-costigliola_assertj-core,org.assertj.core.internal.iterables.Iterables_assertDoesNotHaveDuplicates_Test,should_pass_within_time_constraints,C,&#10;Expecting:&#10; &lt;5703L&gt;&#10;to be less than:&#10; &lt;2000L&gt;,assertion mismatch,1
java,joel-costigliola_assertj-core,org.assertj.core.internal.iterables.Iterables_assertDoesNotHaveDuplicates_Test,should_pass_within_time_constraints,C,&#10;Expecting:&#10; &lt;2202L&gt;&#10;to be less than:&#10; &lt;2000L&gt;,assertion mismatch,1
java,joel-costigliola_assertj-core,org.assertj.core.internal.iterables.Iterables_assertDoesNotHaveDuplicates_Test,should_pass_within_time_constraints,C,&#10;Expecting:&#10; &lt;2400L&gt;&#10;to be less than:&#10; &lt;2000L&gt;,assertion mismatch,1
java,joel-costigliola_assertj-core,org.assertj.core.internal.iterables.Iterables_assertDoesNotHaveDuplicates_Test,should_pass_within_time_constraints,C,&#10;Expecting:&#10; &lt;3202L&gt;&#10;to be less than:&#10; &lt;2000L&gt;,assertion mismatch,1
java,joel-costigliola_assertj-core,org.assertj.core.internal.iterables.Iterables_assertDoesNotHaveDuplicates_Test,should_pass_within_time_constraints,C,&#10;Expecting:&#10; &lt;2599L&gt;&#10;to be less than:&#10; &lt;2000L&gt;,assertion mismatch,1
java,joel-costigliola_assertj-core,org.assertj.core.internal.iterables.Iterables_assertDoesNotHaveDuplicates_Test,should_pass_within_time_constraints,C,&#10;Expecting:&#10; &lt;2703L&gt;&#10;to be less than:&#10; &lt;2000L&gt;,assertion mismatch,1
java,joel-costigliola_assertj-core,org.assertj.core.internal.iterables.Iterables_assertDoesNotHaveDuplicates_Test,should_pass_within_time_constraints,C,&#10;Expecting:&#10; &lt;3998L&gt;&#10;to be less than:&#10; &lt;2000L&gt;,assertion mismatch,1
java,joel-costigliola_assertj-core,org.assertj.core.internal.iterables.Iterables_assertDoesNotHaveDuplicates_Test,should_pass_within_time_constraints,C,&#10;Expecting:&#10; &lt;5601L&gt;&#10;to be less than:&#10; &lt;2000L&gt;,assertion mismatch,1
java,joel-costigliola_assertj-core,org.assertj.core.internal.iterables.Iterables_assertDoesNotHaveDuplicates_Test,should_pass_within_time_constraints,C,&#10;Expecting:&#10; &lt;4301L&gt;&#10;to be less than:&#10; &lt;2000L&gt;,assertion mismatch,1
java,joel-costigliola_assertj-core,org.assertj.core.internal.iterables.Iterables_assertDoesNotHaveDuplicates_Test,should_pass_within_time_constraints,C,&#10;Expecting:&#10; &lt;3704L&gt;&#10;to be less than:&#10; &lt;2000L&gt;,assertion mismatch,1
java,joel-costigliola_assertj-core,org.assertj.core.internal.iterables.Iterables_assertDoesNotHaveDuplicates_Test,should_pass_within_time_constraints,C,&#10;Expecting:&#10; &lt;3301L&gt;&#10;to be less than:&#10; &lt;2000L&gt;,assertion mismatch,1
java,joel-costigliola_assertj-core,org.assertj.core.internal.iterables.Iterables_assertDoesNotHaveDuplicates_Test,should_pass_within_time_constraints,C,&#10;Expecting:&#10; &lt;5302L&gt;&#10;to be less than:&#10; &lt;2000L&gt;,assertion mismatch,1
java,joel-costigliola_assertj-core,org.assertj.core.internal.iterables.Iterables_assertDoesNotHaveDuplicates_Test,should_pass_within_time_constraints,C,&#10;Expecting:&#10; &lt;2600L&gt;&#10;to be less than:&#10; &lt;2000L&gt;,assertion mismatch,1
java,joel-costigliola_assertj-core,org.assertj.core.internal.iterables.Iterables_assertDoesNotHaveDuplicates_Test,should_pass_within_time_constraints,C,&#10;Expecting:&#10; &lt;3300L&gt;&#10;to be less than:&#10; &lt;2000L&gt;,assertion mismatch,1
java,joel-costigliola_assertj-core,org.assertj.core.internal.iterables.Iterables_assertDoesNotHaveDuplicates_Test,should_pass_within_time_constraints,C,&#10;Expecting:&#10; &lt;2900L&gt;&#10;to be less than:&#10; &lt;2000L&gt;,assertion mismatch,1
java,joel-costigliola_assertj-core,org.assertj.core.internal.iterables.Iterables_assertDoesNotHaveDuplicates_Test,should_pass_within_time_constraints,C,&#10;Expecting:&#10; &lt;2704L&gt;&#10;to be less than:&#10; &lt;2000L&gt;,assertion mismatch,1
java,joel-costigliola_assertj-core,org.assertj.core.internal.iterables.Iterables_assertDoesNotHaveDuplicates_Test,should_pass_within_time_constraints,C,&#10;Expecting:&#10; &lt;2799L&gt;&#10;to be less than:&#10; &lt;2000L&gt;,assertion mismatch,1
java,joel-costigliola_assertj-core,org.assertj.core.internal.iterables.Iterables_assertDoesNotHaveDuplicates_Test,should_pass_within_time_constraints,C,&#10;Expecting:&#10; &lt;2502L&gt;&#10;to be less than:&#10; &lt;2000L&gt;,assertion mismatch,1
java,joel-costigliola_assertj-core,org.assertj.core.internal.iterables.Iterables_assertDoesNotHaveDuplicates_Test,should_pass_within_time_constraints,C,&#10;Expecting:&#10; &lt;2503L&gt;&#10;to be less than:&#10; &lt;2000L&gt;,assertion mismatch,1
java,joel-costigliola_assertj-core,org.assertj.core.internal.iterables.Iterables_assertDoesNotHaveDuplicates_Test,should_pass_within_time_constraints,C,&#10;Expecting:&#10; &lt;2403L&gt;&#10;to be less than:&#10; &lt;2000L&gt;,assertion mismatch,1
java,joel-costigliola_assertj-core,org.assertj.core.internal.iterables.Iterables_assertDoesNotHaveDuplicates_Test,should_pass_within_time_constraints,C,&#10;Expecting:&#10; &lt;3400L&gt;&#10;to be less than:&#10; &lt;2000L&gt;,assertion mismatch,1
java,joel-costigliola_assertj-core,org.assertj.core.internal.iterables.Iterables_assertDoesNotHaveDuplicates_Test,should_pass_within_time_constraints,C,&#10;Expecting:&#10; &lt;2806L&gt;&#10;to be less than:&#10; &lt;2000L&gt;,assertion mismatch,1
java,joel-costigliola_assertj-core,org.assertj.core.internal.iterables.Iterables_assertDoesNotHaveDuplicates_Test,should_pass_within_time_constraints,C,&#10;Expecting:&#10; &lt;3701L&gt;&#10;to be less than:&#10; &lt;2000L&gt;,assertion mismatch,1
java,joel-costigliola_assertj-core,org.assertj.core.internal.iterables.Iterables_assertDoesNotHaveDuplicates_Test,should_pass_within_time_constraints,C,&#10;Expecting:&#10; &lt;2304L&gt;&#10;to be less than:&#10; &lt;2000L&gt;,assertion mismatch,1
java,joel-costigliola_assertj-core,org.assertj.core.internal.iterables.Iterables_assertDoesNotHaveDuplicates_Test,should_pass_within_time_constraints,C,&#10;Expecting:&#10; &lt;4896L&gt;&#10;to be less than:&#10; &lt;2000L&gt;,assertion mismatch,1
java,joel-costigliola_assertj-core,org.assertj.core.internal.iterables.Iterables_assertDoesNotHaveDuplicates_Test,should_pass_within_time_constraints,C,&#10;Expecting:&#10; &lt;2701L&gt;&#10;to be less than:&#10; &lt;2000L&gt;,assertion mismatch,1
java,joel-costigliola_assertj-core,org.assertj.core.internal.iterables.Iterables_assertDoesNotHaveDuplicates_Test,should_pass_within_time_constraints,C,&#10;Expecting:&#10; &lt;5203L&gt;&#10;to be less than:&#10; &lt;2000L&gt;,assertion mismatch,1
java,joel-costigliola_assertj-core,org.assertj.core.internal.iterables.Iterables_assertDoesNotHaveDuplicates_Test,should_pass_within_time_constraints,C,&#10;Expecting:&#10; &lt;2800L&gt;&#10;to be less than:&#10; &lt;2000L&gt;,assertion mismatch,1
java,joel-costigliola_assertj-core,org.assertj.core.internal.iterables.Iterables_assertDoesNotHaveDuplicates_Test,should_pass_within_time_constraints,C,&#10;Expecting:&#10; &lt;4503L&gt;&#10;to be less than:&#10; &lt;2000L&gt;,assertion mismatch,1
java,kagkarlsson.db-scheduler,com.github.kagkarlsson.scheduler.WaiterTest,should_wait_until_woken,C,Waited: 102,other,1
java,kagkarlsson.db-scheduler,com.github.kagkarlsson.scheduler.WaiterTest,should_wait_until_woken,C,Waited: 100,other,1
java,kagkarlsson.db-scheduler,com.github.kagkarlsson.scheduler.WaiterTest,should_wait_until_woken,C,Waited: 1000,other,1
java,kagkarlsson.db-scheduler,com.github.kagkarlsson.scheduler.compatibility.HsqlCompatibilityTest,test_compatibility,C,Expected: is &lt;0&gt;     but: was &lt;1&gt;,assertion mismatch,1
java,orbit_orbit,com.ea.orbit.actors.test.DeactivationTest,cleanupTest,D,expected:&lt;2&gt; but was:&lt;1&gt;,assertion mismatch,1
java,orbit_orbit,com.ea.orbit.actors.test.DeactivationTest,cleanupTest,N,expected:&lt;2&gt; but was:&lt;1&gt;,assertion mismatch,1
java,orbit_orbit,com.ea.orbit.actors.test.DeactivationTest,statelessWorkerDeactivationTest,N,expected:&lt;1&gt; but was:&lt;2&gt;,assertion mismatch,1
java,orbit_orbit,com.ea.orbit.actors.test.LifeCycleTest,deactivationTest,N,Values should be different. Actual: 0,other,1
java,orbit_orbit,com.ea.orbit.actors.test.ObserverTest,observerGarbageCollection,N,Was expecting some exception,other,1
java,orbit_orbit,com.ea.orbit.actors.test.TimerTest,timerTest,C,failure,other,25
java,orbit_orbit,com.ea.orbit.actors.test.TimerTest,timerTest,M,failure,other,2
java,qos-ch_logback,ch.qos.logback.classic.net.SMTPAppender_GreenTest,LBCLASSIC_104,C,expected:&lt;1&gt; but was:&lt;0&gt;,assertion mismatch,1
java,qos-ch_logback,ch.qos.logback.classic.net.SMTPAppender_GreenTest,bufferShouldBeResetBetweenMessages,C,expected:&lt;2&gt; but was:&lt;1&gt;,assertion mismatch,1
java,qos-ch_logback,ch.qos.logback.classic.net.SMTPAppender_GreenTest,synchronousSmoke,C,expected:&lt;1&gt; but was:&lt;0&gt;,assertion mismatch,2
java,qos-ch_logback,ch.qos.logback.classic.net.SMTPAppender_GreenTest,testMultipleTo,C,expected:&lt;3&gt; but was:&lt;0&gt;,assertion mismatch,2
java,qos-ch_logback,ch.qos.logback.classic.net.SMTPAppender_SubethaSMTPTest,authenticated,C,expected:&lt;3&gt; but was:&lt;4&gt;,assertion mismatch,4
java,qos-ch_logback,ch.qos.logback.classic.net.SMTPAppender_SubethaSMTPTest,authenticated,C,expected:&lt;6&gt; but was:&lt;7&gt;,assertion mismatch,1
java,qos-ch_logback,ch.qos.logback.classic.net.SMTPAppender_SubethaSMTPTest,html,C,expected:&lt;1&gt; but was:&lt;2&gt;,assertion mismatch,3
java,qos-ch_logback,ch.qos.logback.classic.net.SMTPAppender_SubethaSMTPTest,html,C,expected:&lt;6&gt; but was:&lt;7&gt;,assertion mismatch,2
java,qos-ch_logback,ch.qos.logback.classic.net.SMTPAppender_SubethaSMTPTest,html,C,expected:&lt;1&gt; but was:&lt;0&gt;,assertion mismatch,1
java,qos-ch_logback,ch.qos.logback.classic.net.SMTPAppender_SubethaSMTPTest,html,C,Error on line 1 of document  : Content is not allowed in prolog. Nested exception: Content is not allowed in prolog.,other,1
java,qos-ch_logback,ch.qos.logback.classic.net.SMTPAppender_SubethaSMTPTest,smoke,C,expected:&lt;1&gt; but was:&lt;0&gt;,assertion mismatch,8
java,qos-ch_logback,ch.qos.logback.classic.net.SMTPAppender_SubethaSMTPTest,testMultipleTo,C,expected:&lt;6&gt; but was:&lt;7&gt;,assertion mismatch,13
java,qos-ch_logback,ch.qos.logback.classic.net.SMTPAppender_SubethaSMTPTest,testMultipleTo,C,expected:&lt;3&gt; but was:&lt;4&gt;,assertion mismatch,3
java,qos-ch_logback,ch.qos.logback.classic.net.SMTPAppender_SubethaSMTPTest,testMultipleTo,C,expected:&lt;5&gt; but was:&lt;6&gt;,assertion mismatch,1
java,qos-ch_logback,ch.qos.logback.classic.net.SyslogAppenderTest,basic,C,failure,other,11
java,qos-ch_logback,ch.qos.logback.classic.rolling.UniqueFileTest,basic,C,File target/test-output/TS_20260825T082048log.txt does not exist,other,1
java,qos-ch_logback,ch.qos.logback.classic.rolling.UniqueFileTest,basic,C,File target/test-output/TS_20260825T082126log.txt does not exist,other,1
java,qos-ch_logback,ch.qos.logback.classic.rolling.UniqueFileTest,basic,C,File target/test-output/TS_20260825T083217log.txt does not exist,other,1
java,qos-ch_logback,ch.qos.logback.classic.rolling.UniqueFileTest,basic,C,File target/test-output/TS_20260825T083329log.txt does not exist,other,1
java,qos-ch_logback,ch.qos.logback.classic.spi.PackagingDataCalculatorTest,perfTest,C,computing class packaging data (5098.503491) should have been less than 10 times the time it takes to process an exception 4985.50261,other,1
java,qos-ch_logback,ch.qos.logback.classic.turbo.ReconfigureOnChangeTest,gafferInstallFilter,C,0,other,45
java,qos-ch_logback,ch.qos.logback.classic.turbo.ReconfigureOnChangeTest,scan_LOGBACK_474,C,test timed out after 4000 milliseconds,timeout,3
java,qos-ch_logback,ch.qos.logback.core.AsyncAppenderBaseTest,lossyAppenderShouldOnlyLooseCertainEvents,C,expected:&lt;8&gt; but was:&lt;9&gt;,assertion mismatch,7
java,qos-ch_logback,ch.qos.logback.core.AsyncAppenderBaseTest,lossyAppenderShouldOnlyLooseCertainEvents,C,expected:&lt;8&gt; but was:&lt;10&gt;,assertion mismatch,4
java,qos-ch_logback,ch.qos.logback.core.FileAppenderResilienceTest,smoke,C,gaps=0 less than 1,other,9
java,qos-ch_logback,ch.qos.logback.core.FileAppenderResilienceTest,smoke,C,totalLines=0 less than 0,other,2
java,qos-ch_logback,ch.qos.logback.core.FileAppenderResilienceTest,smoke,C,totalLines=0 less than 41,other,1
java,qos-ch_logback,ch.qos.logback.core.FileAppenderResilienceTest,smoke,C,totalLines=0 less than 32,other,1
java,qos-ch_logback,ch.qos.logback.core.FileAppenderResilienceTest,smoke,C,totalLines=127 less than 208,other,1
java,qos-ch_logback,ch.qos.logback.core.FileAppenderResilienceTest,smoke,C,totalLines=0 less than 30,other,1
java,qos-ch_logback,ch.qos.logback.core.recovery.RecoveryCoordinatorTest,actualTime,C,failure,other,3
java,qos-ch_logback,ch.qos.logback.core.rolling.TimeBasedRollingTest,withMissingTargetDirWithZipCompression,C,target/test-output/1192244102/2026-08-25/-2026-08-25_08_20_20.zip (No such file or directory),other,1
java,qos-ch_logback,org.slf4j.impl.InitializationOutputTest,noOutputIfContextHasAStatusListener,C,expected:&lt;0&gt; but was:&lt;124&gt;,assertion mismatch,1
java,square_okhttp,com.squareup.okhttp.internal.http.URLConnectionTest,postFailsWithChunkedRequestForLargeRequest,C,Connection reset,other,1
java,square_okhttp,com.squareup.okhttp.internal.http.URLConnectionTest,postFailsWithChunkedRequestForSmallRequest,C,Connection reset,other,2
java,square_okhttp,com.squareup.okhttp.internal.http.URLConnectionTest,requestBodySurvivesRetriesWithFixedLength,C,Connection reset,other,1
java,square_okhttp,com.squareup.okhttp.internal.http.URLConnectionTest,serverClosesSocket,C,Read timed out,timeout,1
java,square_okhttp,com.squareup.okhttp.internal.http.URLConnectionTest,serverShutdownOutput,C,Read timed out,timeout,1
java,square_okhttp,com.squareup.okhttp.internal.http.URLConnectionTest,serverShutdownOutput,C,expected:&lt;0&gt; but was:&lt;1&gt;,assertion mismatch,1
java,square_okhttp,com.squareup.okhttp.internal.spdy.SpdyConnectionTest,headersOnlyStreamIsClosedAfterReplyHeaders,D,expected:&lt;0&gt; but was:&lt;1&gt;,assertion mismatch,1
java,tootallnate_java-websocket,org.java_websocket.issues.Issue256Test,runReconnectBlockingScenario1,C,Found 1 zombie thread(s),other,2
java,tootallnate_java-websocket,org.java_websocket.issues.Issue256Test,runReconnectBlockingScenario1,C,Found 2 zombie thread(s),other,1
java,tootallnate_java-websocket,org.java_websocket.issues.Issue256Test,runReconnectBlockingScenario1,M,Found 3 zombie thread(s),other,1
java,tootallnate_java-websocket,org.java_websocket.issues.Issue256Test,runReconnectBlockingScenario1,M,Found 1 zombie thread(s),other,1
java,tootallnate_java-websocket,org.java_websocket.issues.Issue256Test,runReconnectBlockingScenario1,D,Found 1 zombie thread(s),other,1
java,tootallnate_java-websocket,org.java_websocket.issues.Issue256Test,runReconnectBlockingScenario3,N,Found 2 zombie thread(s),other,1
java,tootallnate_java-websocket,org.java_websocket.issues.Issue256Test,runReconnectBlockingScenario3,N,Found 3 zombie thread(s),other,1
java,tootallnate_java-websocket,org.java_websocket.issues.Issue256Test,runReconnectScenario3,D,Found 1 zombie thread(s),other,1
java,tootallnate_java-websocket,org.java_websocket.issues.Issue256Test,runReconnectScenario3,D,test timed out after 5000 milliseconds,timeout,1
java,tootallnate_java-websocket,org.java_websocket.issues.Issue256Test,runReconnectScenario5,C,test timed out after 5000 milliseconds,timeout,1
java,tootallnate_java-websocket,org.java_websocket.issues.Issue256Test,runReconnectScenario5,C,Found 1 zombie thread(s),other,1
java,tootallnate_java-websocket,org.java_websocket.issues.Issue256Test,runReconnectScenario5,N,test timed out after 5000 milliseconds,timeout,1
java,tootallnate_java-websocket,org.java_websocket.issues.Issue256Test,runReconnectScenario6,C,Found 1 zombie thread(s),other,2
java,tootallnate_java-websocket,org.java_websocket.issues.Issue256Test,runReconnectScenario6,C,test timed out after 5000 milliseconds,timeout,1
java,tootallnate_java-websocket,org.java_websocket.issues.Issue256Test,runReconnectScenario6,M,test timed out after 5000 milliseconds,timeout,1
java,tootallnate_java-websocket,org.java_websocket.issues.Issue256Test,runReconnectScenario6,N,Found 1 zombie thread(s),other,1
java,tootallnate_java-websocket,org.java_websocket.issues.Issue256Test,runReconnectScenario7,M,Found 1 zombie thread(s),other,1
java,tootallnate_java-websocket,org.java_websocket.issues.Issue256Test,runReconnectScenario7,D,Found 1 zombie thread(s),other,2
java,tootallnate_java-websocket,org.java_websocket.issues.Issue256Test,runReconnectScenario7,N,Found 1 zombie thread(s),other,2
java,tootallnate_java-websocket,org.java_websocket.issues.Issue256Test,runReconnectScenario7,N,test timed out after 5000 milliseconds,timeout,1
java,tootallnate_java-websocket,org.java_websocket.issues.Issue580Test,runNoCloseBlockingTestScenario0,C,Found 3 zombie thread(s),other,1
java,tootallnate_java-websocket,org.java_websocket.issues.Issue580Test,runNoCloseBlockingTestScenario1,C,Found 3 zombie thread(s),other,2
java,tootallnate_java-websocket,org.java_websocket.issues.Issue580Test,runNoCloseBlockingTestScenario3,C,Found 3 zombie thread(s),other,1
java,tootallnate_java-websocket,org.java_websocket.issues.Issue580Test,runNoCloseBlockingTestScenario4,C,Found 3 zombie thread(s),other,1
java,tootallnate_java-websocket,org.java_websocket.issues.Issue580Test,runNoCloseBlockingTestScenario7,C,Found 3 zombie thread(s),other,1
java,tootallnate_java-websocket,org.java_websocket.issues.Issue580Test,runNoCloseBlockingTestScenario8,C,Found 3 zombie thread(s),other,1
java,tootallnate_java-websocket,org.java_websocket.issues.Issue677Test,testIssue,C,webSocket.isClosed(),other,4
java,tootallnate_java-websocket,org.java_websocket.issues.Issue677Test,testIssue,M,webSocket.isClosed(),other,3
java,tootallnate_java-websocket,org.java_websocket.issues.Issue677Test,testIssue,D,webSocket.isClosed(),other,2
java,tootallnate_java-websocket,org.java_websocket.issues.Issue677Test,testIssue,N,webSocket.isClosed(),other,3
java,tootallnate_java-websocket,org.java_websocket.protocols.ProtoclHandshakeRejectionTest,testHandshakeRejectionTestCase10,C,Error,other,5
java,tootallnate_java-websocket,org.java_websocket.protocols.ProtoclHandshakeRejectionTest,testHandshakeRejectionTestCase10,M,Error,other,1
java,tootallnate_java-websocket,org.java_websocket.protocols.ProtoclHandshakeRejectionTest,testHandshakeRejectionTestCase10,N,Error,other,1
java,wro4j_wro4j,ro.isdc.wro.cache.support.TestSynchronizedCacheStrategyDecorator,shouldInvokeLoadTwoTimesForDifferentKeys,C,expected:&lt;2&gt; but was:&lt;1&gt;,assertion mismatch,2
java,wro4j_wro4j,ro.isdc.wro.maven.plugin.TestWro4jMojo,shouldBeFasterWhenRunningProcessingInParallel,C,failure,other,4
java,wro4j_wro4j,ro.isdc.wro.model.group.processor.TestPreProcessorExecutor,preProcessingInParallelIsFaster,C,603  &gt; 400 + 320.0,other,1
java,zalando.riptide-8277e11_riptide-failsafe,org.zalando.riptide.failsafe.FailsafePluginRetriesTest,shouldInvokeListenersOnRetryableResult,C,"&#10;Argument(s) are different! Wanted:&#10;retryListener.onRetry(&#10;    notNull(),&#10;    notNull(),&#10;    isNull(),&#10;    notNull()&#10;);&#10;-&gt; at org.zalando.riptide.failsafe.FailsafePluginRetriesTest.shouldInvokeListenersOnRetryableResult(FailsafePluginRetriesTest.java:200)&#10;Actual invocation has different arguments:&#10;retryListener.onRetry(&#10;    org.zalando.riptide.DefaultRequestArguments@1c88f1d4,&#10;    null,&#10;    java.net.SocketTimeoutException: Read timed out,&#1",timeout,1
java,zalando.riptide-8277e11_riptide-failsafe,org.zalando.riptide.failsafe.FailsafePluginRetriesTest,shouldInvokeListenersOnRetryableResult,C,"&#10;Argument(s) are different! Wanted:&#10;retryListener.onRetry(&#10;    notNull(),&#10;    notNull(),&#10;    isNull(),&#10;    notNull()&#10;);&#10;-&gt; at org.zalando.riptide.failsafe.FailsafePluginRetriesTest.shouldInvokeListenersOnRetryableResult(FailsafePluginRetriesTest.java:200)&#10;Actual invocation has different arguments:&#10;retryListener.onRetry(&#10;    org.zalando.riptide.DefaultRequestArguments@36fc7314,&#10;    null,&#10;    java.net.SocketTimeoutException: Read timed out,&#1",timeout,1
java,zxing_zxing,com.google.zxing.pdf417.decoder.ec.ErrorCorrectionTestCase,testTooManyErrors,C,Should not have decoded,other,3
java,zxing_zxing,com.google.zxing.pdf417.decoder.ec.ErrorCorrectionTestCase,testTooManyErrors,M,Should not have decoded,other,2
js,actions-javascript-action,/home/npm-filter/TESTING_REPOS/javascript-action/index.test.js,wait 500 ms,C,Error: expect(received).toBeGreaterThanOrEqual(expected)Expected: >= 500Received:    499    at Object.toBeGreaterThanOrEqual (/home/npm-filter/TESTING_REPOS/javascript-action/index.test.js:15:17),assertion mismatch,5
js,apollographql-apollo-client-devtools,/home/npm-filter/TESTING_REPOS/apollo-client-devtools/src/application/components/Cache/__tests__/Cache.test.tsx,Cache component tests No cache data should show no cache data message in sidebar,C,"Error: thrown: ""Exceeded timeout of 5000 ms for a test.Add a timeout value to this test to increase the timeout, if this is a long-running test. See https://jestjs.io/docs/api#testname-fn-timeout.""    at /home/npm-filter/TESTING_REPOS/apollo-client-devtools/src/application/components/Cache/__tests__/Cache.test.tsx:45:5    at _dispatchDescribe (/home/npm-filter/TESTING_REPOS/apollo-client-devtools/node_modules/jest-circus/build/index.js:91:26)    at describe (/home/npm-filter/TESTING_REPOS/ap",timeout,1
js,apollographql-apollo-client-devtools,/home/npm-filter/TESTING_REPOS/apollo-client-devtools/src/application/components/Cache/__tests__/Cache.test.tsx,Cache component tests Search should highlight object keys/values if a match is found,C,"Error: thrown: ""Exceeded timeout of 5000 ms for a test.Add a timeout value to this test to increase the timeout, if this is a long-running test. See https://jestjs.io/docs/api#testname-fn-timeout.""    at /home/npm-filter/TESTING_REPOS/apollo-client-devtools/src/application/components/Cache/__tests__/Cache.test.tsx:153:5    at _dispatchDescribe (/home/npm-filter/TESTING_REPOS/apollo-client-devtools/node_modules/jest-circus/build/index.js:91:26)    at describe (/home/npm-filter/TESTING_REPOS/a",timeout,1
js,apollographql-apollo-client-devtools,/home/npm-filter/TESTING_REPOS/apollo-client-devtools/src/application/components/Cache/__tests__/Cache.test.tsx,Cache component tests With cache data should show list of root cache ids in the sidebar,C,"Error: thrown: ""Exceeded timeout of 5000 ms for a test.Add a timeout value to this test to increase the timeout, if this is a long-running test. See https://jestjs.io/docs/api#testname-fn-timeout.""    at /home/npm-filter/TESTING_REPOS/apollo-client-devtools/src/application/components/Cache/__tests__/Cache.test.tsx:77:5    at _dispatchDescribe (/home/npm-filter/TESTING_REPOS/apollo-client-devtools/node_modules/jest-circus/build/index.js:91:26)    at describe (/home/npm-filter/TESTING_REPOS/ap",timeout,6
js,apollographql-apollo-client-devtools,/home/npm-filter/TESTING_REPOS/apollo-client-devtools/src/application/components/Mutations/__tests__/MutationViewer.test.tsx,<MutationViewer /> can copy the mutation string,C,"Error: thrown: ""Exceeded timeout of 5000 ms for a test.Add a timeout value to this test to increase the timeout, if this is a long-running test. See https://jestjs.io/docs/api#testname-fn-timeout.""    at /home/npm-filter/TESTING_REPOS/apollo-client-devtools/src/application/components/Mutations/__tests__/MutationViewer.test.tsx:40:3    at _dispatchDescribe (/home/npm-filter/TESTING_REPOS/apollo-client-devtools/node_modules/jest-circus/build/index.js:91:26)    at describe (/home/npm-filter/TES",timeout,1
js,apollographql-apollo-client-devtools,/home/npm-filter/TESTING_REPOS/apollo-client-devtools/src/application/components/Mutations/__tests__/Mutations.test.tsx,<Mutations /> it renders an empty state,C,"TestingLibraryElementError: Unable to find an element by: [data-testid=""header""]Ignored nodes: comments, script, style[36m<body>[39m  [36m<div />[39m[36m</body>[39m    at Object.getElementError (/home/npm-filter/TESTING_REPOS/apollo-client-devtools/node_modules/@testing-library/react/node_modules/@testing-library/dom/dist/config.js:37:19)    at /home/npm-filter/TESTING_REPOS/apollo-client-devtools/node_modules/@testing-library/react/node_modules/@testing-library/dom/dist/query-helpe",other,1
js,apollographql-apollo-client-devtools,/home/npm-filter/TESTING_REPOS/apollo-client-devtools/src/application/components/Mutations/__tests__/Mutations.test.tsx,<Mutations /> queries render in the sidebar,C,"Error: thrown: ""Exceeded timeout of 5000 ms for a test.Add a timeout value to this test to increase the timeout, if this is a long-running test. See https://jestjs.io/docs/api#testname-fn-timeout.""    at /home/npm-filter/TESTING_REPOS/apollo-client-devtools/src/application/components/Mutations/__tests__/Mutations.test.tsx:35:3    at _dispatchDescribe (/home/npm-filter/TESTING_REPOS/apollo-client-devtools/node_modules/jest-circus/build/index.js:91:26)    at describe (/home/npm-filter/TESTING_",timeout,6
js,apollographql-apollo-client-devtools,/home/npm-filter/TESTING_REPOS/apollo-client-devtools/src/application/components/Mutations/__tests__/Mutations.test.tsx,<Mutations /> renders query name,C,"Error: thrown: ""Exceeded timeout of 5000 ms for a test.Add a timeout value to this test to increase the timeout, if this is a long-running test. See https://jestjs.io/docs/api#testname-fn-timeout.""    at /home/npm-filter/TESTING_REPOS/apollo-client-devtools/src/application/components/Mutations/__tests__/Mutations.test.tsx:64:3    at _dispatchDescribe (/home/npm-filter/TESTING_REPOS/apollo-client-devtools/node_modules/jest-circus/build/index.js:91:26)    at describe (/home/npm-filter/TESTING_",timeout,3
js,apollographql-apollo-client-devtools,/home/npm-filter/TESTING_REPOS/apollo-client-devtools/src/application/components/Queries/__tests__/Queries.test.tsx,<Queries /> renders query name,C,"Error: Unable to find an element with the text: GetColors. This could be because the text is broken up by multiple elements. In this case, you can provide a function for your text matcher to make your matcher more flexible.Ignored nodes: comments, script, style[36m<div[39m  [33mclass[39m=[32m""css-1x7rt3u-Header""[39m  [33mdata-testid[39m=[32m""header""[39m[36m>[39m  [36m<h1[39m    [33mclass[39m=[32m""css-qfeo26-Queries""[39m  [36m>[39m    [0mUnnamed[0m  [36m</h1>[39",other,1
js,apollographql-apollo-client-devtools,/home/npm-filter/TESTING_REPOS/apollo-client-devtools/src/application/components/Queries/__tests__/Queries.test.tsx,<Queries /> renders query name,C,"Error: thrown: ""Exceeded timeout of 5000 ms for a test.Add a timeout value to this test to increase the timeout, if this is a long-running test. See https://jestjs.io/docs/api#testname-fn-timeout.""    at /home/npm-filter/TESTING_REPOS/apollo-client-devtools/src/application/components/Queries/__tests__/Queries.test.tsx:63:3    at _dispatchDescribe (/home/npm-filter/TESTING_REPOS/apollo-client-devtools/node_modules/jest-circus/build/index.js:91:26)    at describe (/home/npm-filter/TESTING_REPO",timeout,1
js,apollographql-apollo-client-devtools,/home/npm-filter/TESTING_REPOS/apollo-client-devtools/src/application/components/Queries/__tests__/QueryViewer.test.tsx,<QueryViewer /> can copy the query string,C,"Error: thrown: ""Exceeded timeout of 5000 ms for a test.Add a timeout value to this test to increase the timeout, if this is a long-running test. See https://jestjs.io/docs/api#testname-fn-timeout.""    at /home/npm-filter/TESTING_REPOS/apollo-client-devtools/src/application/components/Queries/__tests__/QueryViewer.test.tsx:37:3    at _dispatchDescribe (/home/npm-filter/TESTING_REPOS/apollo-client-devtools/node_modules/jest-circus/build/index.js:91:26)    at describe (/home/npm-filter/TESTING_",timeout,1
js,arqex-react-datetime,/home/npm-filter/TESTING_REPOS/react-datetime/test/tests.spec.js,Datetime with custom props long increase time,C,"Error: expect(received).not.toEqual(expected) // deep equalityExpected: not ""3""    at /home/npm-filter/TESTING_REPOS/react-datetime/test/tests.spec.js:655:43    at Timeout.callback [as _onTimeout] (/home/npm-filter/TESTING_REPOS/react-datetime/node_modules/jest-environment-jsdom-fourteen/node_modules/jsdom/lib/jsdom/browser/Window.js:671:19)    at listOnTimeout (node:internal/timers:573:17)    at processTimers (node:internal/timers:514:7)",timeout,4
js,atomiks-tippyjs-react,/home/npm-filter/TESTING_REPOS/tippyjs-react/test/Tippy.test.js,<Tippy /> cleans up after unmounting in tests,C,"Error: Timed out in waitForElementToBeRemoved.[36m<html>[39m  [36m<head />[39m  [36m<body>[39m    [36m<div>[39m      [36m<button[39m        [33maria-describedby[39m=[32m""tippy-5""[39m      [36m/>[39m    [36m</div>[39m    [36m<div[39m      [33mdata-tippy-root[39m=[32m""""[39m      [33mid[39m=[32m""tippy-5""[39m      [33mstyle[39m=[32m""pointer-events: none; z-index: 9999; visibility: visible; position: absolute; left: 0px; top: 0px; margin: 0px; bottom: 0px;",timeout,2
js,babel-preset-modules,/home/npm-filter/TESTING_REPOS/preset-modules/test/integration.test.js,integration should compile react-hooks-demo to less code than preset-env,C,: Timeout - Async callback was not invoked within the 30000ms timeout specified by jest.setTimeout.Timeout - Async callback was not invoked within the 30000ms timeout specified by jest.setTimeout.Error:     at new Spec (/home/npm-filter/TESTING_REPOS/preset-modules/node_modules/jest-jasmine2/build/jasmine/Spec.js:116:22)    at new Spec (/home/npm-filter/TESTING_REPOS/preset-modules/node_modules/jest-jasmine2/build/setup_jest_globals.js:80:9)    at specFactory (/home/npm-filter/TESTING_REPOS/p,timeout,31
python,pypa-setuptools,exercises,exercises.py:measure_startup_perf,M,failed on setup with &quot;worker 'gw0' crashed while running 'exercises.py::exercises.py:measure_startup_perf'&quot;,other,4
python,pypa-setuptools,exercises,exercises.py:measure_startup_perf,M,"subprocess.CalledProcessError: Command '('/project_venv/flapy_virtual_env/bin/python', '-m', 'pip', 'install', '-t', PosixPath('/tmp/pip-run-f9wfcx5f'), '.')' returned non-zero exit status 1.",other,1
python,pypa-setuptools,exercises,exercises.py:measure_startup_perf,M,"subprocess.CalledProcessError: Command '('/project_venv/flapy_virtual_env/bin/python', '-m', 'pip', 'install', '-t', PosixPath('/tmp/pip-run-0r49ikc_'), '.')' returned non-zero exit status 1.",other,1
python,pypa-setuptools,exercises,exercises.py:measure_startup_perf,M,"subprocess.CalledProcessError: Command '('/project_venv/flapy_virtual_env/bin/python', '-m', 'pip', 'install', '-t', PosixPath('/tmp/pip-run-n82uxm3z'), '.')' returned non-zero exit status 1.",other,1
python,pypa-setuptools,setuptools.tests.config.test_apply_pyprojecttoml.TestMeta,test_example_file_not_in_wheel,N,"failed on setup with &quot;subprocess.CalledProcessError: Command '['/project_venv/flapy_virtual_env/bin/python', '-m', 'build', '--wheel', '--outdir', '/tmp/pytest-of-root/pytest-5/wheel_build', '/workdir/pypa-setuptools']' returned non-zero exit status 1.&quot;",other,1
python,pypa-setuptools,setuptools.tests.test_build_meta,test_legacy_editable_install,M,failed on setup with &quot;worker 'gw3' crashed while running 'setuptools/tests/test_build_meta.py::test_legacy_editable_install'&quot;,other,7
python,pypa-setuptools,setuptools.tests.test_build_meta,test_legacy_editable_install,N,"failed on setup with &quot;subprocess.CalledProcessError: Command '['/project_venv/flapy_virtual_env/bin/python', '-m', 'build', '--wheel', '--outdir', '/tmp/pytest-of-root/pytest-5/wheel_build', '/workdir/pypa-setuptools']' returned non-zero exit status 1.&quot;",other,1
python,pypa-setuptools,setuptools.tests.test_config_discovery.TestDiscoverPackagesAndPyModules,test_project[explicit-namespace],M,failed on setup with &quot;worker 'gw1' crashed while running 'setuptools/tests/test_config_discovery.py::TestDiscoverPackagesAndPyModules::test_project[explicit-namespace]'&quot;,other,2
python,pypa-setuptools,setuptools.tests.test_config_discovery.TestDiscoverPackagesAndPyModules,test_project[explicit-src],M,failed on setup with &quot;worker 'gw8' crashed while running 'setuptools/tests/test_config_discovery.py::TestDiscoverPackagesAndPyModules::test_project[explicit-src]'&quot;,other,2
python,pypa-setuptools,setuptools.tests.test_config_discovery.TestWithPackageData,test_include_package_data[src-files4],M,failed on setup with &quot;worker 'gw3' crashed while running 'setuptools/tests/test_config_discovery.py::TestWithPackageData::test_include_package_data[src-files4]'&quot;,other,1
python,pypa-setuptools,setuptools.tests.test_develop.TestNamespaces,test_namespace_package_importable,M,failed on setup with &quot;worker 'gw0' crashed while running 'setuptools/tests/test_develop.py::TestNamespaces::test_namespace_package_importable'&quot;,other,1
python,pypa-setuptools,setuptools.tests.test_dist,test_dist_default_packages[my.pkg-None-package_files3-packages3],M,failed on setup with &quot;worker 'gw2' crashed while running 'setuptools/tests/test_dist.py::test_dist_default_packages[my.pkg-None-package_files3-packages3]'&quot;,other,1
python,pypa-setuptools,setuptools.tests.test_dist,test_dist_default_packages[my_pkg-None-package_files4-packages4],M,failed on setup with &quot;worker 'gw2' crashed while running 'setuptools/tests/test_dist.py::test_dist_default_packages[my_pkg-None-package_files4-packages4]'&quot;,other,1
python,pypa-setuptools,setuptools.tests.test_dist,test_dist_fetch_build_egg,M,failed on setup with &quot;worker 'gw8' crashed while running 'setuptools/tests/test_dist.py::test_dist_fetch_build_egg'&quot;,other,1
python,pypa-setuptools,setuptools.tests.test_distutils_adoption,test_distutils_local_with_setuptools,M,failed on setup with &quot;worker 'gw2' crashed while running 'setuptools/tests/test_distutils_adoption.py::test_distutils_local_with_setuptools'&quot;,other,1
python,pypa-setuptools,setuptools.tests.test_distutils_adoption,test_distutils_stdlib,M,failed on setup with &quot;worker 'gw5' crashed while running 'setuptools/tests/test_distutils_adoption.py::test_distutils_stdlib'&quot;,other,1
python,pypa-setuptools,setuptools.tests.test_distutils_adoption,test_log_module_is_not_duplicated_on_import[local],M,failed on setup with &quot;worker 'gw5' crashed while running 'setuptools/tests/test_distutils_adoption.py::test_log_module_is_not_duplicated_on_import[local]'&quot;,other,1
python,pypa-setuptools,setuptools.tests.test_distutils_adoption,test_modules_are_not_duplicated_on_import[local-dir_util],M,failed on setup with &quot;worker 'gw6' crashed while running 'setuptools/tests/test_distutils_adoption.py::test_modules_are_not_duplicated_on_import[local-dir_util]'&quot;,other,1
python,pypa-setuptools,setuptools.tests.test_distutils_adoption,test_modules_are_not_duplicated_on_import[local-dir_util],M,failed on setup with &quot;worker 'gw2' crashed while running 'setuptools/tests/test_distutils_adoption.py::test_modules_are_not_duplicated_on_import[local-dir_util]'&quot;,other,1
python,pypa-setuptools,setuptools.tests.test_distutils_adoption,test_modules_are_not_duplicated_on_import[local-file_util],M,failed on setup with &quot;worker 'gw6' crashed while running 'setuptools/tests/test_distutils_adoption.py::test_modules_are_not_duplicated_on_import[local-file_util]'&quot;,other,1
python,pypa-setuptools,setuptools.tests.test_distutils_adoption,test_modules_are_not_duplicated_on_import[stdlib-archive_util],M,failed on setup with &quot;worker 'gw2' crashed while running 'setuptools/tests/test_distutils_adoption.py::test_modules_are_not_duplicated_on_import[stdlib-archive_util]'&quot;,other,1
python,pypa-setuptools,setuptools.tests.test_distutils_adoption,test_modules_are_not_duplicated_on_import[stdlib-dir_util],M,failed on setup with &quot;worker 'gw5' crashed while running 'setuptools/tests/test_distutils_adoption.py::test_modules_are_not_duplicated_on_import[stdlib-dir_util]'&quot;,other,1
python,pypa-setuptools,setuptools.tests.test_distutils_adoption,test_modules_are_not_duplicated_on_import[stdlib-dir_util],M,failed on setup with &quot;worker 'gw2' crashed while running 'setuptools/tests/test_distutils_adoption.py::test_modules_are_not_duplicated_on_import[stdlib-dir_util]'&quot;,other,1
python,pypa-setuptools,setuptools.tests.test_distutils_adoption,test_modules_are_not_duplicated_on_import[stdlib-file_util],M,failed on setup with &quot;worker 'gw6' crashed while running 'setuptools/tests/test_distutils_adoption.py::test_modules_are_not_duplicated_on_import[stdlib-file_util]'&quot;,other,1
python,pypa-setuptools,setuptools.tests.test_easy_install.TestEasyInstallTest,test_unicode_content_in_sdist,M,"pytest.PytestUnraisableExceptionWarning: Exception ignored in: &lt;generator object load at 0x7f9de42209e0&gt;&#10;&#10;Traceback (most recent call last):&#10;  File &quot;/project_venv/flapy_virtual_env/lib/python3.10/site-packages/pip_run/mode/ephemeral.py&quot;, line 9, in context&#10;    yield pathlib.Path(td)&#10;  File &quot;/project_venv/flapy_virtual_env/lib/python3.10/site-packages/pip_run/deps.py&quot;, line 90, in load&#10;    yield target&#10;GeneratorExit&#10;&#10;During handling of",other,1
python,pypa-setuptools,setuptools.tests.test_easy_install.TestSetupRequires,test_setup_requires_honors_fetch_params,M,failed on setup with &quot;worker 'gw9' crashed while running 'setuptools/tests/test_easy_install.py::TestSetupRequires::test_setup_requires_honors_fetch_params'&quot;,other,1
python,pypa-setuptools,setuptools.tests.test_easy_install.TestSetupRequires,test_setup_requires_honors_pip_env,M,failed on setup with &quot;worker 'gw0' crashed while running 'setuptools/tests/test_easy_install.py::TestSetupRequires::test_setup_requires_honors_pip_env'&quot;,other,1
python,pypa-setuptools,setuptools.tests.test_easy_install.TestSetupRequires,test_setup_requires_honors_pip_env,M,failed on setup with &quot;worker 'gw11' crashed while running 'setuptools/tests/test_easy_install.py::TestSetupRequires::test_setup_requires_honors_pip_env'&quot;,other,1
python,pypa-setuptools,setuptools.tests.test_easy_install.TestSetupRequires,test_setup_requires_override_nspkg[use_setup_cfg0],M,failed on setup with &quot;worker 'gw9' crashed while running 'setuptools/tests/test_easy_install.py::TestSetupRequires::test_setup_requires_override_nspkg[use_setup_cfg0]'&quot;,other,3
python,pypa-setuptools,setuptools.tests.test_easy_install.TestSetupRequires,test_setup_requires_override_nspkg[use_setup_cfg0],M,failed on setup with &quot;worker 'gw11' crashed while running 'setuptools/tests/test_easy_install.py::TestSetupRequires::test_setup_requires_override_nspkg[use_setup_cfg0]'&quot;,other,3
python,pypa-setuptools,setuptools.tests.test_easy_install.TestSetupRequires,test_setup_requires_override_nspkg[use_setup_cfg0],M,failed on setup with &quot;worker 'gw5' crashed while running 'setuptools/tests/test_easy_install.py::TestSetupRequires::test_setup_requires_override_nspkg[use_setup_cfg0]'&quot;,other,1
python,pypa-setuptools,setuptools.tests.test_easy_install.TestSetupRequires,test_setup_requires_override_nspkg[use_setup_cfg0],M,failed on setup with &quot;worker 'gw4' crashed while running 'setuptools/tests/test_easy_install.py::TestSetupRequires::test_setup_requires_override_nspkg[use_setup_cfg0]'&quot;,other,1
python,pypa-setuptools,setuptools.tests.test_easy_install.TestSetupRequires,test_setup_requires_override_nspkg[use_setup_cfg0],M,failed on setup with &quot;worker 'gw7' crashed while running 'setuptools/tests/test_easy_install.py::TestSetupRequires::test_setup_requires_override_nspkg[use_setup_cfg0]'&quot;,other,1
python,pypa-setuptools,setuptools.tests.test_easy_install.TestSetupRequires,test_setup_requires_override_nspkg[use_setup_cfg0],M,failed on setup with &quot;worker 'gw3' crashed while running 'setuptools/tests/test_easy_install.py::TestSetupRequires::test_setup_requires_override_nspkg[use_setup_cfg0]'&quot;,other,1
python,pypa-setuptools,setuptools.tests.test_easy_install.TestSetupRequires,test_setup_requires_override_nspkg[use_setup_cfg0],M,failed on setup with &quot;worker 'gw18' crashed while running 'setuptools/tests/test_easy_install.py::TestSetupRequires::test_setup_requires_override_nspkg[use_setup_cfg0]'&quot;,other,1
python,pypa-setuptools,setuptools.tests.test_easy_install.TestSetupRequires,test_setup_requires_override_nspkg[use_setup_cfg0],M,failed on setup with &quot;worker 'gw10' crashed while running 'setuptools/tests/test_easy_install.py::TestSetupRequires::test_setup_requires_override_nspkg[use_setup_cfg0]'&quot;,other,1
python,pypa-setuptools,setuptools.tests.test_easy_install.TestSetupRequires,test_setup_requires_override_nspkg[use_setup_cfg1],M,failed on setup with &quot;worker 'gw6' crashed while running 'setuptools/tests/test_easy_install.py::TestSetupRequires::test_setup_requires_override_nspkg[use_setup_cfg1]'&quot;,other,3
python,pypa-setuptools,setuptools.tests.test_easy_install.TestSetupRequires,test_setup_requires_override_nspkg[use_setup_cfg1],M,failed on setup with &quot;worker 'gw10' crashed while running 'setuptools/tests/test_easy_install.py::TestSetupRequires::test_setup_requires_override_nspkg[use_setup_cfg1]'&quot;,other,2
python,pypa-setuptools,setuptools.tests.test_easy_install.TestSetupRequires,test_setup_requires_override_nspkg[use_setup_cfg1],M,failed on setup with &quot;worker 'gw7' crashed while running 'setuptools/tests/test_easy_install.py::TestSetupRequires::test_setup_requires_override_nspkg[use_setup_cfg1]'&quot;,other,2
python,pypa-setuptools,setuptools.tests.test_easy_install.TestSetupRequires,test_setup_requires_override_nspkg[use_setup_cfg1],M,failed on setup with &quot;worker 'gw13' crashed while running 'setuptools/tests/test_easy_install.py::TestSetupRequires::test_setup_requires_override_nspkg[use_setup_cfg1]'&quot;,other,2
python,pypa-setuptools,setuptools.tests.test_easy_install.TestSetupRequires,test_setup_requires_override_nspkg[use_setup_cfg1],M,failed on setup with &quot;worker 'gw12' crashed while running 'setuptools/tests/test_easy_install.py::TestSetupRequires::test_setup_requires_override_nspkg[use_setup_cfg1]'&quot;,other,2
python,pypa-setuptools,setuptools.tests.test_easy_install.TestSetupRequires,test_setup_requires_override_nspkg[use_setup_cfg1],M,failed on setup with &quot;worker 'gw11' crashed while running 'setuptools/tests/test_easy_install.py::TestSetupRequires::test_setup_requires_override_nspkg[use_setup_cfg1]'&quot;,other,1
python,pypa-setuptools,setuptools.tests.test_easy_install.TestSetupRequires,test_setup_requires_override_nspkg[use_setup_cfg1],M,failed on setup with &quot;worker 'gw5' crashed while running 'setuptools/tests/test_easy_install.py::TestSetupRequires::test_setup_requires_override_nspkg[use_setup_cfg1]'&quot;,other,1
python,pypa-setuptools,setuptools.tests.test_easy_install.TestSetupRequires,test_setup_requires_override_nspkg[use_setup_cfg1],M,failed on setup with &quot;worker 'gw1' crashed while running 'setuptools/tests/test_easy_install.py::TestSetupRequires::test_setup_requires_override_nspkg[use_setup_cfg1]'&quot;,other,1
python,pypa-setuptools,setuptools.tests.test_easy_install.TestSetupRequires,test_setup_requires_override_nspkg[use_setup_cfg1],M,failed on setup with &quot;worker 'gw8' crashed while running 'setuptools/tests/test_easy_install.py::TestSetupRequires::test_setup_requires_override_nspkg[use_setup_cfg1]'&quot;,other,1
python,pypa-setuptools,setuptools.tests.test_easy_install.TestSetupRequires,test_setup_requires_override_nspkg[use_setup_cfg2],M,failed on setup with &quot;worker 'gw7' crashed while running 'setuptools/tests/test_easy_install.py::TestSetupRequires::test_setup_requires_override_nspkg[use_setup_cfg2]'&quot;,other,4
python,pypa-setuptools,setuptools.tests.test_easy_install.TestSetupRequires,test_setup_requires_override_nspkg[use_setup_cfg2],M,failed on setup with &quot;worker 'gw11' crashed while running 'setuptools/tests/test_easy_install.py::TestSetupRequires::test_setup_requires_override_nspkg[use_setup_cfg2]'&quot;,other,1
python,pypa-setuptools,setuptools.tests.test_easy_install.TestSetupRequires,test_setup_requires_override_nspkg[use_setup_cfg2],M,failed on setup with &quot;worker 'gw13' crashed while running 'setuptools/tests/test_easy_install.py::TestSetupRequires::test_setup_requires_override_nspkg[use_setup_cfg2]'&quot;,other,1
python,pypa-setuptools,setuptools.tests.test_easy_install.TestSetupRequires,test_setup_requires_override_nspkg[use_setup_cfg2],M,failed on setup with &quot;worker 'gw9' crashed while running 'setuptools/tests/test_easy_install.py::TestSetupRequires::test_setup_requires_override_nspkg[use_setup_cfg2]'&quot;,other,1
python,pypa-setuptools,setuptools.tests.test_easy_install.TestSetupRequires,test_setup_requires_override_nspkg[use_setup_cfg2],M,failed on setup with &quot;worker 'gw8' crashed while running 'setuptools/tests/test_easy_install.py::TestSetupRequires::test_setup_requires_override_nspkg[use_setup_cfg2]'&quot;,other,1
python,pypa-setuptools,setuptools.tests.test_easy_install.TestSetupRequires,test_setup_requires_override_nspkg[use_setup_cfg2],M,failed on setup with &quot;worker 'gw6' crashed while running 'setuptools/tests/test_easy_install.py::TestSetupRequires::test_setup_requires_override_nspkg[use_setup_cfg2]'&quot;,other,1
python,pypa-setuptools,setuptools.tests.test_easy_install.TestSetupRequires,test_setup_requires_override_nspkg[use_setup_cfg2],M,failed on setup with &quot;worker 'gw12' crashed while running 'setuptools/tests/test_easy_install.py::TestSetupRequires::test_setup_requires_override_nspkg[use_setup_cfg2]'&quot;,other,1
python,pypa-setuptools,setuptools.tests.test_easy_install.TestSetupRequires,test_setup_requires_override_nspkg[use_setup_cfg3],M,failed on setup with &quot;worker 'gw13' crashed while running 'setuptools/tests/test_easy_install.py::TestSetupRequires::test_setup_requires_override_nspkg[use_setup_cfg3]'&quot;,other,2
python,pypa-setuptools,setuptools.tests.test_easy_install.TestSetupRequires,test_setup_requires_override_nspkg[use_setup_cfg3],M,failed on setup with &quot;worker 'gw9' crashed while running 'setuptools/tests/test_easy_install.py::TestSetupRequires::test_setup_requires_override_nspkg[use_setup_cfg3]'&quot;,other,2
python,pypa-setuptools,setuptools.tests.test_easy_install.TestSetupRequires,test_setup_requires_override_nspkg[use_setup_cfg3],M,failed on setup with &quot;worker 'gw8' crashed while running 'setuptools/tests/test_easy_install.py::TestSetupRequires::test_setup_requires_override_nspkg[use_setup_cfg3]'&quot;,other,2
python,pypa-setuptools,setuptools.tests.test_easy_install.TestSetupRequires,test_setup_requires_override_nspkg[use_setup_cfg3],M,failed on setup with &quot;worker 'gw12' crashed while running 'setuptools/tests/test_easy_install.py::TestSetupRequires::test_setup_requires_override_nspkg[use_setup_cfg3]'&quot;,other,2
python,pypa-setuptools,setuptools.tests.test_easy_install.TestSetupRequires,test_setup_requires_override_nspkg[use_setup_cfg3],M,failed on setup with &quot;worker 'gw6' crashed while running 'setuptools/tests/test_easy_install.py::TestSetupRequires::test_setup_requires_override_nspkg[use_setup_cfg3]'&quot;,other,1
python,pypa-setuptools,setuptools.tests.test_easy_install.TestSetupRequires,test_setup_requires_override_nspkg[use_setup_cfg3],M,failed on setup with &quot;worker 'gw10' crashed while running 'setuptools/tests/test_easy_install.py::TestSetupRequires::test_setup_requires_override_nspkg[use_setup_cfg3]'&quot;,other,1
python,pypa-setuptools,setuptools.tests.test_easy_install.TestSetupRequires,test_setup_requires_overrides_version_conflict[use_setup_cfg0],M,failed on setup with &quot;worker 'gw1' crashed while running 'setuptools/tests/test_easy_install.py::TestSetupRequires::test_setup_requires_overrides_version_conflict[use_setup_cfg0]'&quot;,other,2
python,pypa-setuptools,setuptools.tests.test_easy_install.TestSetupRequires,test_setup_requires_overrides_version_conflict[use_setup_cfg0],M,failed on setup with &quot;worker 'gw5' crashed while running 'setuptools/tests/test_easy_install.py::TestSetupRequires::test_setup_requires_overrides_version_conflict[use_setup_cfg0]'&quot;,other,1
python,pypa-setuptools,setuptools.tests.test_easy_install.TestSetupRequires,test_setup_requires_overrides_version_conflict[use_setup_cfg0],M,failed on setup with &quot;worker 'gw4' crashed while running 'setuptools/tests/test_easy_install.py::TestSetupRequires::test_setup_requires_overrides_version_conflict[use_setup_cfg0]'&quot;,other,1
python,pypa-setuptools,setuptools.tests.test_easy_install.TestSetupRequires,test_setup_requires_overrides_version_conflict[use_setup_cfg0],M,failed on setup with &quot;worker 'gw11' crashed while running 'setuptools/tests/test_easy_install.py::TestSetupRequires::test_setup_requires_overrides_version_conflict[use_setup_cfg0]'&quot;,other,1
python,pypa-setuptools,setuptools.tests.test_easy_install.TestSetupRequires,test_setup_requires_overrides_version_conflict[use_setup_cfg0],M,failed on setup with &quot;worker 'gw0' crashed while running 'setuptools/tests/test_easy_install.py::TestSetupRequires::test_setup_requires_overrides_version_conflict[use_setup_cfg0]'&quot;,other,1
python,pypa-setuptools,setuptools.tests.test_easy_install.TestSetupRequires,test_setup_requires_overrides_version_conflict[use_setup_cfg0],M,failed on setup with &quot;worker 'gw10' crashed while running 'setuptools/tests/test_easy_install.py::TestSetupRequires::test_setup_requires_overrides_version_conflict[use_setup_cfg0]'&quot;,other,1
python,pypa-setuptools,setuptools.tests.test_easy_install.TestSetupRequires,test_setup_requires_overrides_version_conflict[use_setup_cfg1],M,failed on setup with &quot;worker 'gw8' crashed while running 'setuptools/tests/test_easy_install.py::TestSetupRequires::test_setup_requires_overrides_version_conflict[use_setup_cfg1]'&quot;,other,2
python,pypa-setuptools,setuptools.tests.test_easy_install.TestSetupRequires,test_setup_requires_overrides_version_conflict[use_setup_cfg1],M,failed on setup with &quot;worker 'gw15' crashed while running 'setuptools/tests/test_easy_install.py::TestSetupRequires::test_setup_requires_overrides_version_conflict[use_setup_cfg1]'&quot;,other,2
python,pypa-setuptools,setuptools.tests.test_easy_install.TestSetupRequires,test_setup_requires_overrides_version_conflict[use_setup_cfg1],M,failed on setup with &quot;worker 'gw5' crashed while running 'setuptools/tests/test_easy_install.py::TestSetupRequires::test_setup_requires_overrides_version_conflict[use_setup_cfg1]'&quot;,other,2
python,pypa-setuptools,setuptools.tests.test_easy_install.TestSetupRequires,test_setup_requires_overrides_version_conflict[use_setup_cfg1],M,failed on setup with &quot;worker 'gw7' crashed while running 'setuptools/tests/test_easy_install.py::TestSetupRequires::test_setup_requires_overrides_version_conflict[use_setup_cfg1]'&quot;,other,1
python,pypa-setuptools,setuptools.tests.test_easy_install.TestSetupRequires,test_setup_requires_overrides_version_conflict[use_setup_cfg1],M,failed on setup with &quot;worker 'gw4' crashed while running 'setuptools/tests/test_easy_install.py::TestSetupRequires::test_setup_requires_overrides_version_conflict[use_setup_cfg1]'&quot;,other,1
python,pypa-setuptools,setuptools.tests.test_easy_install.TestSetupRequires,test_setup_requires_overrides_version_conflict[use_setup_cfg1],M,failed on setup with &quot;worker 'gw1' crashed while running 'setuptools/tests/test_easy_install.py::TestSetupRequires::test_setup_requires_overrides_version_conflict[use_setup_cfg1]'&quot;,other,1
python,pypa-setuptools,setuptools.tests.test_easy_install.TestSetupRequires,test_setup_requires_overrides_version_conflict[use_setup_cfg1],M,failed on setup with &quot;worker 'gw0' crashed while running 'setuptools/tests/test_easy_install.py::TestSetupRequires::test_setup_requires_overrides_version_conflict[use_setup_cfg1]'&quot;,other,1
python,pypa-setuptools,setuptools.tests.test_easy_install.TestSetupRequires,test_setup_requires_overrides_version_conflict[use_setup_cfg2],M,failed on setup with &quot;worker 'gw1' crashed while running 'setuptools/tests/test_easy_install.py::TestSetupRequires::test_setup_requires_overrides_version_conflict[use_setup_cfg2]'&quot;,other,3
python,pypa-setuptools,setuptools.tests.test_easy_install.TestSetupRequires,test_setup_requires_overrides_version_conflict[use_setup_cfg2],M,failed on setup with &quot;worker 'gw14' crashed while running 'setuptools/tests/test_easy_install.py::TestSetupRequires::test_setup_requires_overrides_version_conflict[use_setup_cfg2]'&quot;,other,1
python,pypa-setuptools,setuptools.tests.test_easy_install.TestSetupRequires,test_setup_requires_overrides_version_conflict[use_setup_cfg2],M,failed on setup with &quot;worker 'gw5' crashed while running 'setuptools/tests/test_easy_install.py::TestSetupRequires::test_setup_requires_overrides_version_conflict[use_setup_cfg2]'&quot;,other,1
python,pypa-setuptools,setuptools.tests.test_easy_install.TestSetupRequires,test_setup_requires_overrides_version_conflict[use_setup_cfg2],M,failed on setup with &quot;worker 'gw6' crashed while running 'setuptools/tests/test_easy_install.py::TestSetupRequires::test_setup_requires_overrides_version_conflict[use_setup_cfg2]'&quot;,other,1
python,pypa-setuptools,setuptools.tests.test_easy_install.TestSetupRequires,test_setup_requires_overrides_version_conflict[use_setup_cfg2],M,failed on setup with &quot;worker 'gw3' crashed while running 'setuptools/tests/test_easy_install.py::TestSetupRequires::test_setup_requires_overrides_version_conflict[use_setup_cfg2]'&quot;,other,1
python,pypa-setuptools,setuptools.tests.test_easy_install.TestSetupRequires,test_setup_requires_overrides_version_conflict[use_setup_cfg2],M,failed on setup with &quot;worker 'gw12' crashed while running 'setuptools/tests/test_easy_install.py::TestSetupRequires::test_setup_requires_overrides_version_conflict[use_setup_cfg2]'&quot;,other,1
python,pypa-setuptools,setuptools.tests.test_easy_install.TestSetupRequires,test_setup_requires_overrides_version_conflict[use_setup_cfg2],M,failed on setup with &quot;worker 'gw9' crashed while running 'setuptools/tests/test_easy_install.py::TestSetupRequires::test_setup_requires_overrides_version_conflict[use_setup_cfg2]'&quot;,other,1
python,pypa-setuptools,setuptools.tests.test_easy_install.TestSetupRequires,test_setup_requires_overrides_version_conflict[use_setup_cfg3],M,failed on setup with &quot;worker 'gw9' crashed while running 'setuptools/tests/test_easy_install.py::TestSetupRequires::test_setup_requires_overrides_version_conflict[use_setup_cfg3]'&quot;,other,3
python,pypa-setuptools,setuptools.tests.test_easy_install.TestSetupRequires,test_setup_requires_overrides_version_conflict[use_setup_cfg3],M,failed on setup with &quot;worker 'gw2' crashed while running 'setuptools/tests/test_easy_install.py::TestSetupRequires::test_setup_requires_overrides_version_conflict[use_setup_cfg3]'&quot;,other,1
python,pypa-setuptools,setuptools.tests.test_easy_install.TestSetupRequires,test_setup_requires_overrides_version_conflict[use_setup_cfg3],M,failed on setup with &quot;worker 'gw3' crashed while running 'setuptools/tests/test_easy_install.py::TestSetupRequires::test_setup_requires_overrides_version_conflict[use_setup_cfg3]'&quot;,other,1
python,pypa-setuptools,setuptools.tests.test_easy_install.TestSetupRequires,test_setup_requires_overrides_version_conflict[use_setup_cfg3],M,failed on setup with &quot;worker 'gw13' crashed while running 'setuptools/tests/test_easy_install.py::TestSetupRequires::test_setup_requires_overrides_version_conflict[use_setup_cfg3]'&quot;,other,1
python,pypa-setuptools,setuptools.tests.test_easy_install.TestSetupRequires,test_setup_requires_overrides_version_conflict[use_setup_cfg3],M,failed on setup with &quot;worker 'gw7' crashed while running 'setuptools/tests/test_easy_install.py::TestSetupRequires::test_setup_requires_overrides_version_conflict[use_setup_cfg3]'&quot;,other,1
python,pypa-setuptools,setuptools.tests.test_easy_install.TestSetupRequires,test_setup_requires_overrides_version_conflict[use_setup_cfg3],M,failed on setup with &quot;worker 'gw6' crashed while running 'setuptools/tests/test_easy_install.py::TestSetupRequires::test_setup_requires_overrides_version_conflict[use_setup_cfg3]'&quot;,other,1
python,pypa-setuptools,setuptools.tests.test_easy_install.TestSetupRequires,test_setup_requires_with_attr_version[use_setup_cfg0],M,failed on setup with &quot;worker 'gw6' crashed while running 'setuptools/tests/test_easy_install.py::TestSetupRequires::test_setup_requires_with_attr_version[use_setup_cfg0]'&quot;,other,2
python,pypa-setuptools,setuptools.tests.test_easy_install.TestSetupRequires,test_setup_requires_with_attr_version[use_setup_cfg0],M,failed on setup with &quot;worker 'gw9' crashed while running 'setuptools/tests/test_easy_install.py::TestSetupRequires::test_setup_requires_with_attr_version[use_setup_cfg0]'&quot;,other,1
python,pypa-setuptools,setuptools.tests.test_easy_install.TestSetupRequires,test_setup_requires_with_attr_version[use_setup_cfg0],M,failed on setup with &quot;worker 'gw11' crashed while running 'setuptools/tests/test_easy_install.py::TestSetupRequires::test_setup_requires_with_attr_version[use_setup_cfg0]'&quot;,other,1
python,pypa-setuptools,setuptools.tests.test_easy_install.TestSetupRequires,test_setup_requires_with_attr_version[use_setup_cfg0],M,failed on setup with &quot;worker 'gw7' crashed while running 'setuptools/tests/test_easy_install.py::TestSetupRequires::test_setup_requires_with_attr_version[use_setup_cfg0]'&quot;,other,1
python,pypa-setuptools,setuptools.tests.test_easy_install.TestSetupRequires,test_setup_requires_with_attr_version[use_setup_cfg0],M,failed on setup with &quot;worker 'gw12' crashed while running 'setuptools/tests/test_easy_install.py::TestSetupRequires::test_setup_requires_with_attr_version[use_setup_cfg0]'&quot;,other,1
python,pypa-setuptools,setuptools.tests.test_easy_install.TestSetupRequires,test_setup_requires_with_attr_version[use_setup_cfg0],M,failed on setup with &quot;worker 'gw8' crashed while running 'setuptools/tests/test_easy_install.py::TestSetupRequires::test_setup_requires_with_attr_version[use_setup_cfg0]'&quot;,other,1
python,pypa-setuptools,setuptools.tests.test_easy_install.TestSetupRequires,test_setup_requires_with_attr_version[use_setup_cfg1],M,failed on setup with &quot;worker 'gw12' crashed while running 'setuptools/tests/test_easy_install.py::TestSetupRequires::test_setup_requires_with_attr_version[use_setup_cfg1]'&quot;,other,2
python,pypa-setuptools,setuptools.tests.test_easy_install.TestSetupRequires,test_setup_requires_with_attr_version[use_setup_cfg1],M,failed on setup with &quot;worker 'gw14' crashed while running 'setuptools/tests/test_easy_install.py::TestSetupRequires::test_setup_requires_with_attr_version[use_setup_cfg1]'&quot;,other,2
python,pypa-setuptools,setuptools.tests.test_easy_install.TestSetupRequires,test_setup_requires_with_attr_version[use_setup_cfg1],M,failed on setup with &quot;worker 'gw10' crashed while running 'setuptools/tests/test_easy_install.py::TestSetupRequires::test_setup_requires_with_attr_version[use_setup_cfg1]'&quot;,other,2
python,pypa-setuptools,setuptools.tests.test_easy_install.TestSetupRequires,test_setup_requires_with_attr_version[use_setup_cfg1],M,failed on setup with &quot;worker 'gw0' crashed while running 'setuptools/tests/test_easy_install.py::TestSetupRequires::test_setup_requires_with_attr_version[use_setup_cfg1]'&quot;,other,2
python,pypa-setuptools,setuptools.tests.test_easy_install.TestSetupRequires,test_setup_requires_with_attr_version[use_setup_cfg1],M,failed on setup with &quot;worker 'gw13' crashed while running 'setuptools/tests/test_easy_install.py::TestSetupRequires::test_setup_requires_with_attr_version[use_setup_cfg1]'&quot;,other,2
python,pypa-setuptools,setuptools.tests.test_easy_install.TestSetupRequires,test_setup_requires_with_attr_version[use_setup_cfg1],M,failed on setup with &quot;worker 'gw6' crashed while running 'setuptools/tests/test_easy_install.py::TestSetupRequires::test_setup_requires_with_attr_version[use_setup_cfg1]'&quot;,other,1
python,pypa-setuptools,setuptools.tests.test_easy_install.TestSetupRequires,test_setup_requires_with_attr_version[use_setup_cfg2],M,failed on setup with &quot;worker 'gw16' crashed while running 'setuptools/tests/test_easy_install.py::TestSetupRequires::test_setup_requires_with_attr_version[use_setup_cfg2]'&quot;,other,2
python,pypa-setuptools,setuptools.tests.test_easy_install.TestSetupRequires,test_setup_requires_with_attr_version[use_setup_cfg2],M,failed on setup with &quot;worker 'gw12' crashed while running 'setuptools/tests/test_easy_install.py::TestSetupRequires::test_setup_requires_with_attr_version[use_setup_cfg2]'&quot;,other,1
python,pypa-setuptools,setuptools.tests.test_easy_install.TestSetupRequires,test_setup_requires_with_attr_version[use_setup_cfg2],M,failed on setup with &quot;worker 'gw13' crashed while running 'setuptools/tests/test_easy_install.py::TestSetupRequires::test_setup_requires_with_attr_version[use_setup_cfg2]'&quot;,other,1
python,pypa-setuptools,setuptools.tests.test_easy_install.TestSetupRequires,test_setup_requires_with_attr_version[use_setup_cfg2],M,failed on setup with &quot;worker 'gw11' crashed while running 'setuptools/tests/test_easy_install.py::TestSetupRequires::test_setup_requires_with_attr_version[use_setup_cfg2]'&quot;,other,1
python,pypa-setuptools,setuptools.tests.test_easy_install.TestSetupRequires,test_setup_requires_with_attr_version[use_setup_cfg2],M,failed on setup with &quot;worker 'gw7' crashed while running 'setuptools/tests/test_easy_install.py::TestSetupRequires::test_setup_requires_with_attr_version[use_setup_cfg2]'&quot;,other,1
python,pypa-setuptools,setuptools.tests.test_easy_install.TestSetupRequires,test_setup_requires_with_attr_version[use_setup_cfg2],M,failed on setup with &quot;worker 'gw4' crashed while running 'setuptools/tests/test_easy_install.py::TestSetupRequires::test_setup_requires_with_attr_version[use_setup_cfg2]'&quot;,other,1
python,pypa-setuptools,setuptools.tests.test_easy_install.TestSetupRequires,test_setup_requires_with_attr_version[use_setup_cfg2],M,failed on setup with &quot;worker 'gw2' crashed while running 'setuptools/tests/test_easy_install.py::TestSetupRequires::test_setup_requires_with_attr_version[use_setup_cfg2]'&quot;,other,1
python,pypa-setuptools,setuptools.tests.test_easy_install.TestSetupRequires,test_setup_requires_with_attr_version[use_setup_cfg3],M,failed on setup with &quot;worker 'gw13' crashed while running 'setuptools/tests/test_easy_install.py::TestSetupRequires::test_setup_requires_with_attr_version[use_setup_cfg3]'&quot;,other,2
python,pypa-setuptools,setuptools.tests.test_easy_install.TestSetupRequires,test_setup_requires_with_attr_version[use_setup_cfg3],M,failed on setup with &quot;worker 'gw8' crashed while running 'setuptools/tests/test_easy_install.py::TestSetupRequires::test_setup_requires_with_attr_version[use_setup_cfg3]'&quot;,other,1
python,pypa-setuptools,setuptools.tests.test_easy_install.TestSetupRequires,test_setup_requires_with_attr_version[use_setup_cfg3],M,failed on setup with &quot;worker 'gw4' crashed while running 'setuptools/tests/test_easy_install.py::TestSetupRequires::test_setup_requires_with_attr_version[use_setup_cfg3]'&quot;,other,1
python,pypa-setuptools,setuptools.tests.test_easy_install.TestSetupRequires,test_setup_requires_with_attr_version[use_setup_cfg3],M,failed on setup with &quot;worker 'gw7' crashed while running 'setuptools/tests/test_easy_install.py::TestSetupRequires::test_setup_requires_with_attr_version[use_setup_cfg3]'&quot;,other,1
python,pypa-setuptools,setuptools.tests.test_easy_install.TestSetupRequires,test_setup_requires_with_attr_version[use_setup_cfg3],M,failed on setup with &quot;worker 'gw6' crashed while running 'setuptools/tests/test_easy_install.py::TestSetupRequires::test_setup_requires_with_attr_version[use_setup_cfg3]'&quot;,other,1
python,pypa-setuptools,setuptools.tests.test_easy_install.TestSetupRequires,test_setup_requires_with_attr_version[use_setup_cfg3],M,failed on setup with &quot;worker 'gw10' crashed while running 'setuptools/tests/test_easy_install.py::TestSetupRequires::test_setup_requires_with_attr_version[use_setup_cfg3]'&quot;,other,1
python,pypa-setuptools,setuptools.tests.test_easy_install.TestSetupRequires,test_setup_requires_with_attr_version[use_setup_cfg3],M,failed on setup with &quot;worker 'gw14' crashed while running 'setuptools/tests/test_easy_install.py::TestSetupRequires::test_setup_requires_with_attr_version[use_setup_cfg3]'&quot;,other,1
python,pypa-setuptools,setuptools.tests.test_easy_install.TestSetupRequires,test_setup_requires_with_distutils_command_dep,M,failed on setup with &quot;worker 'gw3' crashed while running 'setuptools/tests/test_easy_install.py::TestSetupRequires::test_setup_requires_with_distutils_command_dep'&quot;,other,3
python,pypa-setuptools,setuptools.tests.test_easy_install.TestSetupRequires,test_setup_requires_with_distutils_command_dep,M,failed on setup with &quot;worker 'gw10' crashed while running 'setuptools/tests/test_easy_install.py::TestSetupRequires::test_setup_requires_with_distutils_command_dep'&quot;,other,2
python,pypa-setuptools,setuptools.tests.test_easy_install.TestSetupRequires,test_setup_requires_with_distutils_command_dep,M,failed on setup with &quot;worker 'gw7' crashed while running 'setuptools/tests/test_easy_install.py::TestSetupRequires::test_setup_requires_with_distutils_command_dep'&quot;,other,2
python,pypa-setuptools,setuptools.tests.test_easy_install.TestSetupRequires,test_setup_requires_with_distutils_command_dep,M,failed on setup with &quot;worker 'gw5' crashed while running 'setuptools/tests/test_easy_install.py::TestSetupRequires::test_setup_requires_with_distutils_command_dep'&quot;,other,2
python,pypa-setuptools,setuptools.tests.test_easy_install.TestSetupRequires,test_setup_requires_with_distutils_command_dep,M,failed on setup with &quot;worker 'gw12' crashed while running 'setuptools/tests/test_easy_install.py::TestSetupRequires::test_setup_requires_with_distutils_command_dep'&quot;,other,2
python,pypa-setuptools,setuptools.tests.test_easy_install.TestSetupRequires,test_setup_requires_with_distutils_command_dep,M,failed on setup with &quot;worker 'gw6' crashed while running 'setuptools/tests/test_easy_install.py::TestSetupRequires::test_setup_requires_with_distutils_command_dep'&quot;,other,2
python,pypa-setuptools,setuptools.tests.test_easy_install.TestSetupRequires,test_setup_requires_with_distutils_command_dep,M,failed on setup with &quot;worker 'gw15' crashed while running 'setuptools/tests/test_easy_install.py::TestSetupRequires::test_setup_requires_with_distutils_command_dep'&quot;,other,2
python,pypa-setuptools,setuptools.tests.test_easy_install.TestSetupRequires,test_setup_requires_with_distutils_command_dep,M,failed on setup with &quot;worker 'gw0' crashed while running 'setuptools/tests/test_easy_install.py::TestSetupRequires::test_setup_requires_with_distutils_command_dep'&quot;,other,1
python,pypa-setuptools,setuptools.tests.test_easy_install.TestSetupRequires,test_setup_requires_with_distutils_command_dep,M,failed on setup with &quot;worker 'gw9' crashed while running 'setuptools/tests/test_easy_install.py::TestSetupRequires::test_setup_requires_with_distutils_command_dep'&quot;,other,1
python,pypa-setuptools,setuptools.tests.test_easy_install.TestSetupRequires,test_setup_requires_with_distutils_command_dep,M,failed on setup with &quot;worker 'gw4' crashed while running 'setuptools/tests/test_easy_install.py::TestSetupRequires::test_setup_requires_with_distutils_command_dep'&quot;,other,1
python,pypa-setuptools,setuptools.tests.test_easy_install.TestSetupRequires,test_setup_requires_with_find_links_in_setup_cfg[False],M,failed on setup with &quot;worker 'gw0' crashed while running 'setuptools/tests/test_easy_install.py::TestSetupRequires::test_setup_requires_with_find_links_in_setup_cfg[False]'&quot;,other,3
python,pypa-setuptools,setuptools.tests.test_easy_install.TestSetupRequires,test_setup_requires_with_find_links_in_setup_cfg[False],M,failed on setup with &quot;worker 'gw10' crashed while running 'setuptools/tests/test_easy_install.py::TestSetupRequires::test_setup_requires_with_find_links_in_setup_cfg[False]'&quot;,other,2
python,pypa-setuptools,setuptools.tests.test_easy_install.TestSetupRequires,test_setup_requires_with_find_links_in_setup_cfg[False],M,failed on setup with &quot;worker 'gw7' crashed while running 'setuptools/tests/test_easy_install.py::TestSetupRequires::test_setup_requires_with_find_links_in_setup_cfg[False]'&quot;,other,1
python,pypa-setuptools,setuptools.tests.test_easy_install.TestSetupRequires,test_setup_requires_with_find_links_in_setup_cfg[False],M,failed on setup with &quot;worker 'gw12' crashed while running 'setuptools/tests/test_easy_install.py::TestSetupRequires::test_setup_requires_with_find_links_in_setup_cfg[False]'&quot;,other,1
python,pypa-setuptools,setuptools.tests.test_easy_install.TestSetupRequires,test_setup_requires_with_find_links_in_setup_cfg[False],M,failed on setup with &quot;worker 'gw14' crashed while running 'setuptools/tests/test_easy_install.py::TestSetupRequires::test_setup_requires_with_find_links_in_setup_cfg[False]'&quot;,other,1
python,pypa-setuptools,setuptools.tests.test_easy_install.TestSetupRequires,test_setup_requires_with_find_links_in_setup_cfg[False],M,failed on setup with &quot;worker 'gw5' crashed while running 'setuptools/tests/test_easy_install.py::TestSetupRequires::test_setup_requires_with_find_links_in_setup_cfg[False]'&quot;,other,1
python,pypa-setuptools,setuptools.tests.test_easy_install.TestSetupRequires,test_setup_requires_with_find_links_in_setup_cfg[True],M,failed on setup with &quot;worker 'gw7' crashed while running 'setuptools/tests/test_easy_install.py::TestSetupRequires::test_setup_requires_with_find_links_in_setup_cfg[True]'&quot;,other,1
python,pypa-setuptools,setuptools.tests.test_easy_install.TestSetupRequires,test_setup_requires_with_find_links_in_setup_cfg[True],M,failed on setup with &quot;worker 'gw0' crashed while running 'setuptools/tests/test_easy_install.py::TestSetupRequires::test_setup_requires_with_find_links_in_setup_cfg[True]'&quot;,other,1
python,pypa-setuptools,setuptools.tests.test_easy_install.TestSetupRequires,test_setup_requires_with_find_links_in_setup_cfg[True],M,failed on setup with &quot;worker 'gw14' crashed while running 'setuptools/tests/test_easy_install.py::TestSetupRequires::test_setup_requires_with_find_links_in_setup_cfg[True]'&quot;,other,1
python,pypa-setuptools,setuptools.tests.test_easy_install.TestSetupRequires,test_setup_requires_with_find_links_in_setup_cfg[True],M,failed on setup with &quot;worker 'gw11' crashed while running 'setuptools/tests/test_easy_install.py::TestSetupRequires::test_setup_requires_with_find_links_in_setup_cfg[True]'&quot;,other,1
python,pypa-setuptools,setuptools.tests.test_easy_install.TestSetupRequires,test_setup_requires_with_pep508_url,M,failed on setup with &quot;worker 'gw12' crashed while running 'setuptools/tests/test_easy_install.py::TestSetupRequires::test_setup_requires_with_pep508_url'&quot;,other,3
python,pypa-setuptools,setuptools.tests.test_easy_install.TestSetupRequires,test_setup_requires_with_pep508_url,M,failed on setup with &quot;worker 'gw10' crashed while running 'setuptools/tests/test_easy_install.py::TestSetupRequires::test_setup_requires_with_pep508_url'&quot;,other,2
python,pypa-setuptools,setuptools.tests.test_easy_install.TestSetupRequires,test_setup_requires_with_pep508_url,M,failed on setup with &quot;worker 'gw11' crashed while running 'setuptools/tests/test_easy_install.py::TestSetupRequires::test_setup_requires_with_pep508_url'&quot;,other,1
python,pypa-setuptools,setuptools.tests.test_easy_install.TestSetupRequires,test_setup_requires_with_pep508_url,M,failed on setup with &quot;worker 'gw6' crashed while running 'setuptools/tests/test_easy_install.py::TestSetupRequires::test_setup_requires_with_pep508_url'&quot;,other,1
python,pypa-setuptools,setuptools.tests.test_easy_install.TestSetupRequires,test_setup_requires_with_python_requires,M,failed on setup with &quot;worker 'gw9' crashed while running 'setuptools/tests/test_easy_install.py::TestSetupRequires::test_setup_requires_with_python_requires'&quot;,other,3
python,pypa-setuptools,setuptools.tests.test_easy_install.TestSetupRequires,test_setup_requires_with_python_requires,M,failed on setup with &quot;worker 'gw7' crashed while running 'setuptools/tests/test_easy_install.py::TestSetupRequires::test_setup_requires_with_python_requires'&quot;,other,1
python,pypa-setuptools,setuptools.tests.test_easy_install.TestSetupRequires,test_setup_requires_with_python_requires,M,failed on setup with &quot;worker 'gw12' crashed while running 'setuptools/tests/test_easy_install.py::TestSetupRequires::test_setup_requires_with_python_requires'&quot;,other,1
python,pypa-setuptools,setuptools.tests.test_easy_install.TestSetupRequires,test_setup_requires_with_python_requires,M,failed on setup with &quot;worker 'gw14' crashed while running 'setuptools/tests/test_easy_install.py::TestSetupRequires::test_setup_requires_with_python_requires'&quot;,other,1
python,pypa-setuptools,setuptools.tests.test_easy_install.TestSetupRequires,test_setup_requires_with_transitive_extra_dependency,M,failed on setup with &quot;worker 'gw0' crashed while running 'setuptools/tests/test_easy_install.py::TestSetupRequires::test_setup_requires_with_transitive_extra_dependency'&quot;,other,5
python,pypa-setuptools,setuptools.tests.test_easy_install.TestSetupRequires,test_setup_requires_with_transitive_extra_dependency,M,failed on setup with &quot;worker 'gw8' crashed while running 'setuptools/tests/test_easy_install.py::TestSetupRequires::test_setup_requires_with_transitive_extra_dependency'&quot;,other,2
python,pypa-setuptools,setuptools.tests.test_easy_install.TestSetupRequires,test_setup_requires_with_transitive_extra_dependency,M,failed on setup with &quot;worker 'gw10' crashed while running 'setuptools/tests/test_easy_install.py::TestSetupRequires::test_setup_requires_with_transitive_extra_dependency'&quot;,other,2
python,pypa-setuptools,setuptools.tests.test_easy_install.TestSetupRequires,test_setup_requires_with_transitive_extra_dependency,M,failed on setup with &quot;worker 'gw6' crashed while running 'setuptools/tests/test_easy_install.py::TestSetupRequires::test_setup_requires_with_transitive_extra_dependency'&quot;,other,2
python,pypa-setuptools,setuptools.tests.test_easy_install.TestSetupRequires,test_setup_requires_with_transitive_extra_dependency,M,failed on setup with &quot;worker 'gw12' crashed while running 'setuptools/tests/test_easy_install.py::TestSetupRequires::test_setup_requires_with_transitive_extra_dependency'&quot;,other,1
python,pypa-setuptools,setuptools.tests.test_easy_install.TestSetupRequires,test_setup_requires_with_transitive_extra_dependency,M,failed on setup with &quot;worker 'gw9' crashed while running 'setuptools/tests/test_easy_install.py::TestSetupRequires::test_setup_requires_with_transitive_extra_dependency'&quot;,other,1
python,pypa-setuptools,setuptools.tests.test_easy_install.TestSetupRequires,test_setup_requires_with_transitive_extra_dependency,M,failed on setup with &quot;worker 'gw7' crashed while running 'setuptools/tests/test_easy_install.py::TestSetupRequires::test_setup_requires_with_transitive_extra_dependency'&quot;,other,1
python,pypa-setuptools,setuptools.tests.test_easy_install.TestSetupRequires,test_setup_requires_with_transitive_extra_dependency,M,failed on setup with &quot;worker 'gw11' crashed while running 'setuptools/tests/test_easy_install.py::TestSetupRequires::test_setup_requires_with_transitive_extra_dependency'&quot;,other,1
python,pypa-setuptools,setuptools.tests.test_easy_install.TestSetupRequires,test_setup_requires_with_transitive_extra_dependency,M,failed on setup with &quot;worker 'gw16' crashed while running 'setuptools/tests/test_easy_install.py::TestSetupRequires::test_setup_requires_with_transitive_extra_dependency'&quot;,other,1
python,pypa-setuptools,setuptools.tests.test_easy_install.TestSetupRequires,test_setup_requires_with_transitive_extra_dependency,M,failed on setup with &quot;worker 'gw1' crashed while running 'setuptools/tests/test_easy_install.py::TestSetupRequires::test_setup_requires_with_transitive_extra_dependency'&quot;,other,1
python,pypa-setuptools,setuptools.tests.test_easy_install.TestSetupRequires,test_setup_requires_with_transitive_extra_dependency,M,failed on setup with &quot;worker 'gw13' crashed while running 'setuptools/tests/test_easy_install.py::TestSetupRequires::test_setup_requires_with_transitive_extra_dependency'&quot;,other,1
python,pypa-setuptools,setuptools.tests.test_editable_install,test_compat_install,M,failed on setup with &quot;worker 'gw2' crashed while running 'setuptools/tests/test_editable_install.py::test_compat_install'&quot;,other,1
python,pypa-setuptools,setuptools.tests.test_editable_install,test_compat_install,N,"failed on setup with &quot;subprocess.CalledProcessError: Command '['/project_venv/flapy_virtual_env/bin/python', '-m', 'build', '--wheel', '--outdir', '/tmp/pytest-of-root/pytest-5/wheel_build', '/workdir/pypa-setuptools']' returned non-zero exit status 1.&quot;",other,1
python,pypa-setuptools,setuptools.tests.test_editable_install,test_editable_with_flat_layout[lenient],M,failed on setup with &quot;worker 'gw5' crashed while running 'setuptools/tests/test_editable_install.py::test_editable_with_flat_layout[lenient]'&quot;,other,2
python,pypa-setuptools,setuptools.tests.test_editable_install,test_editable_with_flat_layout[lenient],M,failed on setup with &quot;worker 'gw4' crashed while running 'setuptools/tests/test_editable_install.py::test_editable_with_flat_layout[lenient]'&quot;,other,1
python,pypa-setuptools,setuptools.tests.test_editable_install,test_editable_with_flat_layout[lenient],M,failed on setup with &quot;worker 'gw8' crashed while running 'setuptools/tests/test_editable_install.py::test_editable_with_flat_layout[lenient]'&quot;,other,1
python,pypa-setuptools,setuptools.tests.test_editable_install,test_editable_with_flat_layout[lenient],M,failed on setup with &quot;worker 'gw9' crashed while running 'setuptools/tests/test_editable_install.py::test_editable_with_flat_layout[lenient]'&quot;,other,1
python,pypa-setuptools,setuptools.tests.test_editable_install,test_editable_with_flat_layout[lenient],M,failed on setup with &quot;worker 'gw15' crashed while running 'setuptools/tests/test_editable_install.py::test_editable_with_flat_layout[lenient]'&quot;,other,1
python,pypa-setuptools,setuptools.tests.test_editable_install,test_editable_with_flat_layout[strict],M,failed on setup with &quot;worker 'gw7' crashed while running 'setuptools/tests/test_editable_install.py::test_editable_with_flat_layout[strict]'&quot;,other,2
python,pypa-setuptools,setuptools.tests.test_editable_install,test_editable_with_flat_layout[strict],M,failed on setup with &quot;worker 'gw8' crashed while running 'setuptools/tests/test_editable_install.py::test_editable_with_flat_layout[strict]'&quot;,other,1
python,pypa-setuptools,setuptools.tests.test_editable_install,test_editable_with_flat_layout[strict],M,failed on setup with &quot;worker 'gw2' crashed while running 'setuptools/tests/test_editable_install.py::test_editable_with_flat_layout[strict]'&quot;,other,1
python,pypa-setuptools,setuptools.tests.test_editable_install,test_editable_with_flat_layout[strict],M,failed on setup with &quot;worker 'gw5' crashed while running 'setuptools/tests/test_editable_install.py::test_editable_with_flat_layout[strict]'&quot;,other,1
python,pypa-setuptools,setuptools.tests.test_editable_install,test_editable_with_flat_layout[strict],M,failed on setup with &quot;worker 'gw13' crashed while running 'setuptools/tests/test_editable_install.py::test_editable_with_flat_layout[strict]'&quot;,other,1
python,pypa-setuptools,setuptools.tests.test_editable_install,test_editable_with_flat_layout[strict],M,failed on setup with &quot;worker 'gw0' crashed while running 'setuptools/tests/test_editable_install.py::test_editable_with_flat_layout[strict]'&quot;,other,1
python,pypa-setuptools,setuptools.tests.test_editable_install,test_editable_with_pyproject[lenient-files0],M,failed on setup with &quot;worker 'gw9' crashed while running 'setuptools/tests/test_editable_install.py::test_editable_with_pyproject[lenient-files0]'&quot;,other,2
python,pypa-setuptools,setuptools.tests.test_editable_install,test_editable_with_pyproject[lenient-files0],M,failed on setup with &quot;worker 'gw4' crashed while running 'setuptools/tests/test_editable_install.py::test_editable_with_pyproject[lenient-files0]'&quot;,other,1
python,pypa-setuptools,setuptools.tests.test_editable_install,test_editable_with_pyproject[lenient-files0],N,AssertionError: assert b'3.14159.post0 foobar' == b'3.14159.post0 foobar 42'&#10;  Full diff:&#10;  - b'3.14159.post0 foobar 42'&#10;  ?                       ---&#10;  + b'3.14159.post0 foobar',assertion mismatch,1
python,pypa-setuptools,setuptools.tests.test_editable_install,test_editable_with_pyproject[lenient-files1],M,failed on setup with &quot;worker 'gw4' crashed while running 'setuptools/tests/test_editable_install.py::test_editable_with_pyproject[lenient-files1]'&quot;,other,1
python,pypa-setuptools,setuptools.tests.test_editable_install,test_editable_with_pyproject[lenient-files1],M,failed on setup with &quot;worker 'gw6' crashed while running 'setuptools/tests/test_editable_install.py::test_editable_with_pyproject[lenient-files1]'&quot;,other,1
python,pypa-setuptools,setuptools.tests.test_editable_install,test_editable_with_pyproject[lenient-files1],M,failed on setup with &quot;worker 'gw15' crashed while running 'setuptools/tests/test_editable_install.py::test_editable_with_pyproject[lenient-files1]'&quot;,other,1
python,pypa-setuptools,setuptools.tests.test_editable_install,test_editable_with_pyproject[lenient-files1],M,failed on setup with &quot;worker 'gw11' crashed while running 'setuptools/tests/test_editable_install.py::test_editable_with_pyproject[lenient-files1]'&quot;,other,1
python,pypa-setuptools,setuptools.tests.test_editable_install,test_editable_with_pyproject[strict-files0],M,failed on setup with &quot;worker 'gw13' crashed while running 'setuptools/tests/test_editable_install.py::test_editable_with_pyproject[strict-files0]'&quot;,other,1
python,pypa-setuptools,setuptools.tests.test_editable_install,test_editable_with_pyproject[strict-files0],M,failed on setup with &quot;worker 'gw5' crashed while running 'setuptools/tests/test_editable_install.py::test_editable_with_pyproject[strict-files0]'&quot;,other,1
python,pypa-setuptools,setuptools.tests.test_editable_install,test_editable_with_pyproject[strict-files0],M,failed on setup with &quot;worker 'gw4' crashed while running 'setuptools/tests/test_editable_install.py::test_editable_with_pyproject[strict-files0]'&quot;,other,1
python,pypa-setuptools,setuptools.tests.test_editable_install,test_editable_with_pyproject[strict-files0],M,failed on setup with &quot;worker 'gw7' crashed while running 'setuptools/tests/test_editable_install.py::test_editable_with_pyproject[strict-files0]'&quot;,other,1
python,pypa-setuptools,setuptools.tests.test_editable_install,test_editable_with_pyproject[strict-files0],N,AssertionError: assert b'3.14159.post0 foobar' == b'3.14159.post0 foobar 42'&#10;  Full diff:&#10;  - b'3.14159.post0 foobar 42'&#10;  ?                       ---&#10;  + b'3.14159.post0 foobar',assertion mismatch,1
python,pypa-setuptools,setuptools.tests.test_editable_install,test_editable_with_pyproject[strict-files1],M,failed on setup with &quot;worker 'gw2' crashed while running 'setuptools/tests/test_editable_install.py::test_editable_with_pyproject[strict-files1]'&quot;,other,2
python,pypa-setuptools,setuptools.tests.test_editable_install,test_editable_with_pyproject[strict-files1],M,failed on setup with &quot;worker 'gw4' crashed while running 'setuptools/tests/test_editable_install.py::test_editable_with_pyproject[strict-files1]'&quot;,other,2
python,pypa-setuptools,setuptools.tests.test_editable_install,test_editable_with_pyproject[strict-files1],M,failed on setup with &quot;worker 'gw10' crashed while running 'setuptools/tests/test_editable_install.py::test_editable_with_pyproject[strict-files1]'&quot;,other,1
python,pypa-setuptools,setuptools.tests.test_editable_install,test_editable_with_pyproject[strict-files1],M,failed on setup with &quot;worker 'gw11' crashed while running 'setuptools/tests/test_editable_install.py::test_editable_with_pyproject[strict-files1]'&quot;,other,1
python,pypa-setuptools,setuptools.tests.test_editable_install,test_editable_with_pyproject[strict-files1],M,failed on setup with &quot;worker 'gw7' crashed while running 'setuptools/tests/test_editable_install.py::test_editable_with_pyproject[strict-files1]'&quot;,other,1
python,pypa-setuptools,setuptools.tests.test_editable_install,test_editable_with_single_module[lenient],M,failed on setup with &quot;worker 'gw8' crashed while running 'setuptools/tests/test_editable_install.py::test_editable_with_single_module[lenient]'&quot;,other,1
python,pypa-setuptools,setuptools.tests.test_editable_install,test_editable_with_single_module[lenient],M,failed on setup with &quot;worker 'gw2' crashed while running 'setuptools/tests/test_editable_install.py::test_editable_with_single_module[lenient]'&quot;,other,1
python,pypa-setuptools,setuptools.tests.test_editable_install,test_editable_with_single_module[lenient],M,failed on setup with &quot;worker 'gw11' crashed while running 'setuptools/tests/test_editable_install.py::test_editable_with_single_module[lenient]'&quot;,other,1
python,pypa-setuptools,setuptools.tests.test_editable_install,test_editable_with_single_module[strict],M,failed on setup with &quot;worker 'gw2' crashed while running 'setuptools/tests/test_editable_install.py::test_editable_with_single_module[strict]'&quot;,other,1
python,pypa-setuptools,setuptools.tests.test_editable_install,test_editable_with_single_module[strict],M,failed on setup with &quot;worker 'gw5' crashed while running 'setuptools/tests/test_editable_install.py::test_editable_with_single_module[strict]'&quot;,other,1
python,pypa-setuptools,setuptools.tests.test_editable_install,test_pbr_integration[lenient],M,failed on setup with &quot;worker 'gw15' crashed while running 'setuptools/tests/test_editable_install.py::test_pbr_integration[lenient]'&quot;,other,1
python,pypa-setuptools,setuptools.tests.test_editable_install,test_pbr_integration[lenient],N,"failed on setup with &quot;subprocess.CalledProcessError: Command '['/project_venv/flapy_virtual_env/bin/python', '-m', 'build', '--wheel', '--outdir', '/tmp/pytest-of-root/pytest-5/wheel_build', '/workdir/pypa-setuptools']' returned non-zero exit status 1.&quot;",other,1
python,pypa-setuptools,setuptools.tests.test_editable_install,test_pbr_integration[strict],M,failed on setup with &quot;worker 'gw8' crashed while running 'setuptools/tests/test_editable_install.py::test_pbr_integration[strict]'&quot;,other,1
python,pypa-setuptools,setuptools.tests.test_editable_install,test_pbr_integration[strict],N,"failed on setup with &quot;subprocess.CalledProcessError: Command '['/project_venv/flapy_virtual_env/bin/python', '-m', 'build', '--wheel', '--outdir', '/tmp/pytest-of-root/pytest-5/wheel_build', '/workdir/pypa-setuptools']' returned non-zero exit status 1.&quot;",other,1
python,pypa-setuptools,setuptools.tests.test_editable_install.TestCustomBuildPy,test_safeguarded_from_errors,M,failed on setup with &quot;worker 'gw2' crashed while running 'setuptools/tests/test_editable_install.py::TestCustomBuildPy::test_safeguarded_from_errors'&quot;,other,2
python,pypa-setuptools,setuptools.tests.test_editable_install.TestCustomBuildPy,test_safeguarded_from_errors,M,failed on setup with &quot;worker 'gw1' crashed while running 'setuptools/tests/test_editable_install.py::TestCustomBuildPy::test_safeguarded_from_errors'&quot;,other,1
python,pypa-setuptools,setuptools.tests.test_editable_install.TestCustomBuildPy,test_safeguarded_from_errors,M,failed on setup with &quot;worker 'gw5' crashed while running 'setuptools/tests/test_editable_install.py::TestCustomBuildPy::test_safeguarded_from_errors'&quot;,other,1
python,pypa-setuptools,setuptools.tests.test_editable_install.TestCustomBuildPy,test_safeguarded_from_errors,N,"failed on setup with &quot;subprocess.CalledProcessError: Command '['/project_venv/flapy_virtual_env/bin/python', '-m', 'build', '--wheel', '--outdir', '/tmp/pytest-of-root/pytest-5/wheel_build', '/workdir/pypa-setuptools']' returned non-zero exit status 1.&quot;",other,1
python,pypa-setuptools,setuptools.tests.test_editable_install.TestLegacyNamespaces,test_namespace_package_importable[strict],M,failed on setup with &quot;worker 'gw8' crashed while running 'setuptools/tests/test_editable_install.py::TestLegacyNamespaces::test_namespace_package_importable[strict]'&quot;,other,1
python,pypa-setuptools,setuptools.tests.test_editable_install.TestLegacyNamespaces,test_namespace_package_importable[strict],M,failed on setup with &quot;worker 'gw17' crashed while running 'setuptools/tests/test_editable_install.py::TestLegacyNamespaces::test_namespace_package_importable[strict]'&quot;,other,1
python,pypa-setuptools,setuptools.tests.test_editable_install.TestLegacyNamespaces,test_namespace_package_importable[strict],M,failed on setup with &quot;worker 'gw6' crashed while running 'setuptools/tests/test_editable_install.py::TestLegacyNamespaces::test_namespace_package_importable[strict]'&quot;,other,1
python,pypa-setuptools,setuptools.tests.test_editable_install.TestLegacyNamespaces,test_namespace_package_importable[strict],M,failed on setup with &quot;worker 'gw13' crashed while running 'setuptools/tests/test_editable_install.py::TestLegacyNamespaces::test_namespace_package_importable[strict]'&quot;,other,1
python,pypa-setuptools,setuptools.tests.test_editable_install.TestLinkTree,test_strict_install,M,failed on setup with &quot;worker 'gw11' crashed while running 'setuptools/tests/test_editable_install.py::TestLinkTree::test_strict_install'&quot;,other,2
python,pypa-setuptools,setuptools.tests.test_editable_install.TestLinkTree,test_strict_install,M,failed on setup with &quot;worker 'gw2' crashed while running 'setuptools/tests/test_editable_install.py::TestLinkTree::test_strict_install'&quot;,other,1
python,pypa-setuptools,setuptools.tests.test_editable_install.TestLinkTree,test_strict_install,M,failed on setup with &quot;worker 'gw12' crashed while running 'setuptools/tests/test_editable_install.py::TestLinkTree::test_strict_install'&quot;,other,1
python,pypa-setuptools,setuptools.tests.test_editable_install.TestLinkTree,test_strict_install,N,"failed on setup with &quot;subprocess.CalledProcessError: Command '['/project_venv/flapy_virtual_env/bin/python', '-m', 'build', '--wheel', '--outdir', '/tmp/pytest-of-root/pytest-5/wheel_build', '/workdir/pypa-setuptools']' returned non-zero exit status 1.&quot;",other,1
python,pypa-setuptools,setuptools.tests.test_editable_install.TestOverallBehaviour,test_editable_install[lenient-custom-layout],M,failed on setup with &quot;worker 'gw10' crashed while running 'setuptools/tests/test_editable_install.py::TestOverallBehaviour::test_editable_install[lenient-custom-layout]'&quot;,other,1
python,pypa-setuptools,setuptools.tests.test_editable_install.TestOverallBehaviour,test_editable_install[lenient-custom-layout],M,failed on setup with &quot;worker 'gw2' crashed while running 'setuptools/tests/test_editable_install.py::TestOverallBehaviour::test_editable_install[lenient-custom-layout]'&quot;,other,1
python,pypa-setuptools,setuptools.tests.test_editable_install.TestOverallBehaviour,test_editable_install[lenient-custom-layout],M,failed on setup with &quot;worker 'gw6' crashed while running 'setuptools/tests/test_editable_install.py::TestOverallBehaviour::test_editable_install[lenient-custom-layout]'&quot;,other,1
python,pypa-setuptools,setuptools.tests.test_editable_install.TestOverallBehaviour,test_editable_install[lenient-custom-layout],M,failed on setup with &quot;worker 'gw17' crashed while running 'setuptools/tests/test_editable_install.py::TestOverallBehaviour::test_editable_install[lenient-custom-layout]'&quot;,other,1
python,pypa-setuptools,setuptools.tests.test_editable_install.TestOverallBehaviour,test_editable_install[lenient-custom-layout],N,"failed on setup with &quot;subprocess.CalledProcessError: Command '['/project_venv/flapy_virtual_env/bin/python', '-m', 'build', '--wheel', '--outdir', '/tmp/pytest-of-root/pytest-5/wheel_build', '/workdir/pypa-setuptools']' returned non-zero exit status 1.&quot;",other,1
python,pypa-setuptools,setuptools.tests.test_editable_install.TestOverallBehaviour,test_editable_install[lenient-namespace],M,failed on setup with &quot;worker 'gw8' crashed while running 'setuptools/tests/test_editable_install.py::TestOverallBehaviour::test_editable_install[lenient-namespace]'&quot;,other,1
python,pypa-setuptools,setuptools.tests.test_editable_install.TestOverallBehaviour,test_editable_install[lenient-namespace],N,AssertionError: assert b'17 781' in b'42 781\n',assertion mismatch,2
python,pypa-setuptools,setuptools.tests.test_editable_install.TestOverallBehaviour,test_editable_install[lenient-namespace],N,"failed on setup with &quot;subprocess.CalledProcessError: Command '['/project_venv/flapy_virtual_env/bin/python', '-m', 'build', '--wheel', '--outdir', '/tmp/pytest-of-root/pytest-5/wheel_build', '/workdir/pypa-setuptools']' returned non-zero exit status 1.&quot;",other,1
python,pypa-setuptools,setuptools.tests.test_editable_install.TestOverallBehaviour,test_editable_install[lenient-src-layout],M,failed on setup with &quot;worker 'gw7' crashed while running 'setuptools/tests/test_editable_install.py::TestOverallBehaviour::test_editable_install[lenient-src-layout]'&quot;,other,1
python,pypa-setuptools,setuptools.tests.test_editable_install.TestOverallBehaviour,test_editable_install[lenient-src-layout],M,failed on setup with &quot;worker 'gw2' crashed while running 'setuptools/tests/test_editable_install.py::TestOverallBehaviour::test_editable_install[lenient-src-layout]'&quot;,other,1
python,pypa-setuptools,setuptools.tests.test_editable_install.TestOverallBehaviour,test_editable_install[lenient-src-layout],M,failed on setup with &quot;worker 'gw8' crashed while running 'setuptools/tests/test_editable_install.py::TestOverallBehaviour::test_editable_install[lenient-src-layout]'&quot;,other,1
python,pypa-setuptools,setuptools.tests.test_editable_install.TestOverallBehaviour,test_editable_install[lenient-src-layout],N,"failed on setup with &quot;subprocess.CalledProcessError: Command '['/project_venv/flapy_virtual_env/bin/python', '-m', 'build', '--wheel', '--outdir', '/tmp/pytest-of-root/pytest-5/wheel_build', '/workdir/pypa-setuptools']' returned non-zero exit status 1.&quot;",other,1
python,pypa-setuptools,setuptools.tests.test_editable_install.TestOverallBehaviour,test_editable_install[strict-custom-layout],M,failed on setup with &quot;worker 'gw14' crashed while running 'setuptools/tests/test_editable_install.py::TestOverallBehaviour::test_editable_install[strict-custom-layout]'&quot;,other,1
python,pypa-setuptools,setuptools.tests.test_editable_install.TestOverallBehaviour,test_editable_install[strict-custom-layout],N,AssertionError: assert b'17 781' in b'42 781\n',assertion mismatch,1
python,pypa-setuptools,setuptools.tests.test_editable_install.TestOverallBehaviour,test_editable_install[strict-custom-layout],N,"failed on setup with &quot;subprocess.CalledProcessError: Command '['/project_venv/flapy_virtual_env/bin/python', '-m', 'build', '--wheel', '--outdir', '/tmp/pytest-of-root/pytest-5/wheel_build', '/workdir/pypa-setuptools']' returned non-zero exit status 1.&quot;",other,1
python,pypa-setuptools,setuptools.tests.test_editable_install.TestOverallBehaviour,test_editable_install[strict-flat-layout],M,failed on setup with &quot;worker 'gw6' crashed while running 'setuptools/tests/test_editable_install.py::TestOverallBehaviour::test_editable_install[strict-flat-layout]'&quot;,other,1
python,pypa-setuptools,setuptools.tests.test_editable_install.TestOverallBehaviour,test_editable_install[strict-flat-layout],M,failed on setup with &quot;worker 'gw4' crashed while running 'setuptools/tests/test_editable_install.py::TestOverallBehaviour::test_editable_install[strict-flat-layout]'&quot;,other,1
python,pypa-setuptools,setuptools.tests.test_editable_install.TestOverallBehaviour,test_editable_install[strict-flat-layout],M,failed on setup with &quot;worker 'gw8' crashed while running 'setuptools/tests/test_editable_install.py::TestOverallBehaviour::test_editable_install[strict-flat-layout]'&quot;,other,1
python,pypa-setuptools,setuptools.tests.test_editable_install.TestOverallBehaviour,test_editable_install[strict-flat-layout],M,failed on setup with &quot;worker 'gw9' crashed while running 'setuptools/tests/test_editable_install.py::TestOverallBehaviour::test_editable_install[strict-flat-layout]'&quot;,other,1
python,pypa-setuptools,setuptools.tests.test_editable_install.TestOverallBehaviour,test_editable_install[strict-flat-layout],N,"failed on setup with &quot;subprocess.CalledProcessError: Command '['/project_venv/flapy_virtual_env/bin/python', '-m', 'build', '--wheel', '--outdir', '/tmp/pytest-of-root/pytest-5/wheel_build', '/workdir/pypa-setuptools']' returned non-zero exit status 1.&quot;",other,1
python,pypa-setuptools,setuptools.tests.test_editable_install.TestOverallBehaviour,test_editable_install[strict-namespace],M,failed on setup with &quot;worker 'gw7' crashed while running 'setuptools/tests/test_editable_install.py::TestOverallBehaviour::test_editable_install[strict-namespace]'&quot;,other,2
python,pypa-setuptools,setuptools.tests.test_editable_install.TestOverallBehaviour,test_editable_install[strict-namespace],N,AssertionError: assert b'17 781' in b'42 781\n',assertion mismatch,2
python,pypa-setuptools,setuptools.tests.test_editable_install.TestOverallBehaviour,test_editable_install[strict-namespace],N,"failed on setup with &quot;subprocess.CalledProcessError: Command '['/project_venv/flapy_virtual_env/bin/python', '-m', 'build', '--wheel', '--outdir', '/tmp/pytest-of-root/pytest-5/wheel_build', '/workdir/pypa-setuptools']' returned non-zero exit status 1.&quot;",other,1
python,pypa-setuptools,setuptools.tests.test_editable_install.TestOverallBehaviour,test_editable_install[strict-src-layout],M,failed on setup with &quot;worker 'gw2' crashed while running 'setuptools/tests/test_editable_install.py::TestOverallBehaviour::test_editable_install[strict-src-layout]'&quot;,other,1
python,pypa-setuptools,setuptools.tests.test_editable_install.TestOverallBehaviour,test_editable_install[strict-src-layout],N,"failed on setup with &quot;subprocess.CalledProcessError: Command '['/project_venv/flapy_virtual_env/bin/python', '-m', 'build', '--wheel', '--outdir', '/tmp/pytest-of-root/pytest-5/wheel_build', '/workdir/pypa-setuptools']' returned non-zero exit status 1.&quot;",other,1
python,pypa-setuptools,setuptools.tests.test_editable_install.TestPep420Namespaces,test_namespace_accidental_config_in_lenient_mode,M,failed on setup with &quot;worker 'gw10' crashed while running 'setuptools/tests/test_editable_install.py::TestPep420Namespaces::test_namespace_accidental_config_in_lenient_mode'&quot;,other,1
python,pypa-setuptools,setuptools.tests.test_editable_install.TestPep420Namespaces,test_namespace_accidental_config_in_lenient_mode,M,failed on setup with &quot;worker 'gw9' crashed while running 'setuptools/tests/test_editable_install.py::TestPep420Namespaces::test_namespace_accidental_config_in_lenient_mode'&quot;,other,1
python,pypa-setuptools,setuptools.tests.test_editable_install.TestPep420Namespaces,test_namespace_created_via_package_dir[lenient],M,failed on setup with &quot;worker 'gw4' crashed while running 'setuptools/tests/test_editable_install.py::TestPep420Namespaces::test_namespace_created_via_package_dir[lenient]'&quot;,other,1
python,pypa-setuptools,setuptools.tests.test_editable_install.TestPep420Namespaces,test_namespace_created_via_package_dir[strict],M,failed on setup with &quot;worker 'gw12' crashed while running 'setuptools/tests/test_editable_install.py::TestPep420Namespaces::test_namespace_created_via_package_dir[strict]'&quot;,other,1
python,pypa-setuptools,setuptools.tests.test_editable_install.TestPep420Namespaces,test_namespace_created_via_package_dir[strict],M,failed on setup with &quot;worker 'gw4' crashed while running 'setuptools/tests/test_editable_install.py::TestPep420Namespaces::test_namespace_created_via_package_dir[strict]'&quot;,other,1
python,pypa-setuptools,setuptools.tests.test_editable_install.TestPep420Namespaces,test_namespace_created_via_package_dir[strict],M,failed on setup with &quot;worker 'gw7' crashed while running 'setuptools/tests/test_editable_install.py::TestPep420Namespaces::test_namespace_created_via_package_dir[strict]'&quot;,other,1
python,pypa-setuptools,setuptools.tests.test_editable_install.TestPep420Namespaces,test_namespace_package_importable[lenient],M,failed on setup with &quot;worker 'gw5' crashed while running 'setuptools/tests/test_editable_install.py::TestPep420Namespaces::test_namespace_package_importable[lenient]'&quot;,other,1
python,pypa-setuptools,setuptools.tests.test_editable_install.TestPep420Namespaces,test_namespace_package_importable[lenient],M,failed on setup with &quot;worker 'gw16' crashed while running 'setuptools/tests/test_editable_install.py::TestPep420Namespaces::test_namespace_package_importable[lenient]'&quot;,other,1
python,pypa-setuptools,setuptools.tests.test_editable_install.TestPep420Namespaces,test_namespace_package_importable[strict],M,failed on setup with &quot;worker 'gw6' crashed while running 'setuptools/tests/test_editable_install.py::TestPep420Namespaces::test_namespace_package_importable[strict]'&quot;,other,1
python,pypa-setuptools,setuptools.tests.test_editable_install.TestPep420Namespaces,test_namespace_package_importable[strict],M,failed on setup with &quot;worker 'gw14' crashed while running 'setuptools/tests/test_editable_install.py::TestPep420Namespaces::test_namespace_package_importable[strict]'&quot;,other,1
python,pypa-setuptools,setuptools.tests.test_egg_info.TestEggInfo,test_project_urls,M,failed on setup with &quot;worker 'gw0' crashed while running 'setuptools/tests/test_egg_info.py::TestEggInfo::test_project_urls'&quot;,other,1
python,pypa-setuptools,setuptools.tests.test_egg_info.TestEggInfo,test_rebuilt,M,failed on setup with &quot;worker 'gw1' crashed while running 'setuptools/tests/test_egg_info.py::TestEggInfo::test_rebuilt'&quot;,other,1
python,pypa-setuptools,setuptools.tests.test_egg_info.TestEggInfo,test_setup_cfg_license_file_license_files[no_default_glob_patterns],M,failed on setup with &quot;worker 'gw4' crashed while running 'setuptools/tests/test_egg_info.py::TestEggInfo::test_setup_cfg_license_file_license_files[no_default_glob_patterns]'&quot;,other,1
python,pypa-setuptools,setuptools.tests.test_namespaces.TestNamespaces,test_mixed_site_and_non_site,M,failed on setup with &quot;worker 'gw4' crashed while running 'setuptools/tests/test_namespaces.py::TestNamespaces::test_mixed_site_and_non_site'&quot;,other,3
python,pypa-setuptools,setuptools.tests.test_namespaces.TestNamespaces,test_mixed_site_and_non_site,M,failed on setup with &quot;worker 'gw5' crashed while running 'setuptools/tests/test_namespaces.py::TestNamespaces::test_mixed_site_and_non_site'&quot;,other,1
python,pypa-setuptools,setuptools.tests.test_namespaces.TestNamespaces,test_namespace_package_installed_and_cwd,M,failed on setup with &quot;worker 'gw8' crashed while running 'setuptools/tests/test_namespaces.py::TestNamespaces::test_namespace_package_installed_and_cwd'&quot;,other,1
python,pypa-setuptools,setuptools.tests.test_namespaces.TestNamespaces,test_packages_in_the_same_namespace_installed_and_cwd,M,failed on setup with &quot;worker 'gw3' crashed while running 'setuptools/tests/test_namespaces.py::TestNamespaces::test_packages_in_the_same_namespace_installed_and_cwd'&quot;,other,2
python,pypa-setuptools,setuptools.tests.test_namespaces.TestNamespaces,test_packages_in_the_same_namespace_installed_and_cwd,M,failed on setup with &quot;worker 'gw4' crashed while running 'setuptools/tests/test_namespaces.py::TestNamespaces::test_packages_in_the_same_namespace_installed_and_cwd'&quot;,other,1
python,pypa-setuptools,setuptools.tests.test_namespaces.TestNamespaces,test_pkg_resources_import,M,failed on setup with &quot;worker 'gw0' crashed while running 'setuptools/tests/test_namespaces.py::TestNamespaces::test_pkg_resources_import'&quot;,other,2
python,pypa-setuptools,setuptools.tests.test_namespaces.TestNamespaces,test_pkg_resources_import,M,failed on setup with &quot;worker 'gw3' crashed while running 'setuptools/tests/test_namespaces.py::TestNamespaces::test_pkg_resources_import'&quot;,other,1
python,pypa-setuptools,setuptools.tests.test_namespaces.TestNamespaces,test_pkg_resources_import,M,failed on setup with &quot;worker 'gw6' crashed while running 'setuptools/tests/test_namespaces.py::TestNamespaces::test_pkg_resources_import'&quot;,other,1
python,pypa-setuptools,setuptools.tests.test_sdist.TestSdistTest,test_build_subcommand_source_files,M,failed on setup with &quot;worker 'gw4' crashed while running 'setuptools/tests/test_sdist.py::TestSdistTest::test_build_subcommand_source_files'&quot;,other,1
python,pypa-setuptools,setuptools.tests.test_setuptools,test_its_own_wheel_does_not_contain_tests,N,"failed on setup with &quot;subprocess.CalledProcessError: Command '['/project_venv/flapy_virtual_env/bin/python', '-m', 'build', '--wheel', '--outdir', '/tmp/pytest-of-root/pytest-5/wheel_build', '/workdir/pypa-setuptools']' returned non-zero exit status 1.&quot;",other,1
python,pypa-setuptools,setuptools.tests.test_virtualenv,test_clean_env_install,M,failed on setup with &quot;worker 'gw4' crashed while running 'setuptools/tests/test_virtualenv.py::test_clean_env_install'&quot;,other,3
python,pypa-setuptools,setuptools.tests.test_virtualenv,test_clean_env_install,M,failed on setup with &quot;worker 'gw0' crashed while running 'setuptools/tests/test_virtualenv.py::test_clean_env_install'&quot;,other,1
python,pypa-setuptools,setuptools.tests.test_virtualenv,test_clean_env_install,N,"failed on setup with &quot;subprocess.CalledProcessError: Command '['/project_venv/flapy_virtual_env/bin/python', '-m', 'build', '--wheel', '--outdir', '/tmp/pytest-of-root/pytest-5/wheel_build', '/workdir/pypa-setuptools']' returned non-zero exit status 1.&quot;",other,1
python,pypa-setuptools,setuptools.tests.test_virtualenv,test_no_missing_dependencies,M,failed on setup with &quot;worker 'gw19' crashed while running 'setuptools/tests/test_virtualenv.py::test_no_missing_dependencies'&quot;,other,1
python,pypa-setuptools,setuptools.tests.test_virtualenv,test_no_missing_dependencies,N,"failed on setup with &quot;subprocess.CalledProcessError: Command '['/project_venv/flapy_virtual_env/bin/python', '-m', 'build', '--wheel', '--outdir', '/tmp/pytest-of-root/pytest-5/wheel_build', '/workdir/pypa-setuptools']' returned non-zero exit status 1.&quot;",other,1
python,pypa-setuptools,setuptools.tests.test_virtualenv,test_pip_upgrade_from_source[None],M,failed on setup with &quot;worker 'gw4' crashed while running 'setuptools/tests/test_virtualenv.py::test_pip_upgrade_from_source[None]'&quot;,other,3
python,pypa-setuptools,setuptools.tests.test_virtualenv,test_pip_upgrade_from_source[None],M,failed on setup with &quot;worker 'gw3' crashed while running 'setuptools/tests/test_virtualenv.py::test_pip_upgrade_from_source[None]'&quot;,other,3
python,pypa-setuptools,setuptools.tests.test_virtualenv,test_pip_upgrade_from_source[None],M,failed on setup with &quot;worker 'gw7' crashed while running 'setuptools/tests/test_virtualenv.py::test_pip_upgrade_from_source[None]'&quot;,other,1
python,pypa-setuptools,setuptools.tests.test_virtualenv,test_pip_upgrade_from_source[None],N,"failed on setup with &quot;subprocess.CalledProcessError: Command '['/project_venv/flapy_virtual_env/bin/python', '-m', 'build', '--wheel', '--outdir', '/tmp/pytest-of-root/pytest-5/wheel_build', '/workdir/pypa-setuptools']' returned non-zero exit status 1.&quot;",other,1
python,pypa-setuptools,setuptools.tests.test_virtualenv,test_pip_upgrade_from_source[pip&lt;20.1],M,failed on setup with &quot;worker 'gw3' crashed while running 'setuptools/tests/test_virtualenv.py::test_pip_upgrade_from_source[pip&lt;20.1]'&quot;,other,2
python,pypa-setuptools,setuptools.tests.test_virtualenv,test_pip_upgrade_from_source[pip&lt;20.1],M,failed on setup with &quot;worker 'gw4' crashed while running 'setuptools/tests/test_virtualenv.py::test_pip_upgrade_from_source[pip&lt;20.1]'&quot;,other,2
python,pypa-setuptools,setuptools.tests.test_virtualenv,test_pip_upgrade_from_source[pip&lt;20.1],M,failed on setup with &quot;worker 'gw6' crashed while running 'setuptools/tests/test_virtualenv.py::test_pip_upgrade_from_source[pip&lt;20.1]'&quot;,other,1
python,pypa-setuptools,setuptools.tests.test_virtualenv,test_pip_upgrade_from_source[pip&lt;20.1],M,failed on setup with &quot;worker 'gw9' crashed while running 'setuptools/tests/test_virtualenv.py::test_pip_upgrade_from_source[pip&lt;20.1]'&quot;,other,1
python,pypa-setuptools,setuptools.tests.test_virtualenv,test_pip_upgrade_from_source[pip&lt;20.1],N,"failed on setup with &quot;subprocess.CalledProcessError: Command '['/project_venv/flapy_virtual_env/bin/python', '-m', 'build', '--wheel', '--outdir', '/tmp/pytest-of-root/pytest-5/wheel_build', '/workdir/pypa-setuptools']' returned non-zero exit status 1.&quot;",other,1
python,pypa-setuptools,setuptools.tests.test_virtualenv,test_pip_upgrade_from_source[pip&lt;21],M,failed on setup with &quot;worker 'gw5' crashed while running 'setuptools/tests/test_virtualenv.py::test_pip_upgrade_from_source[pip&lt;21]'&quot;,other,2
python,pypa-setuptools,setuptools.tests.test_virtualenv,test_pip_upgrade_from_source[pip&lt;21],M,failed on setup with &quot;worker 'gw3' crashed while running 'setuptools/tests/test_virtualenv.py::test_pip_upgrade_from_source[pip&lt;21]'&quot;,other,1
python,pypa-setuptools,setuptools.tests.test_virtualenv,test_pip_upgrade_from_source[pip&lt;21],M,failed on setup with &quot;worker 'gw4' crashed while running 'setuptools/tests/test_virtualenv.py::test_pip_upgrade_from_source[pip&lt;21]'&quot;,other,1
python,pypa-setuptools,setuptools.tests.test_virtualenv,test_pip_upgrade_from_source[pip&lt;21],M,failed on setup with &quot;worker 'gw9' crashed while running 'setuptools/tests/test_virtualenv.py::test_pip_upgrade_from_source[pip&lt;21]'&quot;,other,1
python,pypa-setuptools,setuptools.tests.test_virtualenv,test_pip_upgrade_from_source[pip&lt;21],M,failed on setup with &quot;worker 'gw2' crashed while running 'setuptools/tests/test_virtualenv.py::test_pip_upgrade_from_source[pip&lt;21]'&quot;,other,1
python,pypa-setuptools,setuptools.tests.test_virtualenv,test_pip_upgrade_from_source[pip&lt;21],M,failed on setup with &quot;worker 'gw12' crashed while running 'setuptools/tests/test_virtualenv.py::test_pip_upgrade_from_source[pip&lt;21]'&quot;,other,1
python,pypa-setuptools,setuptools.tests.test_virtualenv,test_pip_upgrade_from_source[pip&lt;21],N,"failed on setup with &quot;subprocess.CalledProcessError: Command '['/project_venv/flapy_virtual_env/bin/python', '-m', 'build', '--wheel', '--outdir', '/tmp/pytest-of-root/pytest-5/wheel_build', '/workdir/pypa-setuptools']' returned non-zero exit status 1.&quot;",other,1
python,pypa-setuptools,setuptools.tests.test_virtualenv,test_pip_upgrade_from_source[pip&lt;22],M,failed on setup with &quot;worker 'gw5' crashed while running 'setuptools/tests/test_virtualenv.py::test_pip_upgrade_from_source[pip&lt;22]'&quot;,other,2
python,pypa-setuptools,setuptools.tests.test_virtualenv,test_pip_upgrade_from_source[pip&lt;22],M,failed on setup with &quot;worker 'gw3' crashed while running 'setuptools/tests/test_virtualenv.py::test_pip_upgrade_from_source[pip&lt;22]'&quot;,other,1
python,pypa-setuptools,setuptools.tests.test_virtualenv,test_pip_upgrade_from_source[pip&lt;22],M,failed on setup with &quot;worker 'gw12' crashed while running 'setuptools/tests/test_virtualenv.py::test_pip_upgrade_from_source[pip&lt;22]'&quot;,other,1
python,pypa-setuptools,setuptools.tests.test_virtualenv,test_pip_upgrade_from_source[pip&lt;22],M,failed on setup with &quot;worker 'gw7' crashed while running 'setuptools/tests/test_virtualenv.py::test_pip_upgrade_from_source[pip&lt;22]'&quot;,other,1
python,pypa-setuptools,setuptools.tests.test_virtualenv,test_pip_upgrade_from_source[pip&lt;22],M,failed on setup with &quot;worker 'gw10' crashed while running 'setuptools/tests/test_virtualenv.py::test_pip_upgrade_from_source[pip&lt;22]'&quot;,other,1
python,pypa-setuptools,setuptools.tests.test_virtualenv,test_pip_upgrade_from_source[pip&lt;22],M,failed on setup with &quot;worker 'gw11' crashed while running 'setuptools/tests/test_virtualenv.py::test_pip_upgrade_from_source[pip&lt;22]'&quot;,other,1
python,pypa-setuptools,setuptools.tests.test_virtualenv,test_pip_upgrade_from_source[pip&lt;22],N,"failed on setup with &quot;subprocess.CalledProcessError: Command '['/project_venv/flapy_virtual_env/bin/python', '-m', 'build', '--wheel', '--outdir', '/tmp/pytest-of-root/pytest-5/wheel_build', '/workdir/pypa-setuptools']' returned non-zero exit status 1.&quot;",other,1
python,pypa-setuptools,setuptools.tests.test_virtualenv,test_pip_upgrade_from_source[pip&lt;23],M,failed on setup with &quot;worker 'gw5' crashed while running 'setuptools/tests/test_virtualenv.py::test_pip_upgrade_from_source[pip&lt;23]'&quot;,other,2
python,pypa-setuptools,setuptools.tests.test_virtualenv,test_pip_upgrade_from_source[pip&lt;23],M,failed on setup with &quot;worker 'gw8' crashed while running 'setuptools/tests/test_virtualenv.py::test_pip_upgrade_from_source[pip&lt;23]'&quot;,other,1
python,pypa-setuptools,setuptools.tests.test_virtualenv,test_pip_upgrade_from_source[pip&lt;23],M,failed on setup with &quot;worker 'gw11' crashed while running 'setuptools/tests/test_virtualenv.py::test_pip_upgrade_from_source[pip&lt;23]'&quot;,other,1
python,pypa-setuptools,setuptools.tests.test_virtualenv,test_pip_upgrade_from_source[pip&lt;23],M,failed on setup with &quot;worker 'gw6' crashed while running 'setuptools/tests/test_virtualenv.py::test_pip_upgrade_from_source[pip&lt;23]'&quot;,other,1
python,pypa-setuptools,setuptools.tests.test_virtualenv,test_pip_upgrade_from_source[pip&lt;23],N,"failed on setup with &quot;subprocess.CalledProcessError: Command '['/project_venv/flapy_virtual_env/bin/python', '-m', 'build', '--wheel', '--outdir', '/tmp/pytest-of-root/pytest-5/wheel_build', '/workdir/pypa-setuptools']' returned non-zero exit status 1.&quot;",other,1
python,pypa-setuptools,setuptools.tests.test_virtualenv,test_test_command_install_requirements,M,failed on setup with &quot;worker 'gw9' crashed while running 'setuptools/tests/test_virtualenv.py::test_test_command_install_requirements'&quot;,other,2
python,pypa-setuptools,setuptools.tests.test_virtualenv,test_test_command_install_requirements,M,failed on setup with &quot;worker 'gw5' crashed while running 'setuptools/tests/test_virtualenv.py::test_test_command_install_requirements'&quot;,other,2
python,pypa-setuptools,setuptools.tests.test_virtualenv,test_test_command_install_requirements,M,failed on setup with &quot;worker 'gw7' crashed while running 'setuptools/tests/test_virtualenv.py::test_test_command_install_requirements'&quot;,other,2
python,pypa-setuptools,setuptools.tests.test_virtualenv,test_test_command_install_requirements,M,failed on setup with &quot;worker 'gw10' crashed while running 'setuptools/tests/test_virtualenv.py::test_test_command_install_requirements'&quot;,other,1
python,pypa-setuptools,setuptools.tests.test_virtualenv,test_test_command_install_requirements,N,"failed on setup with &quot;subprocess.CalledProcessError: Command '['/project_venv/flapy_virtual_env/bin/python', '-m', 'build', '--wheel', '--outdir', '/tmp/pytest-of-root/pytest-5/wheel_build', '/workdir/pypa-setuptools']' returned non-zero exit status 1.&quot;",other,1
python,pypa-setuptools,setuptools.tests.test_wheel,test_wheel_install[namespace_package],M,failed on setup with &quot;worker 'gw4' crashed while running 'setuptools/tests/test_wheel.py::test_wheel_install[namespace_package]'&quot;,other,1
python,pypa-setuptools,setuptools.tests.test_wheel,test_wheel_install[requires5],M,failed on setup with &quot;worker 'gw3' crashed while running 'setuptools/tests/test_wheel.py::test_wheel_install[requires5]'&quot;,other,1
